ISO-10303-21;
HEADER;
/* Generated by software containing ST-Developer
 * from STEP Tools, Inc. (www.steptools.com) 
 */
/* OPTION: using custom renumber hook */

FILE_DESCRIPTION(
/* description */ ('STEP AP242 Edition 2',
'CAx-IF Rec.Pracs.---Representation and Presentation of Product Manufa
cturing Information (PMI)---4.0---2014-10-13',
'CAx-IF Rec.Pracs.---3D Tessellated Geometry---0.4---2014-09-14','2;1',
'CAx-IF Rec.Pracs.---User Defined Attributes---1.5---2016-08-15'),
/* implementation_level */ '2;1');

FILE_NAME(
/* name */ '857d3203-0ea6-4b89-a853-e7758de12f2a',
/* time_stamp */ '2026-05-21T06:55:52Z',
/* author */ (''),
/* organization */ (''),
/* preprocessor_version */ 'ST-DEVELOPER v20',
/* originating_system */ 'ONSHAPE BY PTC INC, 1.215',
/* authorisation */ '  ');

FILE_SCHEMA (('AP242_MANAGED_MODEL_BASED_3D_ENGINEERING_MIM_LF { 1 0 10303 442 3 1 4 }'));
ENDSEC;

DATA;
#10=SHAPE_REPRESENTATION_RELATIONSHIP('','',#5125,#11);
#11=ADVANCED_BREP_SHAPE_REPRESENTATION('',(#5123),#11777);
#12=CYLINDRICAL_SURFACE('',#5225,0.0005);
#13=CYLINDRICAL_SURFACE('',#5233,0.00117979272442951);
#14=CYLINDRICAL_SURFACE('',#5236,0.00119793700559284);
#15=CYLINDRICAL_SURFACE('',#5300,0.00172514827318585);
#16=CYLINDRICAL_SURFACE('',#5303,0.00342216313816858);
#17=CYLINDRICAL_SURFACE('',#5306,0.00374139103764634);
#18=CYLINDRICAL_SURFACE('',#5308,0.00269420263347789);
#19=CYLINDRICAL_SURFACE('',#5310,0.00299869638426749);
#20=CYLINDRICAL_SURFACE('',#5312,0.00329366389775473);
#21=CYLINDRICAL_SURFACE('',#5314,0.00288600003378095);
#22=CYLINDRICAL_SURFACE('',#5322,0.00108394731304702);
#23=CYLINDRICAL_SURFACE('',#5325,0.0010673438959411);
#24=CYLINDRICAL_SURFACE('',#5328,0.00181528404147258);
#25=CYLINDRICAL_SURFACE('',#5331,0.000967180214176936);
#26=CYLINDRICAL_SURFACE('',#5336,0.00197596342948808);
#27=CYLINDRICAL_SURFACE('',#5338,0.00209682363432923);
#28=CYLINDRICAL_SURFACE('',#5340,0.00224657732933237);
#29=CYLINDRICAL_SURFACE('',#5342,0.00266801766083949);
#30=CYLINDRICAL_SURFACE('',#5348,0.00167701171766952);
#31=CYLINDRICAL_SURFACE('',#5350,0.000797100459513684);
#32=CYLINDRICAL_SURFACE('',#5352,0.00121871182217324);
#33=(
BOUNDED_SURFACE()
B_SPLINE_SURFACE(3,2,((#10379,#10380,#10381),(#10382,#10383,#10384),(#10385,
#10386,#10387),(#10388,#10389,#10390),(#10391,#10392,#10393),(#10394,#10395,
#10396),(#10397,#10398,#10399),(#10400,#10401,#10402)),.UNSPECIFIED.,.F.,
 .F.,.F.)
B_SPLINE_SURFACE_WITH_KNOTS((4,1,1,1,1,4),(3,3),(0.0309345229801749,0.0413209253931456,
0.0517073278061162,0.0569005290126016,0.0620937302190869,0.0724801326320575),
(0.,1.),.UNSPECIFIED.)
GEOMETRIC_REPRESENTATION_ITEM()
RATIONAL_B_SPLINE_SURFACE(((1.,0.707106781186548,1.),(1.,0.707106781186548,
1.),(1.,0.707106781186547,1.),(1.,0.707106781186547,1.),(1.,0.707106781186547,
1.),(1.,0.707106781186548,1.),(1.,0.707106781186547,1.),(1.,0.707106781186547,
1.)))
REPRESENTATION_ITEM('')
SURFACE()
);
#34=(
BOUNDED_SURFACE()
B_SPLINE_SURFACE(3,2,((#10427,#10428,#10429),(#10430,#10431,#10432),(#10433,
#10434,#10435),(#10436,#10437,#10438)),.UNSPECIFIED.,.F.,.F.,.F.)
B_SPLINE_SURFACE_WITH_KNOTS((4,4),(3,3),(0.15042434906797,0.152065762813126),
(0.,1.),.PIECEWISE_BEZIER_KNOTS.)
GEOMETRIC_REPRESENTATION_ITEM()
RATIONAL_B_SPLINE_SURFACE(((1.,0.543751033528694,1.),(1.,0.543750491826669,
1.),(1.,0.543749950541293,1.),(1.,0.543749409701718,1.)))
REPRESENTATION_ITEM('')
SURFACE()
);
#35=(
BOUNDED_SURFACE()
B_SPLINE_SURFACE(3,2,((#10444,#10445,#10446),(#10447,#10448,#10449),(#10450,
#10451,#10452),(#10453,#10454,#10455),(#10456,#10457,#10458),(#10459,#10460,
#10461),(#10462,#10463,#10464),(#10465,#10466,#10467)),.UNSPECIFIED.,.F.,
 .F.,.F.)
B_SPLINE_SURFACE_WITH_KNOTS((4,1,1,1,1,4),(3,3),(0.0330335319133225,0.0429539990920899,
0.0528744662708572,0.0578346998602409,0.0627949334496246,0.0727154006283919),
(0.,1.),.UNSPECIFIED.)
GEOMETRIC_REPRESENTATION_ITEM()
RATIONAL_B_SPLINE_SURFACE(((1.,0.707106781186548,1.),(1.,0.707106781186548,
1.),(1.,0.707106781186548,1.),(1.,0.707106781186548,1.),(1.,0.707106781186548,
1.),(1.,0.707106781186547,1.),(1.,0.707106781186548,1.),(1.,0.707106781186548,
1.)))
REPRESENTATION_ITEM('')
SURFACE()
);
#36=(
BOUNDED_SURFACE()
B_SPLINE_SURFACE(3,2,((#10473,#10474,#10475),(#10476,#10477,#10478),(#10479,
#10480,#10481),(#10482,#10483,#10484)),.UNSPECIFIED.,.F.,.F.,.F.)
B_SPLINE_SURFACE_WITH_KNOTS((4,4),(3,3),(0.0354245197992581,0.0587361102025158),
(0.,1.),.PIECEWISE_BEZIER_KNOTS.)
GEOMETRIC_REPRESENTATION_ITEM()
RATIONAL_B_SPLINE_SURFACE(((1.,0.576228976463695,1.),(1.,0.578561951836095,
1.),(1.,0.591247301539536,1.),(1.,0.604193843756383,1.)))
REPRESENTATION_ITEM('')
SURFACE()
);
#37=(
BOUNDED_SURFACE()
B_SPLINE_SURFACE(3,2,((#10489,#10490,#10491),(#10492,#10493,#10494),(#10495,
#10496,#10497),(#10498,#10499,#10500)),.UNSPECIFIED.,.F.,.F.,.F.)
B_SPLINE_SURFACE_WITH_KNOTS((4,4),(3,3),(0.0462314384821167,0.0681777366431526),
(0.,1.),.PIECEWISE_BEZIER_KNOTS.)
GEOMETRIC_REPRESENTATION_ITEM()
RATIONAL_B_SPLINE_SURFACE(((1.,0.792590655492286,1.),(1.,0.802246278524882,
1.),(1.,0.811280779249854,1.),(1.,0.815303057120944,1.)))
REPRESENTATION_ITEM('')
SURFACE()
);
#38=(
BOUNDED_SURFACE()
B_SPLINE_SURFACE(3,2,((#10505,#10506,#10507),(#10508,#10509,#10510),(#10511,
#10512,#10513),(#10514,#10515,#10516),(#10517,#10518,#10519),(#10520,#10521,
#10522),(#10523,#10524,#10525),(#10526,#10527,#10528),(#10529,#10530,#10531)),
 .UNSPECIFIED.,.F.,.F.,.F.)
B_SPLINE_SURFACE_WITH_KNOTS((4,1,1,1,1,1,4),(3,3),(0.0251161841709596,0.0328649100646374,
0.0406136359583151,0.0483623618519928,0.0561110877456705,0.071608539533026,
0.0871059913203814),(0.,1.),.UNSPECIFIED.)
GEOMETRIC_REPRESENTATION_ITEM()
RATIONAL_B_SPLINE_SURFACE(((1.,0.694101437795694,1.),(1.,0.694936305514908,
1.),(1.,0.696773596384463,1.),(1.,0.699431466783703,1.),(1.,0.701044902072348,
1.),(1.,0.702683456325807,1.),(1.,0.704126124228364,1.),(1.,0.704734914566935,
1.),(1.,0.705258207977719,1.)))
REPRESENTATION_ITEM('')
SURFACE()
);
#39=(
BOUNDED_SURFACE()
B_SPLINE_SURFACE(3,2,((#10550,#10551,#10552),(#10553,#10554,#10555),(#10556,
#10557,#10558),(#10559,#10560,#10561),(#10562,#10563,#10564),(#10565,#10566,
#10567),(#10568,#10569,#10570),(#10571,#10572,#10573),(#10574,#10575,#10576)),
 .UNSPECIFIED.,.F.,.F.,.F.)
B_SPLINE_SURFACE_WITH_KNOTS((4,1,1,1,1,1,4),(3,3),(0.0483700233714961,0.0560964439471276,
0.0638228645227591,0.0715492850983906,0.0792757056740221,0.0947285468252851,
0.110181387976548),(0.,1.),.UNSPECIFIED.)
GEOMETRIC_REPRESENTATION_ITEM()
RATIONAL_B_SPLINE_SURFACE(((1.,0.721853098222235,1.),(1.,0.720865478021908,
1.),(1.,0.718677903632335,1.),(1.,0.715839641383202,1.),(1.,0.714056681607749,
1.),(1.,0.712228577620922,1.),(1.,0.710536185606032,1.),(1.,0.709935397322665,
1.),(1.,0.709215274942154,1.)))
REPRESENTATION_ITEM('')
SURFACE()
);
#40=(
BOUNDED_SURFACE()
B_SPLINE_SURFACE(3,2,((#10577,#10578,#10579),(#10580,#10581,#10582),(#10583,
#10584,#10585),(#10586,#10587,#10588),(#10589,#10590,#10591),(#10592,#10593,
#10594),(#10595,#10596,#10597),(#10598,#10599,#10600)),.UNSPECIFIED.,.F.,
 .F.,.F.)
B_SPLINE_SURFACE_WITH_KNOTS((4,1,1,1,1,4),(3,3),(0.0309906726276973,0.0413993929173074,
0.0518081132069176,0.0570124733517227,0.0622168334965277,0.0726255537861379),
(0.,1.),.UNSPECIFIED.)
GEOMETRIC_REPRESENTATION_ITEM()
RATIONAL_B_SPLINE_SURFACE(((1.,0.707106781186548,1.),(1.,0.707106781186548,
1.),(1.,0.707106781186548,1.),(1.,0.707106781186546,1.),(1.,0.70710678118655,
1.),(1.,0.707106781186546,1.),(1.,0.707106781186547,1.),(1.,0.707106781186547,
1.)))
REPRESENTATION_ITEM('')
SURFACE()
);
#41=(
BOUNDED_SURFACE()
B_SPLINE_SURFACE(3,2,((#10612,#10613,#10614),(#10615,#10616,#10617),(#10618,
#10619,#10620),(#10621,#10622,#10623)),.UNSPECIFIED.,.F.,.F.,.F.)
B_SPLINE_SURFACE_WITH_KNOTS((4,4),(3,3),(0.142055517379713,0.165363049724961),
(0.,1.),.PIECEWISE_BEZIER_KNOTS.)
GEOMETRIC_REPRESENTATION_ITEM()
RATIONAL_B_SPLINE_SURFACE(((1.,0.603337289285003,1.),(1.,0.590406846477596,
1.),(1.,0.577790867783533,1.),(1.,0.575364153944987,1.)))
REPRESENTATION_ITEM('')
SURFACE()
);
#42=(
BOUNDED_SURFACE()
B_SPLINE_SURFACE(3,2,((#10628,#10629,#10630),(#10631,#10632,#10633),(#10634,
#10635,#10636),(#10637,#10638,#10639),(#10640,#10641,#10642),(#10643,#10644,
#10645),(#10646,#10647,#10648),(#10649,#10650,#10651),(#10652,#10653,#10654)),
 .UNSPECIFIED.,.F.,.F.,.F.)
B_SPLINE_SURFACE_WITH_KNOTS((4,1,1,1,1,1,4),(3,3),(0.0255961573321857,0.0334328463753221,
0.0412695354184586,0.0491062244615951,0.0569429135047316,0.0726162915910046,
0.0882896696772775),(0.,1.),.UNSPECIFIED.)
GEOMETRIC_REPRESENTATION_ITEM()
RATIONAL_B_SPLINE_SURFACE(((1.,0.692430303169724,1.),(1.,0.693380001186566,
1.),(1.,0.69547459602233,1.),(1.,0.698493553445887,1.),(1.,0.700317587516335,
1.),(1.,0.702163833559344,1.),(1.,0.703815947790025,1.),(1.,0.704430190131697,
1.),(1.,0.705092001119921,1.)))
REPRESENTATION_ITEM('')
SURFACE()
);
#43=(
BOUNDED_SURFACE()
B_SPLINE_SURFACE(3,2,((#10673,#10674,#10675),(#10676,#10677,#10678),(#10679,
#10680,#10681),(#10682,#10683,#10684),(#10685,#10686,#10687),(#10688,#10689,
#10690),(#10691,#10692,#10693),(#10694,#10695,#10696),(#10697,#10698,#10699)),
 .UNSPECIFIED.,.F.,.F.,.F.)
B_SPLINE_SURFACE_WITH_KNOTS((4,1,1,1,1,1,4),(3,3),(0.0266314482582381,0.0343863049153547,
0.0421411615724713,0.0498960182295879,0.0576508748867045,0.0731605882009377,
0.0886703015151709),(0.,1.),.UNSPECIFIED.)
GEOMETRIC_REPRESENTATION_ITEM()
RATIONAL_B_SPLINE_SURFACE(((1.,0.723574704783565,1.),(1.,0.722469422146976,
1.),(1.,0.720015133065511,1.),(1.,0.716837112490935,1.),(1.,0.714839738796741,
1.),(1.,0.712797771242492,1.),(1.,0.710884012489117,1.),(1.,0.710269596744163,
1.),(1.,0.70939348244661,1.)))
REPRESENTATION_ITEM('')
SURFACE()
);
#44=(
BOUNDED_SURFACE()
B_SPLINE_SURFACE(3,2,((#10704,#10705,#10706),(#10707,#10708,#10709),(#10710,
#10711,#10712),(#10713,#10714,#10715)),.UNSPECIFIED.,.F.,.F.,.F.)
B_SPLINE_SURFACE_WITH_KNOTS((4,4),(3,3),(0.0459332597000753,0.068065040554767),
(0.,1.),.PIECEWISE_BEZIER_KNOTS.)
GEOMETRIC_REPRESENTATION_ITEM()
RATIONAL_B_SPLINE_SURFACE(((1.,0.815529800782401,1.),(1.,0.811527258265893,
1.),(1.,0.802441355809367,1.),(1.,0.792733238635657,1.)))
REPRESENTATION_ITEM('')
SURFACE()
);
#45=(
BOUNDED_SURFACE()
B_SPLINE_SURFACE(3,2,((#10721,#10722,#10723),(#10724,#10725,#10726),(#10727,
#10728,#10729),(#10730,#10731,#10732),(#10733,#10734,#10735),(#10736,#10737,
#10738),(#10739,#10740,#10741),(#10742,#10743,#10744)),.UNSPECIFIED.,.F.,
 .F.,.F.)
B_SPLINE_SURFACE_WITH_KNOTS((4,1,1,1,1,4),(3,3),(0.032983534470593,0.0428910678354987,
0.0527986012004045,0.0577523678828574,0.0627061345653103,0.072613667930216),
(0.,1.),.UNSPECIFIED.)
GEOMETRIC_REPRESENTATION_ITEM()
RATIONAL_B_SPLINE_SURFACE(((1.,0.707106781186546,1.),(1.,0.707106781186546,
1.),(1.,0.707106781186548,1.),(1.,0.707106781186548,1.),(1.,0.707106781186548,
1.),(1.,0.707106781186548,1.),(1.,0.707106781186548,1.),(1.,0.707106781186548,
1.)))
REPRESENTATION_ITEM('')
SURFACE()
);
#46=(
BOUNDED_SURFACE()
B_SPLINE_SURFACE(3,2,((#11032,#11033,#11034),(#11035,#11036,#11037),(#11038,
#11039,#11040),(#11041,#11042,#11043),(#11044,#11045,#11046),(#11047,#11048,
#11049),(#11050,#11051,#11052),(#11053,#11054,#11055),(#11056,#11057,#11058),
(#11059,#11060,#11061),(#11062,#11063,#11064),(#11065,#11066,#11067),(#11068,
#11069,#11070),(#11071,#11072,#11073)),.UNSPECIFIED.,.F.,.F.,.F.)
B_SPLINE_SURFACE_WITH_KNOTS((4,1,1,1,1,1,1,1,1,1,1,4),(3,3),(0.0458664918462815,
0.0476274730586427,0.049388454271004,0.0511494354833652,0.0529104166957265,
0.0546713979080877,0.0564323791204489,0.0573128697266296,0.0581933603328102,
0.0586336056359005,0.0590738509389908,0.0599543415451714),(0.,1.),
 .UNSPECIFIED.)
GEOMETRIC_REPRESENTATION_ITEM()
RATIONAL_B_SPLINE_SURFACE(((1.,0.744979475058353,1.),(1.,0.745013282041441,
1.),(1.,0.745174490100902,1.),(1.,0.744559530176177,1.),(1.,0.743760346113436,
1.),(1.,0.742249944782564,1.),(1.,0.739953032487845,1.),(1.,0.727537954142677,
1.),(1.,0.717871688151281,1.),(1.,0.711181395924253,1.),(1.,0.711061943101332,
1.),(1.,0.703296353391722,1.),(1.,0.705750315377616,1.),(1.,0.705738535438141,
1.)))
REPRESENTATION_ITEM('')
SURFACE()
);
#47=(
BOUNDED_SURFACE()
B_SPLINE_SURFACE(3,2,((#11078,#11079,#11080),(#11081,#11082,#11083),(#11084,
#11085,#11086),(#11087,#11088,#11089),(#11090,#11091,#11092),(#11093,#11094,
#11095),(#11096,#11097,#11098),(#11099,#11100,#11101),(#11102,#11103,#11104),
(#11105,#11106,#11107),(#11108,#11109,#11110),(#11111,#11112,#11113),(#11114,
#11115,#11116)),.UNSPECIFIED.,.F.,.F.,.F.)
B_SPLINE_SURFACE_WITH_KNOTS((4,1,1,1,1,1,1,1,1,1,4),(3,3),(0.0413183574831631,
0.0429271953946259,0.0445360333060887,0.0461448712175514,0.0477537091290142,
0.049362547040477,0.0509713849519398,0.0525802228634025,0.0533846418191339,
0.0537868512969996,0.0541890607748653),(0.,1.),.UNSPECIFIED.)
GEOMETRIC_REPRESENTATION_ITEM()
RATIONAL_B_SPLINE_SURFACE(((1.,0.744980557093226,1.),(1.,0.745011264970321,
1.),(1.,0.74514534126266,1.),(1.,0.744733646511984,1.),(1.,0.743972892393053,
1.),(1.,0.743036397390469,1.),(1.,0.741123018063595,1.),(1.,0.7349278465879,
1.),(1.,0.719166877740034,1.),(1.,0.712900451992624,1.),(1.,0.710089588322463,
1.),(1.,0.713554847038192,1.),(1.,0.713579749140537,1.)))
REPRESENTATION_ITEM('')
SURFACE()
);
#48=(
BOUNDED_SURFACE()
B_SPLINE_SURFACE(3,2,((#11121,#11122,#11123),(#11124,#11125,#11126),(#11127,
#11128,#11129),(#11130,#11131,#11132)),.UNSPECIFIED.,.F.,.F.,.F.)
B_SPLINE_SURFACE_WITH_KNOTS((4,4),(3,3),(0.0435332564304558,0.0449134339340588),
(0.,1.),.PIECEWISE_BEZIER_KNOTS.)
GEOMETRIC_REPRESENTATION_ITEM()
RATIONAL_B_SPLINE_SURFACE(((1.,0.707733162158249,1.),(1.,0.707724717184128,
1.),(1.,0.707716473065969,1.),(1.,0.707708420132643,1.)))
REPRESENTATION_ITEM('')
SURFACE()
);
#49=(
BOUNDED_SURFACE()
B_SPLINE_SURFACE(3,2,((#11133,#11134,#11135),(#11136,#11137,#11138),(#11139,
#11140,#11141),(#11142,#11143,#11144)),.UNSPECIFIED.,.F.,.F.,.F.)
B_SPLINE_SURFACE_WITH_KNOTS((4,4),(3,3),(0.0429386938788204,0.0446574451827642),
(0.,1.),.PIECEWISE_BEZIER_KNOTS.)
GEOMETRIC_REPRESENTATION_ITEM()
RATIONAL_B_SPLINE_SURFACE(((1.,0.705423480100742,1.),(1.,0.705395680999706,
1.),(1.,0.705367072436028,1.),(1.,0.705337595940448,1.)))
REPRESENTATION_ITEM('')
SURFACE()
);
#50=(
BOUNDED_SURFACE()
B_SPLINE_SURFACE(3,2,((#11149,#11150,#11151),(#11152,#11153,#11154),(#11155,
#11156,#11157),(#11158,#11159,#11160),(#11161,#11162,#11163),(#11164,#11165,
#11166),(#11167,#11168,#11169),(#11170,#11171,#11172),(#11173,#11174,#11175),
(#11176,#11177,#11178),(#11179,#11180,#11181),(#11182,#11183,#11184)),
 .UNSPECIFIED.,.F.,.F.,.F.)
B_SPLINE_SURFACE_WITH_KNOTS((4,1,1,1,1,1,1,1,1,4),(3,3),(0.0348494206434477,
0.0372542593461784,0.0384566786975437,0.039659098048909,0.0408615174002743,
0.0420639367516396,0.0426651464273223,0.0432663561030049,0.0438675657786876,
0.0444687754543702),(0.,1.),.UNSPECIFIED.)
GEOMETRIC_REPRESENTATION_ITEM()
RATIONAL_B_SPLINE_SURFACE(((1.,0.664719261189133,1.),(1.,0.664699900952958,
1.),(1.,0.664732160503338,1.),(1.,0.665321544268701,1.),(1.,0.665895090402226,
1.),(1.,0.667678533399345,1.),(1.,0.670367832318201,1.),(1.,0.680594147080651,
1.),(1.,0.690586263079785,1.),(1.,0.696899420783648,1.),(1.,0.703234082454718,
1.),(1.,0.703211640392543,1.)))
REPRESENTATION_ITEM('')
SURFACE()
);
#51=(
BOUNDED_SURFACE()
B_SPLINE_SURFACE(3,2,((#11189,#11190,#11191),(#11192,#11193,#11194),(#11195,
#11196,#11197),(#11198,#11199,#11200),(#11201,#11202,#11203),(#11204,#11205,
#11206),(#11207,#11208,#11209),(#11210,#11211,#11212),(#11213,#11214,#11215),
(#11216,#11217,#11218),(#11219,#11220,#11221),(#11222,#11223,#11224),(#11225,
#11226,#11227),(#11228,#11229,#11230),(#11231,#11232,#11233),(#11234,#11235,
#11236)),.UNSPECIFIED.,.F.,.F.,.F.)
B_SPLINE_SURFACE_WITH_KNOTS((4,1,1,1,1,1,1,1,1,1,1,1,1,4),(3,3),(0.0413154007348592,
0.0426219556959508,0.0439285106570424,0.045235065618134,0.0465416205792255,
0.0478481755403171,0.0485014530208629,0.0491547305014087,0.0498080079819545,
0.0504612854625003,0.0511145629430461,0.051441201683319,0.0516045210534554,
0.0517678404235919),(0.,1.),.UNSPECIFIED.)
GEOMETRIC_REPRESENTATION_ITEM()
RATIONAL_B_SPLINE_SURFACE(((1.,0.664719292111576,1.),(1.,0.664708825290068,
1.),(1.,0.664683842454309,1.),(1.,0.664956774034928,1.),(1.,0.665421253561189,
1.),(1.,0.666237957988403,1.),(1.,0.668187342214462,1.),(1.,0.672053768912008,
1.),(1.,0.679968510676714,1.),(1.,0.689921316777726,1.),(1.,0.697591969491991,
1.),(1.,0.702289948103555,1.),(1.,0.707145860488612,1.),(1.,0.708605438746675,
1.),(1.,0.705929510177405,1.),(1.,0.70592764677263,1.)))
REPRESENTATION_ITEM('')
SURFACE()
);
#52=(
BOUNDED_SURFACE()
B_SPLINE_SURFACE(3,2,((#11241,#11242,#11243),(#11244,#11245,#11246),(#11247,
#11248,#11249),(#11250,#11251,#11252)),.UNSPECIFIED.,.F.,.F.,.F.)
B_SPLINE_SURFACE_WITH_KNOTS((4,4),(3,3),(0.0437075544515954,0.0444821374105282),
(0.,1.),.PIECEWISE_BEZIER_KNOTS.)
GEOMETRIC_REPRESENTATION_ITEM()
RATIONAL_B_SPLINE_SURFACE(((1.,0.709975712981671,1.),(1.,0.709997055034463,
1.),(1.,0.710018681045282,1.),(1.,0.710040594399144,1.)))
REPRESENTATION_ITEM('')
SURFACE()
);
#53=ELLIPSE('',#5204,0.000888840143946824,0.0005);
#54=B_SPLINE_SURFACE_WITH_KNOTS('',3,1,((#6495,#6496),(#6497,#6498),(#6499,
#6500),(#6501,#6502),(#6503,#6504),(#6505,#6506),(#6507,#6508),(#6509,#6510),
(#6511,#6512),(#6513,#6514)),.SURF_OF_LINEAR_EXTRUSION.,.F.,.F.,.F.,(4,
1,1,1,1,1,1,4),(2,2),(0.450687768085819,0.574572376843078,0.636514681221708,
0.698456985600337,0.760399289978966,0.822341594357596,0.884283898736225,
0.946226203114855),(0.,1.),.UNSPECIFIED.);
#55=B_SPLINE_SURFACE_WITH_KNOTS('',3,1,((#7061,#7062),(#7063,#7064),(#7065,
#7066),(#7067,#7068),(#7069,#7070),(#7071,#7072),(#7073,#7074),(#7075,#7076),
(#7077,#7078),(#7079,#7080),(#7081,#7082),(#7083,#7084),(#7085,#7086),(#7087,
#7088),(#7089,#7090),(#7091,#7092),(#7093,#7094),(#7095,#7096),(#7097,#7098),
(#7099,#7100),(#7101,#7102),(#7103,#7104),(#7105,#7106),(#7107,#7108),(#7109,
#7110),(#7111,#7112),(#7113,#7114),(#7115,#7116),(#7117,#7118),(#7119,#7120),
(#7121,#7122),(#7123,#7124),(#7125,#7126),(#7127,#7128)),.UNSPECIFIED.,
 .F.,.F.,.F.,(4,1,1,1,1,1,1,1,1,1,1,1,1,1,1,1,1,1,1,1,1,1,1,1,1,1,1,1,1,
1,1,4),(2,2),(15.9488820357001,16.9512333093914,17.9535845830827,18.955935856774,
19.4571114936196,19.9582871304653,20.459462767311,20.9606384041566,21.4618140410023,
21.7124018594251,22.2135774962708,22.3388714054822,22.4641653146936,22.589459223905,
22.7147531331164,22.7774000877221,22.8400470423278,22.9026939969335,22.9340174742364,
22.9496792128878,22.9653409515392,22.9810026901907,22.9966644288421,23.0279879061449,
23.0906348607506,23.1532818153564,23.2159287699621,23.3412226791735,23.4665165883849,
23.5918104975963,23.7171044068077,23.9676922252305),(0.,1.),
 .UNSPECIFIED.);
#56=B_SPLINE_SURFACE_WITH_KNOTS('',3,1,((#7253,#7254),(#7255,#7256),(#7257,
#7258),(#7259,#7260),(#7261,#7262),(#7263,#7264),(#7265,#7266),(#7267,#7268),
(#7269,#7270)),.SURF_OF_LINEAR_EXTRUSION.,.F.,.F.,.F.,(4,1,1,1,1,1,4),(2,
2),(0.604103714807529,0.685761556502555,0.726590477350067,0.76741939819758,
0.849077239892605,0.889906160740117,0.93073508158763),(0.,1.),
 .UNSPECIFIED.);
#57=B_SPLINE_SURFACE_WITH_KNOTS('',3,1,((#7359,#7360),(#7361,#7362),(#7363,
#7364),(#7365,#7366),(#7367,#7368),(#7369,#7370),(#7371,#7372),(#7373,#7374),
(#7375,#7376),(#7377,#7378),(#7379,#7380),(#7381,#7382),(#7383,#7384),(#7385,
#7386),(#7387,#7388),(#7389,#7390),(#7391,#7392)),
 .SURF_OF_LINEAR_EXTRUSION.,.F.,.F.,.F.,(4,1,1,1,1,1,1,1,1,1,1,1,1,1,4),
(2,2),(0.140774088623871,0.185282996751531,0.229791904879191,0.274300813006851,
0.318809721134512,0.407827537389832,0.452336445517492,0.496845353645153,
0.541354261772813,0.585863169900473,0.630372078028134,0.674880986155794,
0.719389894283454,0.763898802411114,0.852916618666435),(0.,1.),
 .UNSPECIFIED.);
#58=B_SPLINE_SURFACE_WITH_KNOTS('',3,1,((#7560,#7561),(#7562,#7563),(#7564,
#7565),(#7566,#7567),(#7568,#7569),(#7570,#7571),(#7572,#7573),(#7574,#7575),
(#7576,#7577),(#7578,#7579),(#7580,#7581),(#7582,#7583),(#7584,#7585),(#7586,
#7587),(#7588,#7589),(#7590,#7591),(#7592,#7593),(#7594,#7595),(#7596,#7597)),
 .SURF_OF_LINEAR_EXTRUSION.,.F.,.F.,.F.,(4,1,1,1,1,1,1,1,1,1,1,1,1,1,1,
1,4),(2,2),(0.134936632703603,0.178886529697581,0.22283642669156,0.266786323685538,
0.310736220679516,0.354686117673494,0.398636014667472,0.442585911661451,
0.486535808655429,0.530485705649407,0.574435602643385,0.618385499637363,
0.662335396631341,0.706285293625319,0.750235190619298,0.794185087613276,
0.838134984607254),(0.,1.),.UNSPECIFIED.);
#59=B_SPLINE_SURFACE_WITH_KNOTS('',3,1,((#8168,#8169),(#8170,#8171),(#8172,
#8173),(#8174,#8175),(#8176,#8177),(#8178,#8179),(#8180,#8181),(#8182,#8183),
(#8184,#8185),(#8186,#8187),(#8188,#8189),(#8190,#8191),(#8192,#8193),(#8194,
#8195),(#8196,#8197),(#8198,#8199),(#8200,#8201),(#8202,#8203),(#8204,#8205),
(#8206,#8207),(#8208,#8209)),.SURF_OF_LINEAR_EXTRUSION.,.F.,.F.,.F.,(4,
1,1,1,1,1,1,1,1,1,1,1,1,1,1,1,1,1,4),(2,2),(0.609285308032588,0.621495142156575,
0.627600059218569,0.633704976280563,0.64591481040455,0.658124644528537,
0.670334478652524,0.682544312776512,0.706963981024487,0.731383649272461,
0.755803317520436,0.804642654016385,0.853481990512335,0.877901658760309,
0.902321327008284,0.926740995256259,0.951160663504233,0.975580331752208,
1.00000000000018),(0.,1.),.UNSPECIFIED.);
#60=B_SPLINE_SURFACE_WITH_KNOTS('',3,1,((#8434,#8435),(#8436,#8437),(#8438,
#8439),(#8440,#8441),(#8442,#8443),(#8444,#8445),(#8446,#8447),(#8448,#8449),
(#8450,#8451),(#8452,#8453),(#8454,#8455),(#8456,#8457),(#8458,#8459),(#8460,
#8461),(#8462,#8463),(#8464,#8465),(#8466,#8467),(#8468,#8469),(#8470,#8471),
(#8472,#8473),(#8474,#8475),(#8476,#8477),(#8478,#8479),(#8480,#8481),(#8482,
#8483),(#8484,#8485),(#8486,#8487),(#8488,#8489),(#8490,#8491),(#8492,#8493),
(#8494,#8495),(#8496,#8497),(#8498,#8499),(#8500,#8501),(#8502,#8503),(#8504,
#8505),(#8506,#8507),(#8508,#8509),(#8510,#8511),(#8512,#8513),(#8514,#8515),
(#8516,#8517),(#8518,#8519),(#8520,#8521),(#8522,#8523),(#8524,#8525),(#8526,
#8527),(#8528,#8529),(#8530,#8531),(#8532,#8533),(#8534,#8535),(#8536,#8537),
(#8538,#8539)),.UNSPECIFIED.,.F.,.F.,.F.,(4,1,1,1,1,1,1,1,1,1,1,1,1,1,1,
1,1,1,1,1,1,1,1,1,1,1,1,1,1,1,1,1,1,1,1,1,1,1,1,1,1,1,1,1,1,1,1,1,1,1,4),
(2,2),(0.0418890481183417,0.225078711305729,0.408268374493117,0.49986320608681,
0.591458037680504,0.683052869274198,0.774647700867891,0.820445116664738,
0.866242532461585,0.912039948258432,0.934938656156855,0.957837364055279,
0.980736071953702,0.992185425902914,0.99791010287752,1.00077244136482,1.00363477985213,
1.00935945682673,1.01508413380134,1.02653348775055,1.04943219564897,1.0723309035474,
1.09522961144582,1.14102702724267,1.23262185883636,1.32421669043005,1.59900118521113,
1.69059601680483,1.78219084839852,1.82798826419537,1.87378567999222,1.89668438789064,
1.91958309578906,1.94248180368749,1.9539311576367,1.96538051158591,1.97110518856052,
1.97396752704782,1.97682986553512,1.98255454250973,1.98827921948433,2.01117792738276,
2.0569753431796,2.10277275897645,2.1485701747733,2.24016500636699,2.33175983796068,
2.42335466955438,2.60654433274177,2.78973399592915,2.97292365911654),(0.,
1.),.UNSPECIFIED.);
#61=B_SPLINE_SURFACE_WITH_KNOTS('',3,1,((#8542,#8543),(#8544,#8545),(#8546,
#8547),(#8548,#8549),(#8550,#8551),(#8552,#8553),(#8554,#8555),(#8556,#8557),
(#8558,#8559),(#8560,#8561),(#8562,#8563),(#8564,#8565),(#8566,#8567),(#8568,
#8569),(#8570,#8571),(#8572,#8573),(#8574,#8575),(#8576,#8577),(#8578,#8579),
(#8580,#8581),(#8582,#8583),(#8584,#8585),(#8586,#8587),(#8588,#8589),(#8590,
#8591),(#8592,#8593),(#8594,#8595),(#8596,#8597),(#8598,#8599),(#8600,#8601),
(#8602,#8603),(#8604,#8605),(#8606,#8607),(#8608,#8609)),
 .SURF_OF_LINEAR_EXTRUSION.,.F.,.F.,.F.,(4,1,1,1,1,1,1,1,1,1,1,1,1,1,1,
1,1,1,1,1,1,1,1,1,1,1,1,1,1,1,1,4),(2,2),(-0.999999998887955,-0.849065866533143,
-0.698131734178332,-0.547197601823521,-0.39626346946871,-0.245329337113898,
-0.169862270936493,-0.13212873784779,-0.0943952047590872,-0.0566616716703844,
-0.037794905126033,-0.0189281385816815,-0.00949475530950584,-6.13720373301343E-5,
0.00937201123484557,0.0188053945070213,0.0376721610513727,0.0565389275957241,
0.13200599377313,0.207473059950535,0.282940126127941,0.358407192305347,
0.509341324660158,0.660275457014969,0.81120958936978,1.1130778540794,1.41494611878903,
1.71681438349865,2.01868264820827,2.62241917762752,3.22615570704676,3.82989223646601),
(0.,1.),.UNSPECIFIED.);
#62=B_SPLINE_SURFACE_WITH_KNOTS('',3,1,((#8711,#8712),(#8713,#8714),(#8715,
#8716),(#8717,#8718),(#8719,#8720),(#8721,#8722),(#8723,#8724),(#8725,#8726)),
 .SURF_OF_LINEAR_EXTRUSION.,.F.,.F.,.F.,(4,1,1,1,1,4),(2,2),(0.601157780115531,
0.65101305760109,0.70086833508665,0.800578890057768,0.900289445028887,1.00000000000001),
(0.,1.),.UNSPECIFIED.);
#63=B_SPLINE_SURFACE_WITH_KNOTS('',3,1,((#8824,#8825),(#8826,#8827),(#8828,
#8829),(#8830,#8831),(#8832,#8833),(#8834,#8835)),
 .SURF_OF_LINEAR_EXTRUSION.,.F.,.F.,.F.,(4,1,1,4),(2,2),(47.4693736210727,
47.717561918869,47.9657502166653,48.462126812258),(0.,1.),.UNSPECIFIED.);
#64=B_SPLINE_SURFACE_WITH_KNOTS('',3,1,((#8841,#8842),(#8843,#8844),(#8845,
#8846),(#8847,#8848),(#8849,#8850),(#8851,#8852),(#8853,#8854),(#8855,#8856),
(#8857,#8858)),.SURF_OF_LINEAR_EXTRUSION.,.F.,.F.,.F.,(4,1,1,1,1,1,4),(2,
2),(-0.999999999916852,-0.875000000577121,-0.75000000123739,-0.500000002557929,
-0.250000003878467,-0.125000004538736,-5.19900567067646E-9),(0.,1.),
 .UNSPECIFIED.);
#65=B_SPLINE_SURFACE_WITH_KNOTS('',3,1,((#8865,#8866),(#8867,#8868),(#8869,
#8870),(#8871,#8872),(#8873,#8874),(#8875,#8876),(#8877,#8878),(#8879,#8880),
(#8881,#8882),(#8883,#8884),(#8885,#8886),(#8887,#8888),(#8889,#8890)),
 .SURF_OF_LINEAR_EXTRUSION.,.F.,.F.,.F.,(4,1,1,1,1,1,1,1,1,1,4),(2,2),(-2.08262437978418E-13,
0.124505072348903,0.249010144698015,0.373515217047126,0.435767753221682,
0.498020289396238,0.560272825570793,0.622525361745349,0.747030434094461,
0.871535506443572,0.996040578792684),(0.,1.),.UNSPECIFIED.);
#66=B_SPLINE_SURFACE_WITH_KNOTS('',3,1,((#8939,#8940),(#8941,#8942),(#8943,
#8944),(#8945,#8946)),.SURF_OF_LINEAR_EXTRUSION.,.F.,.F.,.F.,(4,4),(2,2),
(9.15696257532648E-12,0.0455322395691541),(0.,1.),
 .PIECEWISE_BEZIER_KNOTS.);
#67=B_SPLINE_SURFACE_WITH_KNOTS('',3,1,((#9054,#9055),(#9056,#9057),(#9058,
#9059),(#9060,#9061),(#9062,#9063),(#9064,#9065),(#9066,#9067),(#9068,#9069),
(#9070,#9071),(#9072,#9073),(#9074,#9075),(#9076,#9077),(#9078,#9079),(#9080,
#9081),(#9082,#9083),(#9084,#9085),(#9086,#9087)),
 .SURF_OF_LINEAR_EXTRUSION.,.F.,.F.,.F.,(4,1,1,1,1,1,1,1,1,1,1,1,1,1,4),
(2,2),(-7.79945059507926E-14,0.0441847884388118,0.0883695768777015,0.132554365316591,
0.176739153755481,0.220923942194371,0.243016336413816,0.265108730633261,
0.276154927742983,0.287201124852706,0.298247321962428,0.30929351907215,
0.320339716181873,0.331385913291595,0.35347830751104),(0.,1.),
 .UNSPECIFIED.);
#68=B_SPLINE_SURFACE_WITH_KNOTS('',3,1,((#9317,#9318),(#9319,#9320),(#9321,
#9322),(#9323,#9324),(#9325,#9326)),.SURF_OF_LINEAR_EXTRUSION.,.F.,.F.,
 .F.,(4,1,4),(2,2),(0.408133095954308,0.449846969416912,0.491560842879515),
(0.,1.),.UNSPECIFIED.);
#69=B_SPLINE_SURFACE_WITH_KNOTS('',3,1,((#9545,#9546),(#9547,#9548),(#9549,
#9550),(#9551,#9552),(#9553,#9554),(#9555,#9556)),
 .SURF_OF_LINEAR_EXTRUSION.,.F.,.F.,.F.,(4,1,1,4),(2,2),(0.0273601589084333,
0.513680084088061,0.756840046677875,1.00000000926769),(0.,1.),
 .UNSPECIFIED.);
#70=B_SPLINE_SURFACE_WITH_KNOTS('',3,1,((#9695,#9696),(#9697,#9698),(#9699,
#9700),(#9701,#9702),(#9703,#9704),(#9705,#9706)),
 .SURF_OF_LINEAR_EXTRUSION.,.F.,.F.,.F.,(4,1,1,4),(2,2),(-0.000210439164025375,
0.0472469142712026,0.0947042677064306,0.189618974576887),(0.,1.),
 .UNSPECIFIED.);
#71=B_SPLINE_SURFACE_WITH_KNOTS('',3,1,((#9739,#9740),(#9741,#9742),(#9743,
#9744),(#9745,#9746),(#9747,#9748)),.SURF_OF_LINEAR_EXTRUSION.,.F.,.F.,
 .F.,(4,1,4),(2,2),(-0.000909871163533749,0.158158419523209,0.317226710209953),
(0.,1.),.UNSPECIFIED.);
#72=B_SPLINE_SURFACE_WITH_KNOTS('',3,1,((#9763,#9764),(#9765,#9766),(#9767,
#9768),(#9769,#9770)),.SURF_OF_LINEAR_EXTRUSION.,.F.,.F.,.F.,(4,4),(2,2),
(-0.99999942557757,-0.716779244937513),(0.,1.),.PIECEWISE_BEZIER_KNOTS.);
#73=B_SPLINE_SURFACE_WITH_KNOTS('',3,1,((#9779,#9780),(#9781,#9782),(#9783,
#9784),(#9785,#9786),(#9787,#9788),(#9789,#9790),(#9791,#9792)),
 .SURF_OF_LINEAR_EXTRUSION.,.F.,.F.,.F.,(4,1,1,1,4),(2,2),(2.37903694818503,
2.5275086259195,2.67598030365398,2.82445198138845,2.97292365912292),(0.,
1.),.UNSPECIFIED.);
#74=B_SPLINE_SURFACE_WITH_KNOTS('',3,1,((#9945,#9946),(#9947,#9948),(#9949,
#9950),(#9951,#9952),(#9953,#9954),(#9955,#9956),(#9957,#9958),(#9959,#9960),
(#9961,#9962),(#9963,#9964),(#9965,#9966),(#9967,#9968),(#9969,#9970),(#9971,
#9972),(#9973,#9974),(#9975,#9976),(#9977,#9978),(#9979,#9980),(#9981,#9982),
(#9983,#9984),(#9985,#9986),(#9987,#9988),(#9989,#9990),(#9991,#9992),(#9993,
#9994),(#9995,#9996),(#9997,#9998)),.SURF_OF_LINEAR_EXTRUSION.,.F.,.F.,
 .F.,(4,1,1,1,1,1,1,1,1,1,1,1,1,1,1,1,1,1,1,1,1,1,1,1,4),(2,2),(0.606940335037074,
0.613081892302131,0.616152670934659,0.619223449567187,0.622294228199716,
0.625365006832244,0.631506564097301,0.637648121362358,0.643789678627415,
0.656072793157528,0.668355907687642,0.680639022217756,0.705205251277983,
0.72977148033821,0.754337709398437,0.803470167518892,0.852602625639346,
0.877168854699574,0.901735083759801,0.926301312820028,0.950867541880255,
0.963150656410369,0.975433770940482,0.987716885470596,1.00000000000071),
(0.,1.),.UNSPECIFIED.);
#75=B_SPLINE_SURFACE_WITH_KNOTS('',3,1,((#10001,#10002),(#10003,#10004),
(#10005,#10006),(#10007,#10008),(#10009,#10010)),
 .SURF_OF_LINEAR_EXTRUSION.,.F.,.F.,.F.,(4,1,4),(2,2),(0.0418928444909384,
0.312345179361741,0.582797514232543),(0.,1.),.UNSPECIFIED.);
#76=B_SPLINE_SURFACE_WITH_KNOTS('',3,1,((#10012,#10013),(#10014,#10015),
(#10016,#10017),(#10018,#10019)),.SURF_OF_LINEAR_EXTRUSION.,.F.,.F.,.F.,
(4,4),(2,2),(23.5471833941711,23.9676922252283),(0.,1.),
 .PIECEWISE_BEZIER_KNOTS.);
#77=B_SPLINE_SURFACE_WITH_KNOTS('',3,1,((#10024,#10025),(#10026,#10027),
(#10028,#10029),(#10030,#10031),(#10032,#10033),(#10034,#10035),(#10036,
#10037),(#10038,#10039),(#10040,#10041),(#10042,#10043)),
 .SURF_OF_LINEAR_EXTRUSION.,.F.,.F.,.F.,(4,1,1,1,1,1,1,4),(2,2),(0.598763017646904,
0.623840329043972,0.648917640441041,0.699072263235179,0.749226886029317,
0.799381508823454,0.89969075441173,1.00000000000001),(0.,1.),
 .UNSPECIFIED.);
#78=B_SPLINE_SURFACE_WITH_KNOTS('',3,1,((#10044,#10045),(#10046,#10047),
(#10048,#10049),(#10050,#10051)),.SURF_OF_LINEAR_EXTRUSION.,.F.,.F.,.F.,
(4,4),(2,2),(48.0747248425577,48.1344976080577),(0.,1.),
 .PIECEWISE_BEZIER_KNOTS.);
#79=B_SPLINE_SURFACE_WITH_KNOTS('',3,1,((#10052,#10053),(#10054,#10055),
(#10056,#10057),(#10058,#10059)),.SURF_OF_LINEAR_EXTRUSION.,.F.,.F.,.F.,
(4,4),(2,2),(-0.999999999915961,-0.964045834745889),(0.,1.),
 .PIECEWISE_BEZIER_KNOTS.);
#80=B_SPLINE_SURFACE_WITH_KNOTS('',3,1,((#10069,#10070),(#10071,#10072),
(#10073,#10074),(#10075,#10076),(#10077,#10078)),
 .SURF_OF_LINEAR_EXTRUSION.,.F.,.F.,.F.,(4,1,4),(2,2),(0.522928988859461,
0.756514450333375,0.990099911807289),(0.,1.),.UNSPECIFIED.);
#81=B_SPLINE_SURFACE_WITH_KNOTS('',3,1,((#10083,#10084),(#10085,#10086),
(#10087,#10088),(#10089,#10090)),.SURF_OF_LINEAR_EXTRUSION.,.F.,.F.,.F.,
(4,4),(2,2),(9.15696257532648E-12,0.0455322395691657),(0.,1.),
 .PIECEWISE_BEZIER_KNOTS.);
#82=B_SPLINE_SURFACE_WITH_KNOTS('',3,1,((#10093,#10094),(#10095,#10096),
(#10097,#10098),(#10099,#10100),(#10101,#10102)),
 .SURF_OF_LINEAR_EXTRUSION.,.F.,.F.,.F.,(4,1,4),(2,2),(0.294306654445541,
0.299942163525228,0.305577672604914),(0.,1.),.UNSPECIFIED.);
#83=B_SPLINE_SURFACE_WITH_KNOTS('',3,1,((#10109,#10110),(#10111,#10112),
(#10113,#10114),(#10115,#10116),(#10117,#10118),(#10119,#10120)),
 .SURF_OF_LINEAR_EXTRUSION.,.F.,.F.,.F.,(4,1,1,4),(2,2),(0.408164625985108,
0.42901368020871,0.449862734432312,0.491560842879515),(0.,1.),
 .UNSPECIFIED.);
#84=B_SPLINE_SURFACE_WITH_KNOTS('',3,1,((#10121,#10122),(#10123,#10124),
(#10125,#10126),(#10127,#10128),(#10129,#10130),(#10131,#10132),(#10133,
#10134),(#10135,#10136)),.SURF_OF_LINEAR_EXTRUSION.,.F.,.F.,.F.,(4,1,1,
1,1,4),(2,2),(-0.0300692045391125,0.227452489066421,0.484974182671955,0.742495876277489,
0.871256723080255,1.00001756988302),(0.,1.),.UNSPECIFIED.);
#85=B_SPLINE_SURFACE_WITH_KNOTS('',3,1,((#10800,#10801),(#10802,#10803),
(#10804,#10805),(#10806,#10807),(#10808,#10809),(#10810,#10811),(#10812,
#10813),(#10814,#10815),(#10816,#10817),(#10818,#10819),(#10820,#10821)),
 .SURF_OF_LINEAR_EXTRUSION.,.F.,.F.,.F.,(4,1,1,1,1,1,1,1,4),(2,2),(0.,0.125,
0.25,0.375,0.5,0.625,0.75,0.875,1.),(0.,1.),.UNSPECIFIED.);
#86=B_SPLINE_SURFACE_WITH_KNOTS('',3,1,((#10846,#10847),(#10848,#10849),
(#10850,#10851),(#10852,#10853),(#10854,#10855),(#10856,#10857),(#10858,
#10859),(#10860,#10861)),.SURF_OF_LINEAR_EXTRUSION.,.F.,.F.,.F.,(4,1,1,
1,1,4),(2,2),(0.156373658750704,0.367280244063028,0.578186829375352,0.683640122031514,
0.789093414687676,1.),(0.,1.),.UNSPECIFIED.);
#87=B_SPLINE_SURFACE_WITH_KNOTS('',3,1,((#10880,#10881),(#10882,#10883),
(#10884,#10885),(#10886,#10887),(#10888,#10889),(#10890,#10891),(#10892,
#10893),(#10894,#10895),(#10896,#10897),(#10898,#10899),(#10900,#10901)),
 .SURF_OF_LINEAR_EXTRUSION.,.F.,.F.,.F.,(4,1,1,1,1,1,1,1,4),(2,2),(0.0935674430785693,
0.206871512693748,0.320175582308927,0.433479651924106,0.546783721539285,
0.660087791154464,0.773391860769642,0.886695930384821,1.),(0.,1.),
 .UNSPECIFIED.);
#88=B_SPLINE_SURFACE_WITH_KNOTS('',3,1,((#10936,#10937),(#10938,#10939),
(#10940,#10941),(#10942,#10943),(#10944,#10945),(#10946,#10947),(#10948,
#10949),(#10950,#10951),(#10952,#10953),(#10954,#10955),(#10956,#10957)),
 .SURF_OF_LINEAR_EXTRUSION.,.F.,.F.,.F.,(4,1,1,1,1,1,1,1,4),(2,2),(0.,0.125,
0.25,0.375,0.5,0.625,0.75,0.875,1.),(0.,1.),.UNSPECIFIED.);
#89=B_SPLINE_SURFACE_WITH_KNOTS('',3,1,((#11412,#11413),(#11414,#11415),
(#11416,#11417),(#11418,#11419)),.SURF_OF_LINEAR_EXTRUSION.,.F.,.F.,.F.,
(4,4),(2,2),(0.,1.),(0.,1.),.PIECEWISE_BEZIER_KNOTS.);
#90=B_SPLINE_SURFACE_WITH_KNOTS('',3,1,((#11450,#11451),(#11452,#11453),
(#11454,#11455),(#11456,#11457)),.SURF_OF_LINEAR_EXTRUSION.,.F.,.F.,.F.,
(4,4),(2,2),(0.,1.),(0.,1.),.PIECEWISE_BEZIER_KNOTS.);
#91=B_SPLINE_SURFACE_WITH_KNOTS('',3,1,((#11467,#11468),(#11469,#11470),
(#11471,#11472),(#11473,#11474)),.SURF_OF_LINEAR_EXTRUSION.,.F.,.F.,.F.,
(4,4),(2,2),(0.,1.),(0.,1.),.PIECEWISE_BEZIER_KNOTS.);
#92=B_SPLINE_SURFACE_WITH_KNOTS('',3,1,((#11508,#11509),(#11510,#11511),
(#11512,#11513),(#11514,#11515)),.SURF_OF_LINEAR_EXTRUSION.,.F.,.F.,.F.,
(4,4),(2,2),(0.,1.),(0.,1.),.PIECEWISE_BEZIER_KNOTS.);
#93=B_SPLINE_SURFACE_WITH_KNOTS('',3,1,((#11521,#11522),(#11523,#11524),
(#11525,#11526),(#11527,#11528)),.SURF_OF_LINEAR_EXTRUSION.,.F.,.F.,.F.,
(4,4),(2,2),(0.,1.),(0.,1.),.PIECEWISE_BEZIER_KNOTS.);
#94=B_SPLINE_SURFACE_WITH_KNOTS('',3,1,((#11534,#11535),(#11536,#11537),
(#11538,#11539),(#11540,#11541)),.SURF_OF_LINEAR_EXTRUSION.,.F.,.F.,.F.,
(4,4),(2,2),(0.,1.),(0.,1.),.PIECEWISE_BEZIER_KNOTS.);
#95=B_SPLINE_SURFACE_WITH_KNOTS('',3,1,((#11555,#11556),(#11557,#11558),
(#11559,#11560),(#11561,#11562)),.SURF_OF_LINEAR_EXTRUSION.,.F.,.F.,.F.,
(4,4),(2,2),(0.,1.),(0.,1.),.PIECEWISE_BEZIER_KNOTS.);
#96=B_SPLINE_SURFACE_WITH_KNOTS('',3,1,((#11568,#11569),(#11570,#11571),
(#11572,#11573),(#11574,#11575)),.SURF_OF_LINEAR_EXTRUSION.,.F.,.F.,.F.,
(4,4),(2,2),(0.,1.),(0.,1.),.PIECEWISE_BEZIER_KNOTS.);
#97=B_SPLINE_SURFACE_WITH_KNOTS('',3,1,((#11587,#11588),(#11589,#11590),
(#11591,#11592),(#11593,#11594)),.SURF_OF_LINEAR_EXTRUSION.,.F.,.F.,.F.,
(4,4),(2,2),(0.,1.),(0.,1.),.PIECEWISE_BEZIER_KNOTS.);
#98=B_SPLINE_SURFACE_WITH_KNOTS('',3,1,((#11623,#11624),(#11625,#11626),
(#11627,#11628),(#11629,#11630)),.SURF_OF_LINEAR_EXTRUSION.,.F.,.F.,.F.,
(4,4),(2,2),(0.,1.),(0.,1.),.PIECEWISE_BEZIER_KNOTS.);
#99=B_SPLINE_SURFACE_WITH_KNOTS('',3,1,((#11658,#11659),(#11660,#11661),
(#11662,#11663),(#11664,#11665)),.SURF_OF_LINEAR_EXTRUSION.,.F.,.F.,.F.,
(4,4),(2,2),(0.,1.),(0.,1.),.PIECEWISE_BEZIER_KNOTS.);
#100=B_SPLINE_SURFACE_WITH_KNOTS('',3,1,((#11675,#11676),(#11677,#11678),
(#11679,#11680),(#11681,#11682)),.SURF_OF_LINEAR_EXTRUSION.,.F.,.F.,.F.,
(4,4),(2,2),(0.,1.),(0.,1.),.PIECEWISE_BEZIER_KNOTS.);
#101=B_SPLINE_SURFACE_WITH_KNOTS('',3,1,((#11710,#11711),(#11712,#11713),
(#11714,#11715),(#11716,#11717)),.SURF_OF_LINEAR_EXTRUSION.,.F.,.F.,.F.,
(4,4),(2,2),(0.,1.),(0.,1.),.PIECEWISE_BEZIER_KNOTS.);
#102=B_SPLINE_SURFACE_WITH_KNOTS('',3,1,((#11723,#11724),(#11725,#11726),
(#11727,#11728),(#11729,#11730)),.SURF_OF_LINEAR_EXTRUSION.,.F.,.F.,.F.,
(4,4),(2,2),(0.,1.),(0.,1.),.PIECEWISE_BEZIER_KNOTS.);
#103=B_SPLINE_CURVE_WITH_KNOTS('',2,(#6362,#6363,#6364),.UNSPECIFIED.,.F.,
 .F.,(3,3),(0.,1.),.PIECEWISE_BEZIER_KNOTS.);
#104=B_SPLINE_CURVE_WITH_KNOTS('',2,(#6366,#6367,#6368),.UNSPECIFIED.,.F.,
 .F.,(3,3),(0.,1.),.PIECEWISE_BEZIER_KNOTS.);
#105=B_SPLINE_CURVE_WITH_KNOTS('',2,(#6374,#6375,#6376),.UNSPECIFIED.,.F.,
 .F.,(3,3),(0.,1.),.PIECEWISE_BEZIER_KNOTS.);
#106=B_SPLINE_CURVE_WITH_KNOTS('',2,(#6378,#6379,#6380),.UNSPECIFIED.,.F.,
 .F.,(3,3),(0.,1.),.PIECEWISE_BEZIER_KNOTS.);
#107=B_SPLINE_CURVE_WITH_KNOTS('',2,(#6382,#6383,#6384),.UNSPECIFIED.,.F.,
 .F.,(3,3),(0.,1.),.PIECEWISE_BEZIER_KNOTS.);
#108=B_SPLINE_CURVE_WITH_KNOTS('',3,(#6404,#6405,#6406,#6407,#6408,#6409,
#6410,#6411,#6412),.UNSPECIFIED.,.F.,.F.,(4,1,1,1,1,1,4),(0.,0.00833272856631708,
0.0166654571326342,0.0249981856989512,0.0333309142652683,0.0499963713979025,
0.0666618285305366),.UNSPECIFIED.);
#109=B_SPLINE_CURVE_WITH_KNOTS('',2,(#6450,#6451,#6452),.UNSPECIFIED.,.F.,
 .F.,(3,3),(0.,1.),.PIECEWISE_BEZIER_KNOTS.);
#110=B_SPLINE_CURVE_WITH_KNOTS('',2,(#6454,#6455,#6456),.UNSPECIFIED.,.F.,
 .F.,(3,3),(0.,1.),.PIECEWISE_BEZIER_KNOTS.);
#111=B_SPLINE_CURVE_WITH_KNOTS('',3,(#6515,#6516,#6517,#6518,#6519,#6520,
#6521,#6522,#6523),.UNSPECIFIED.,.F.,.F.,(4,1,1,1,1,1,4),(0.,0.12248991815753,
0.271926294439714,0.458642342867761,0.702611296977486,0.878845558504036,
1.),.UNSPECIFIED.);
#112=B_SPLINE_CURVE_WITH_KNOTS('',3,(#6528,#6529,#6530,#6531,#6532,#6533,
#6534,#6535,#6536),.UNSPECIFIED.,.F.,.F.,(4,1,1,1,1,1,4),(0.,0.12248991815753,
0.271926294439714,0.458642342867761,0.702611296977486,0.878845558504036,
1.),.UNSPECIFIED.);
#113=B_SPLINE_CURVE_WITH_KNOTS('',3,(#6539,#6540,#6541,#6542,#6543,#6544,
#6545,#6546,#6547,#6548,#6549),.UNSPECIFIED.,.F.,.F.,(4,1,1,1,1,1,1,1,4),
(0.,0.00257837999809087,0.00386756999713631,0.00515675999618174,0.00644594999522718,
0.00773513999427261,0.00902432999331805,0.00966892499284077,0.0103135199923635),
 .UNSPECIFIED.);
#114=B_SPLINE_CURVE_WITH_KNOTS('',3,(#6552,#6553,#6554,#6555),
 .UNSPECIFIED.,.F.,.F.,(4,4),(0.,0.000731483834401006),.UNSPECIFIED.);
#115=B_SPLINE_CURVE_WITH_KNOTS('',3,(#6559,#6560,#6561,#6562,#6563,#6564,
#6565),.UNSPECIFIED.,.F.,.F.,(4,1,1,1,4),(0.,0.0104538442651006,0.0209076885302013,
0.0313615327953019,0.0418153770604025),.UNSPECIFIED.);
#116=B_SPLINE_CURVE_WITH_KNOTS('',3,(#6567,#6568,#6569,#6570),
 .UNSPECIFIED.,.F.,.F.,(4,4),(0.,0.00162195034385421),.UNSPECIFIED.);
#117=B_SPLINE_CURVE_WITH_KNOTS('',3,(#6572,#6573,#6574,#6575),
 .UNSPECIFIED.,.F.,.F.,(4,4),(0.,0.023061502759135),.UNSPECIFIED.);
#118=B_SPLINE_CURVE_WITH_KNOTS('',3,(#6577,#6578,#6579,#6580,#6581,#6582,
#6583),.UNSPECIFIED.,.F.,.F.,(4,1,1,1,4),(0.,0.00738359699381581,0.0147671939876316,
0.0295343879752632,0.0590687759505265),.UNSPECIFIED.);
#119=B_SPLINE_CURVE_WITH_KNOTS('',3,(#6585,#6586,#6587,#6588,#6589,#6590,
#6591,#6592,#6593),.UNSPECIFIED.,.F.,.F.,(4,1,1,1,1,1,4),(0.,0.0080116269993398,
0.0160232539986796,0.0240348809980194,0.0320465079973592,0.0480697619960388,
0.0640930159947184),.UNSPECIFIED.);
#120=B_SPLINE_CURVE_WITH_KNOTS('',3,(#6595,#6596,#6597,#6598,#6599,#6600),
 .UNSPECIFIED.,.F.,.F.,(4,1,1,4),(0.,0.00691622646189522,0.0138324529237904,
0.0276649058475809),.UNSPECIFIED.);
#121=B_SPLINE_CURVE_WITH_KNOTS('',3,(#6602,#6603,#6604,#6605),
 .UNSPECIFIED.,.F.,.F.,(4,4),(0.,0.0101867545265486),.UNSPECIFIED.);
#122=B_SPLINE_CURVE_WITH_KNOTS('',3,(#6609,#6610,#6611,#6612,#6613,#6614),
 .UNSPECIFIED.,.F.,.F.,(4,1,1,4),(5.2416213486763E-17,0.00690758777614143,
0.0138151755522828,0.0276303511045656),.UNSPECIFIED.);
#123=B_SPLINE_CURVE_WITH_KNOTS('',3,(#6615,#6616,#6617,#6618),
 .UNSPECIFIED.,.F.,.F.,(4,4),(2.44251283093729E-17,0.000751611789420316),
 .UNSPECIFIED.);
#124=B_SPLINE_CURVE_WITH_KNOTS('',3,(#6620,#6621,#6622,#6623,#6624,#6625,
#6626,#6627),.UNSPECIFIED.,.F.,.F.,(4,1,1,1,1,4),(0.0181566947928448,0.0491004691746828,
0.0568364127701423,0.0645723563656018,0.0723082999610613,0.0800442435565208),
 .UNSPECIFIED.);
#125=B_SPLINE_CURVE_WITH_KNOTS('',3,(#6629,#6630,#6631,#6632),
 .UNSPECIFIED.,.F.,.F.,(4,4),(0.,0.0231463979379406),.UNSPECIFIED.);
#126=B_SPLINE_CURVE_WITH_KNOTS('',3,(#6636,#6637,#6638,#6639,#6640,#6641,
#6642),.UNSPECIFIED.,.F.,.F.,(4,1,1,1,4),(0.,0.0103929244830307,0.0207858489660614,
0.0311787734490921,0.0415716979321228),.UNSPECIFIED.);
#127=B_SPLINE_CURVE_WITH_KNOTS('',3,(#6646,#6647,#6648,#6649),
 .UNSPECIFIED.,.F.,.F.,(4,4),(0.,0.00160513842942107),.UNSPECIFIED.);
#128=B_SPLINE_CURVE_WITH_KNOTS('',3,(#6651,#6652,#6653,#6654,#6655,#6656,
#6657,#6658,#6659),.UNSPECIFIED.,.F.,.F.,(4,1,1,1,1,1,4),(0.,0.00119173183395655,
0.0023834636679131,0.00357519550186965,0.00476692733582621,0.00715039100373931,
0.00953385467165241),.UNSPECIFIED.);
#129=B_SPLINE_CURVE_WITH_KNOTS('',5,(#6741,#6742,#6743,#6744,#6745,#6746,
#6747,#6748,#6749,#6750,#6751,#6752,#6753,#6754,#6755,#6756,#6757,#6758,
#6759,#6760,#6761,#6762,#6763,#6764,#6765,#6766,#6767,#6768,#6769,#6770,
#6771),.UNSPECIFIED.,.F.,.F.,(6,5,3,3,3,3,3,5,6),(-23.9676922252303,-22.9676922252303,
-20.6907472185683,-17.7353553188432,-13.8930733586437,-7.70582111642645,
-1.10638098051742,0.,1.),.UNSPECIFIED.);
#130=B_SPLINE_CURVE_WITH_KNOTS('',3,(#6773,#6774,#6775,#6776,#6777,#6778,
#6779,#6780,#6781,#6782,#6783,#6784,#6785,#6786,#6787,#6788,#6789,#6790,
#6791,#6792,#6793,#6794,#6795,#6796,#6797,#6798,#6799,#6800,#6801,#6802,
#6803,#6804,#6805,#6806,#6807,#6808,#6809,#6810,#6811,#6812,#6813,#6814,
#6815,#6816,#6817,#6818,#6819,#6820,#6821,#6822,#6823,#6824),
 .UNSPECIFIED.,.F.,.F.,(4,1,1,1,1,1,1,1,1,1,1,1,1,1,1,1,1,1,1,1,1,1,1,1,
1,1,1,1,1,1,1,1,1,1,1,1,1,1,1,1,1,1,1,1,1,1,1,1,1,4),(0.,0.0625,0.125,0.1875,
0.21875,0.234375,0.25,0.265625,0.28125,0.3125,0.375,0.40625,0.4375,0.46875,
0.484375,0.4921875,0.5,0.5078125,0.515625,0.53125,0.5625,0.59375,0.625,
0.6875,0.71875,0.734375,0.75,0.765625,0.78125,0.8125,0.828125,0.84375,0.859375,
0.8671875,0.87109375,0.875,0.87890625,0.8828125,0.890625,0.90625,0.921875,
0.9296875,0.9375,0.9453125,0.953125,0.9609375,0.96875,0.9765625,0.984375,
1.),.UNSPECIFIED.);
#131=B_SPLINE_CURVE_WITH_KNOTS('',5,(#6826,#6827,#6828,#6829,#6830,#6831,
#6832,#6833,#6834,#6835,#6836,#6837,#6838,#6839,#6840,#6841),
 .UNSPECIFIED.,.F.,.F.,(6,5,5,6),(0.0418890481213647,1.,1.97292365911612,
2.97292365911612),.UNSPECIFIED.);
#132=B_SPLINE_CURVE_WITH_KNOTS('',3,(#6843,#6844,#6845,#6846,#6847,#6848,
#6849,#6850,#6851,#6852,#6853,#6854,#6855,#6856,#6857,#6858,#6859,#6860,
#6861,#6862,#6863,#6864,#6865,#6866),.UNSPECIFIED.,.F.,.F.,(4,1,1,1,1,1,
1,1,1,1,1,1,1,1,1,1,1,1,1,1,1,4),(0.,0.125,0.1875,0.25,0.3125,0.375,0.4375,
0.46875,0.5,0.53125,0.5625,0.625,0.6875,0.71875,0.734375,0.75,0.765625,
0.78125,0.8125,0.875,0.9375,1.),.UNSPECIFIED.);
#133=B_SPLINE_CURVE_WITH_KNOTS('',3,(#6870,#6871,#6872,#6873,#6874,#6875,
#6876,#6877,#6878,#6879,#6880,#6881,#6882,#6883,#6884,#6885,#6886,#6887,
#6888,#6889,#6890,#6891,#6892,#6893,#6894,#6895,#6896,#6897,#6898,#6899,
#6900,#6901,#6902,#6903,#6904,#6905,#6906,#6907,#6908,#6909,#6910,#6911,
#6912,#6913,#6914,#6915,#6916,#6917,#6918,#6919,#6920,#6921,#6922,#6923,
#6924,#6925),.UNSPECIFIED.,.F.,.F.,(4,1,1,1,1,1,1,1,1,1,1,1,1,1,1,1,1,1,
1,1,1,1,1,1,1,1,1,1,1,1,1,1,1,1,1,1,1,1,1,1,1,1,1,1,1,1,1,1,1,1,1,1,1,4),
(0.,0.03125,0.046875,0.0625,0.0703125,0.078125,0.09375,0.109375,0.125,0.1328125,
0.140625,0.142578125,0.14453125,0.1484375,0.15625,0.171875,0.1875,0.21875,
0.25,0.265625,0.2734375,0.28125,0.28515625,0.2890625,0.296875,0.3125,0.34375,
0.375,0.40625,0.4375,0.46875,0.484375,0.4921875,0.5,0.5078125,0.515625,
0.53125,0.5625,0.59375,0.625,0.65625,0.6875,0.71875,0.734375,0.7421875,
0.75,0.7578125,0.765625,0.78125,0.8125,0.84375,0.875,0.9375,1.),
 .UNSPECIFIED.);
#134=B_SPLINE_CURVE_WITH_KNOTS('',3,(#6931,#6932,#6933,#6934,#6935,#6936,
#6937,#6938,#6939,#6940,#6941,#6942,#6943,#6944,#6945,#6946,#6947,#6948),
 .UNSPECIFIED.,.F.,.F.,(4,1,1,1,1,1,1,1,1,1,1,1,1,1,1,4),(0.,0.125,0.1875,
0.25,0.3125,0.375,0.4375,0.46875,0.5,0.53125,0.5625,0.625,0.6875,0.75,0.875,
1.),.UNSPECIFIED.);
#135=B_SPLINE_CURVE_WITH_KNOTS('',5,(#6950,#6951,#6952,#6953,#6954,#6955),
 .UNSPECIFIED.,.F.,.F.,(6,6),(47.4693736210727,48.4621268123341),
 .UNSPECIFIED.);
#136=B_SPLINE_CURVE_WITH_KNOTS('',5,(#6959,#6960,#6961,#6962,#6963,#6964),
 .UNSPECIFIED.,.F.,.F.,(6,6),(-1.,0.),.UNSPECIFIED.);
#137=B_SPLINE_CURVE_WITH_KNOTS('',3,(#6966,#6967,#6968,#6969,#6970,#6971,
#6972,#6973,#6974,#6975,#6976,#6977,#6978,#6979,#6980,#6981,#6982,#6983,
#6984,#6985,#6986,#6987,#6988,#6989,#6990,#6991,#6992,#6993,#6994,#6995,
#6996,#6997,#6998,#6999,#7000,#7001,#7002,#7003,#7004,#7005,#7006,#7007,
#7008,#7009,#7010,#7011,#7012),.UNSPECIFIED.,.F.,.F.,(4,1,1,1,1,1,1,1,1,
1,1,1,1,1,1,1,1,1,1,1,1,1,1,1,1,1,1,1,1,1,1,1,1,1,1,1,1,1,1,1,1,1,1,1,4),
(0.,0.125,0.1875,0.21875,0.234375,0.2421875,0.25,0.2578125,0.265625,0.28125,
0.3125,0.375,0.40625,0.4375,0.453125,0.46875,0.484375,0.4921875,0.49609375,
0.5,0.50390625,0.5078125,0.515625,0.53125,0.546875,0.5625,0.59375,0.609375,
0.6171875,0.625,0.6328125,0.640625,0.65625,0.6875,0.71875,0.734375,0.75,
0.765625,0.78125,0.8125,0.84375,0.875,0.90625,0.9375,1.),.UNSPECIFIED.);
#138=B_SPLINE_CURVE_WITH_KNOTS('',3,(#7014,#7015,#7016,#7017,#7018,#7019,
#7020,#7021,#7022,#7023,#7024),.UNSPECIFIED.,.F.,.F.,(4,1,1,1,1,1,1,1,4),
(0.,0.25,0.375,0.4375,0.5,0.5625,0.625,0.75,1.),.UNSPECIFIED.);
#139=B_SPLINE_CURVE_WITH_KNOTS('',5,(#7026,#7027,#7028,#7029,#7030,#7031,
#7032,#7033,#7034,#7035,#7036,#7037,#7038,#7039,#7040,#7041,#7042,#7043,
#7044,#7045,#7046,#7047,#7048,#7049,#7050,#7051,#7052,#7053,#7054,#7055,
#7056),.UNSPECIFIED.,.F.,.F.,(6,5,3,3,3,3,3,5,6),(-23.9676922252303,-22.9676922252303,
-20.6907472185683,-17.7353553188432,-13.8930733586437,-7.70582111642645,
-1.10638098051742,0.,1.),.UNSPECIFIED.);
#140=B_SPLINE_CURVE_WITH_KNOTS('',5,(#7133,#7134,#7135,#7136,#7137,#7138,
#7139,#7140,#7141,#7142,#7143,#7144,#7145,#7146,#7147,#7148,#7149,#7150,
#7151,#7152,#7153,#7154,#7155,#7156,#7157,#7158,#7159,#7160,#7161,#7162,
#7163,#7164,#7165,#7166,#7167,#7168,#7169,#7170,#7171,#7172,#7173,#7174,
#7175,#7176,#7177,#7178,#7179),.UNSPECIFIED.,.F.,.F.,(6,5,3,5,3,3,3,3,3,
5,3,5,6),(-3.49676922252303,-1.20839256805118,-1.,0.,1.10638098051742,7.70582111642645,
13.8930733586437,17.7353553188432,20.6907472185683,22.9676922252303,23.9676922252303,
24.2591450884308,26.4644614477534),.UNSPECIFIED.);
#141=B_SPLINE_CURVE_WITH_KNOTS('',5,(#7181,#7182,#7183,#7184,#7185,#7186,
#7187,#7188,#7189,#7190,#7191,#7192,#7193,#7194,#7195,#7196,#7197,#7198,
#7199,#7200,#7201,#7202,#7203,#7204,#7205,#7206,#7207,#7208,#7209,#7210,
#7211,#7212,#7213,#7214,#7215,#7216,#7217,#7218,#7219,#7220,#7221,#7222,
#7223,#7224,#7225,#7226,#7227),.UNSPECIFIED.,.F.,.F.,(6,5,3,5,3,3,3,3,3,
5,3,5,6),(-3.49676922252303,-1.20839256805118,-1.,0.,1.10638098051742,7.70582111642645,
13.8930733586437,17.7353553188432,20.6907472185683,22.9676922252303,23.9676922252303,
24.2591450884308,26.4644614477534),.UNSPECIFIED.);
#142=B_SPLINE_CURVE_WITH_KNOTS('',3,(#7231,#7232,#7233,#7234),
 .UNSPECIFIED.,.F.,.F.,(4,4),(0.,0.961538851680673),.UNSPECIFIED.);
#143=B_SPLINE_CURVE_WITH_KNOTS('',3,(#7274,#7275,#7276,#7277),
 .UNSPECIFIED.,.F.,.F.,(4,4),(0.,0.00295208542276423),.UNSPECIFIED.);
#144=B_SPLINE_CURVE_WITH_KNOTS('',3,(#7278,#7279,#7280,#7281),
 .UNSPECIFIED.,.F.,.F.,(4,4),(0.0286444426021537,0.0408110887129015),
 .UNSPECIFIED.);
#145=B_SPLINE_CURVE_WITH_KNOTS('',3,(#7285,#7286,#7287,#7288),
 .UNSPECIFIED.,.F.,.F.,(4,4),(2.59629636315952E-17,0.0227378132956542),
 .UNSPECIFIED.);
#146=B_SPLINE_CURVE_WITH_KNOTS('',3,(#7290,#7291,#7292,#7293,#7294,#7295),
 .UNSPECIFIED.,.F.,.F.,(4,1,1,4),(0.00851782496418528,0.0232527780053695,
0.0306202545259616,0.0379877310465537),.UNSPECIFIED.);
#147=B_SPLINE_CURVE_WITH_KNOTS('',3,(#7297,#7298,#7299,#7300,#7301,#7302,
#7303),.UNSPECIFIED.,.F.,.F.,(4,1,1,1,4),(0.,0.00861235968932459,0.0172247193786492,
0.0258370790679738,0.0344494387572984),.UNSPECIFIED.);
#148=B_SPLINE_CURVE_WITH_KNOTS('',3,(#7305,#7306,#7307,#7308,#7309,#7310),
 .UNSPECIFIED.,.F.,.F.,(4,1,1,4),(0.,0.00639075300055368,0.0127815060011074,
0.0255630120022147),.UNSPECIFIED.);
#149=B_SPLINE_CURVE_WITH_KNOTS('',3,(#7314,#7315,#7316,#7317),
 .UNSPECIFIED.,.F.,.F.,(4,4),(0.,0.0093159627814459),.UNSPECIFIED.);
#150=B_SPLINE_CURVE_WITH_KNOTS('',3,(#7319,#7320,#7321,#7322,#7323,#7324),
 .UNSPECIFIED.,.F.,.F.,(4,1,1,4),(0.,0.00639881689737208,0.0127976337947442,
0.0255952675894883),.UNSPECIFIED.);
#151=B_SPLINE_CURVE_WITH_KNOTS('',3,(#7326,#7327,#7328,#7329,#7330),
 .UNSPECIFIED.,.F.,.F.,(4,1,4),(0.,0.0150344334655088,0.0300688669310175),
 .UNSPECIFIED.);
#152=B_SPLINE_CURVE_WITH_KNOTS('',3,(#7332,#7333,#7334,#7335,#7336),
 .UNSPECIFIED.,.F.,.F.,(4,1,4),(0.0130705243049353,0.0258359627039052,0.038601401102875),
 .UNSPECIFIED.);
#153=B_SPLINE_CURVE_WITH_KNOTS('',3,(#7338,#7339,#7340,#7341),
 .UNSPECIFIED.,.F.,.F.,(4,4),(5.59431511413976E-17,0.0226463906086037),
 .UNSPECIFIED.);
#154=B_SPLINE_CURVE_WITH_KNOTS('',3,(#7343,#7344,#7345,#7346),
 .UNSPECIFIED.,.F.,.F.,(4,4),(0.,0.000965842143087507),.UNSPECIFIED.);
#155=B_SPLINE_CURVE_WITH_KNOTS('',3,(#7348,#7349,#7350,#7351),
 .UNSPECIFIED.,.F.,.F.,(4,4),(0.0287465151749351,0.0409683338626767),
 .UNSPECIFIED.);
#156=B_SPLINE_CURVE_WITH_KNOTS('',3,(#7355,#7356,#7357,#7358),
 .UNSPECIFIED.,.F.,.F.,(4,4),(0.,0.00295208542276423),.UNSPECIFIED.);
#157=B_SPLINE_CURVE_WITH_KNOTS('',3,(#7393,#7394,#7395,#7396),
 .UNSPECIFIED.,.F.,.F.,(4,4),(0.00776938750565106,0.0261756563007296),
 .UNSPECIFIED.);
#158=B_SPLINE_CURVE_WITH_KNOTS('',3,(#7400,#7401,#7402,#7403),
 .UNSPECIFIED.,.F.,.F.,(4,4),(0.00776938750565106,0.0261756563007296),
 .UNSPECIFIED.);
#159=B_SPLINE_CURVE_WITH_KNOTS('',3,(#7407,#7408,#7409,#7410),
 .UNSPECIFIED.,.F.,.F.,(4,4),(0.,0.0239242585333651),.UNSPECIFIED.);
#160=B_SPLINE_CURVE_WITH_KNOTS('',3,(#7414,#7415,#7416,#7417),
 .UNSPECIFIED.,.F.,.F.,(4,4),(0.,0.0239331054051846),.UNSPECIFIED.);
#161=B_SPLINE_CURVE_WITH_KNOTS('',3,(#7421,#7422,#7423,#7424),
 .UNSPECIFIED.,.F.,.F.,(4,4),(0.000459964192704453,0.00528845198300173),
 .UNSPECIFIED.);
#162=B_SPLINE_CURVE_WITH_KNOTS('',3,(#7428,#7429,#7430,#7431),
 .UNSPECIFIED.,.F.,.F.,(4,4),(0.0287539274270755,0.0394427345293665),
 .UNSPECIFIED.);
#163=B_SPLINE_CURVE_WITH_KNOTS('',3,(#7433,#7434,#7435,#7436),
 .UNSPECIFIED.,.F.,.F.,(4,4),(0.,0.0218149876645146),.UNSPECIFIED.);
#164=B_SPLINE_CURVE_WITH_KNOTS('',3,(#7438,#7439,#7440,#7441,#7442,#7443),
 .UNSPECIFIED.,.F.,.F.,(4,1,1,4),(0.,0.00700889688518622,0.0140177937703724,
0.0280355875407449),.UNSPECIFIED.);
#165=B_SPLINE_CURVE_WITH_KNOTS('',3,(#7445,#7446,#7447,#7448,#7449),
 .UNSPECIFIED.,.F.,.F.,(4,1,4),(0.0335812970542509,0.0493781568900781,0.0651750167259053),
 .UNSPECIFIED.);
#166=B_SPLINE_CURVE_WITH_KNOTS('',3,(#7451,#7452,#7453,#7454,#7455,#7456,
#7457,#7458,#7459,#7460,#7461,#7462),.UNSPECIFIED.,.F.,.F.,(4,1,1,1,1,1,
1,1,1,4),(0.,0.0108295751079039,0.0162443626618558,0.0216591502158078,0.0243665439927838,
0.0270739377697597,0.0297813315467357,0.0324887253237117,0.0379035128776637,
0.0433183004316156),.UNSPECIFIED.);
#167=B_SPLINE_CURVE_WITH_KNOTS('',3,(#7464,#7465,#7466,#7467),
 .UNSPECIFIED.,.F.,.F.,(4,4),(0.,0.0257490547416994),.UNSPECIFIED.);
#168=B_SPLINE_CURVE_WITH_KNOTS('',3,(#7471,#7472,#7473,#7474,#7475,#7476,
#7477,#7478,#7479,#7480,#7481),.UNSPECIFIED.,.F.,.F.,(4,1,1,1,1,1,1,1,4),
(0.,0.0107294328497786,0.0160941492746678,0.0214588656995571,0.0268235821244464,
0.029505940336891,0.0321882985493357,0.0375530149742249,0.0429177313991142),
 .UNSPECIFIED.);
#169=B_SPLINE_CURVE_WITH_KNOTS('',3,(#7483,#7484,#7485,#7486),
 .UNSPECIFIED.,.F.,.F.,(4,4),(0.0369771516146523,0.0652035988727786),
 .UNSPECIFIED.);
#170=B_SPLINE_CURVE_WITH_KNOTS('',3,(#7488,#7489,#7490,#7491,#7492,#7493),
 .UNSPECIFIED.,.F.,.F.,(4,1,1,4),(9.29008803149104E-17,0.00773921565215995,
0.0154784313043198,0.0309568626086395),.UNSPECIFIED.);
#171=B_SPLINE_CURVE_WITH_KNOTS('',3,(#7495,#7496,#7497,#7498),
 .UNSPECIFIED.,.F.,.F.,(4,4),(0.,0.0219745773894608),.UNSPECIFIED.);
#172=B_SPLINE_CURVE_WITH_KNOTS('',3,(#7500,#7501,#7502,#7503),
 .UNSPECIFIED.,.F.,.F.,(4,4),(0.0286513239977927,0.0393906611835794),
 .UNSPECIFIED.);
#173=B_SPLINE_CURVE_WITH_KNOTS('',3,(#7507,#7508,#7509,#7510),
 .UNSPECIFIED.,.F.,.F.,(4,4),(0.000459964192704453,0.00528845198300173),
 .UNSPECIFIED.);
#174=B_SPLINE_CURVE_WITH_KNOTS('',3,(#7514,#7515,#7516,#7517),
 .UNSPECIFIED.,.F.,.F.,(4,4),(0.,0.0238303566348099),.UNSPECIFIED.);
#175=B_SPLINE_CURVE_WITH_KNOTS('',3,(#7521,#7522,#7523,#7524),
 .UNSPECIFIED.,.F.,.F.,(4,4),(0.,0.0238221478215375),.UNSPECIFIED.);
#176=B_SPLINE_CURVE_WITH_KNOTS('',3,(#7598,#7599,#7600,#7601,#7602,#7603,
#7604,#7605,#7606,#7607,#7608),.UNSPECIFIED.,.F.,.F.,(4,1,1,1,1,1,1,1,4),
(0.,0.00159066493729207,0.00318132987458415,0.00477199481187622,0.0063626597491683,
0.00795332468646037,0.00954398962375245,0.0111346545610445,0.0127253194983366),
 .UNSPECIFIED.);
#177=B_SPLINE_CURVE_WITH_KNOTS('',3,(#7611,#7612,#7613,#7614),
 .UNSPECIFIED.,.F.,.F.,(4,4),(0.,0.00131896643171426),.UNSPECIFIED.);
#178=B_SPLINE_CURVE_WITH_KNOTS('',3,(#7618,#7619,#7620,#7621,#7622,#7623,
#7624),.UNSPECIFIED.,.F.,.F.,(4,1,1,1,4),(0.,0.00965729767962278,0.0193145953592456,
0.0289718930388683,0.0386291907184911),.UNSPECIFIED.);
#179=B_SPLINE_CURVE_WITH_KNOTS('',3,(#7626,#7627,#7628,#7629),
 .UNSPECIFIED.,.F.,.F.,(4,4),(0.,0.0207716359765214),.UNSPECIFIED.);
#180=B_SPLINE_CURVE_WITH_KNOTS('',3,(#7631,#7632,#7633,#7634,#7635,#7636,
#7637,#7638),.UNSPECIFIED.,.F.,.F.,(4,1,1,1,1,4),(0.,0.00772155510240078,
0.0154431102048016,0.0308862204096031,0.0463293306144047,0.0617724408192062),
 .UNSPECIFIED.);
#181=B_SPLINE_CURVE_WITH_KNOTS('',3,(#7640,#7641,#7642,#7643,#7644,#7645,
#7646,#7647,#7648,#7649,#7650,#7651,#7652),.UNSPECIFIED.,.F.,.F.,(4,1,1,
1,1,1,1,1,1,1,4),(0.00215287249890564,0.013085669963266,0.0185520686954461,
0.0240184674276263,0.0267516667937163,0.0294848661598064,0.0322180655258965,
0.0349512648919866,0.0376844642580767,0.0404176636241668,0.0458840623563469),
 .UNSPECIFIED.);
#182=B_SPLINE_CURVE_WITH_KNOTS('',3,(#7656,#7657,#7658,#7659),
 .UNSPECIFIED.,.F.,.F.,(4,4),(0.,0.0278448330670629),.UNSPECIFIED.);
#183=B_SPLINE_CURVE_WITH_KNOTS('',3,(#7661,#7662,#7663,#7664,#7665,#7666,
#7667,#7668,#7669,#7670,#7671,#7672,#7673),.UNSPECIFIED.,.F.,.F.,(4,1,1,
1,1,1,1,1,1,1,4),(0.00110695709982196,0.0124142840683603,0.0180679475526294,
0.0237216110368986,0.0265484427790332,0.0293752745211677,0.0322021062633023,
0.0350289380054369,0.0378557697475715,0.0406826014897061,0.0463362649739752),
 .UNSPECIFIED.);
#184=B_SPLINE_CURVE_WITH_KNOTS('',3,(#7675,#7676,#7677,#7678,#7679,#7680,
#7681,#7682),.UNSPECIFIED.,.F.,.F.,(4,1,1,1,1,4),(0.0218298692402358,0.0372303173852496,
0.0526307655302635,0.0680312136752773,0.0757314377477842,0.0834316618202912),
 .UNSPECIFIED.);
#185=B_SPLINE_CURVE_WITH_KNOTS('',3,(#7684,#7685,#7686,#7687),
 .UNSPECIFIED.,.F.,.F.,(4,4),(0.,0.0206037060108441),.UNSPECIFIED.);
#186=B_SPLINE_CURVE_WITH_KNOTS('',3,(#7689,#7690,#7691,#7692,#7693,#7694,
#7695),.UNSPECIFIED.,.F.,.F.,(4,1,1,1,4),(0.,0.0096538283606668,0.0193076567213336,
0.0289614850820004,0.0386153134426672),.UNSPECIFIED.);
#187=B_SPLINE_CURVE_WITH_KNOTS('',3,(#7699,#7700,#7701,#7702,#7703,#7704,
#7705,#7706,#7707,#7708,#7709,#7710),.UNSPECIFIED.,.F.,.F.,(4,1,1,1,1,1,
1,1,1,4),(0.,0.000875299445037249,0.0017505988900745,0.003501197780149,
0.0052517966702235,0.00700239556029799,0.00875299445037249,0.010503593340447,
0.0122541922305215,0.014004791120596),.UNSPECIFIED.);
#188=B_SPLINE_CURVE_WITH_KNOTS('',3,(#7764,#7765,#7766,#7767),
 .UNSPECIFIED.,.F.,.F.,(4,4),(1.76907777093865E-17,0.000680104853147281),
 .UNSPECIFIED.);
#189=B_SPLINE_CURVE_WITH_KNOTS('',3,(#7769,#7770,#7771,#7772),
 .UNSPECIFIED.,.F.,.F.,(4,4),(0.,0.000732065812494899),.UNSPECIFIED.);
#190=B_SPLINE_CURVE_WITH_KNOTS('',3,(#7779,#7780,#7781,#7782),
 .UNSPECIFIED.,.F.,.F.,(4,4),(0.,0.000321393476846022),.UNSPECIFIED.);
#191=B_SPLINE_CURVE_WITH_KNOTS('',3,(#7785,#7786,#7787,#7788),
 .UNSPECIFIED.,.F.,.F.,(4,4),(0.000331478675626961,0.00112967445617119),
 .UNSPECIFIED.);
#192=B_SPLINE_CURVE_WITH_KNOTS('',3,(#7791,#7792,#7793,#7794),
 .UNSPECIFIED.,.F.,.F.,(4,4),(4.33680868994202E-18,0.00255184807099592),
 .UNSPECIFIED.);
#193=B_SPLINE_CURVE_WITH_KNOTS('',3,(#7804,#7805,#7806,#7807,#7808,#7809,
#7810,#7811,#7812,#7813,#7814,#7815,#7816,#7817,#7818,#7819,#7820,#7821,
#7822,#7823,#7824,#7825,#7826,#7827,#7828,#7829,#7830,#7831,#7832,#7833,
#7834,#7835,#7836,#7837,#7838,#7839,#7840,#7841,#7842,#7843,#7844,#7845,
#7846,#7847,#7848,#7849,#7850,#7851,#7852,#7853,#7854,#7855,#7856,#7857,
#7858,#7859,#7860,#7861,#7862,#7863,#7864,#7865,#7866,#7867,#7868,#7869,
#7870,#7871,#7872,#7873,#7874,#7875,#7876,#7877,#7878,#7879,#7880,#7881,
#7882,#7883,#7884,#7885,#7886,#7887,#7888,#7889,#7890,#7891,#7892,#7893,
#7894,#7895,#7896,#7897,#7898,#7899,#7900,#7901,#7902,#7903,#7904,#7905,
#7906,#7907,#7908,#7909,#7910,#7911,#7912,#7913,#7914,#7915,#7916,#7917,
#7918,#7919,#7920,#7921,#7922,#7923,#7924,#7925,#7926,#7927,#7928,#7929,
#7930,#7931,#7932,#7933,#7934,#7935,#7936,#7937,#7938,#7939,#7940,#7941,
#7942,#7943,#7944,#7945,#7946,#7947,#7948,#7949,#7950,#7951,#7952,#7953,
#7954,#7955,#7956,#7957),.UNSPECIFIED.,.F.,.F.,(4,1,1,1,1,1,1,1,1,1,1,1,
1,1,1,1,1,1,1,1,1,1,1,1,1,1,1,1,1,1,1,1,1,1,1,1,1,1,1,1,1,1,1,1,1,1,1,1,
1,1,1,1,1,1,1,1,1,1,1,1,1,1,1,1,1,1,1,1,1,1,1,1,1,1,1,1,1,1,1,1,1,1,1,1,
1,1,1,1,1,1,1,1,1,1,1,1,1,1,1,1,1,1,1,1,1,1,1,1,1,1,1,1,1,1,1,1,1,1,1,1,
1,1,1,1,1,1,1,1,1,1,1,1,1,1,1,1,1,1,1,1,1,1,1,1,1,1,1,1,1,1,1,4),(0.,0.0078125,
0.015625,0.01953125,0.0234375,0.03125,0.0390625,0.04296875,0.046875,0.05078125,
0.0546875,0.05859375,0.0625,0.06640625,0.0703125,0.07421875,0.078125,0.08203125,
0.0859375,0.08984375,0.09375,0.1015625,0.109375,0.11328125,0.1171875,0.12109375,
0.125,0.12890625,0.1328125,0.140625,0.15625,0.171875,0.1796875,0.18359375,
0.1875,0.19140625,0.1953125,0.203125,0.2109375,0.21484375,0.216796875,0.21875,
0.220703125,0.22265625,0.2265625,0.234375,0.2421875,0.24609375,0.248046875,
0.25,0.251953125,0.25390625,0.2578125,0.265625,0.2734375,0.28125,0.2890625,
0.296875,0.3046875,0.30859375,0.3125,0.31640625,0.3203125,0.328125,0.34375,
0.3515625,0.359375,0.36328125,0.3671875,0.37109375,0.373046875,0.3740234375,
0.375,0.3759765625,0.376953125,0.37890625,0.3828125,0.38671875,0.390625,
0.3984375,0.40625,0.4140625,0.421875,0.4296875,0.43359375,0.435546875,0.4375,
0.439453125,0.44140625,0.4453125,0.453125,0.4609375,0.46484375,0.46875,
0.47265625,0.4765625,0.484375,0.4921875,0.49609375,0.498046875,0.5,0.501953125,
0.50390625,0.5078125,0.515625,0.5234375,0.53125,0.546875,0.5546875,0.55859375,
0.5625,0.56640625,0.5703125,0.578125,0.59375,0.609375,0.6171875,0.625,0.6328125,
0.640625,0.65625,0.6875,0.71875,0.734375,0.75,0.765625,0.78125,0.796875,
0.8125,0.828125,0.84375,0.859375,0.8671875,0.875,0.8828125,0.890625,0.8984375,
0.90625,0.9140625,0.921875,0.9296875,0.9375,0.9453125,0.953125,0.9609375,
0.96484375,0.96875,0.97265625,0.9765625,0.984375,0.9921875,1.),
 .UNSPECIFIED.);
#194=B_SPLINE_CURVE_WITH_KNOTS('',5,(#7960,#7961,#7962,#7963,#7964,#7965,
#7966,#7967,#7968,#7969,#7970,#7971,#7972,#7973,#7974,#7975),
 .UNSPECIFIED.,.F.,.F.,(6,5,5,6),(0.041889059308377,1.,1.97292365911612,
2.97292365911612),.UNSPECIFIED.);
#195=B_SPLINE_CURVE_WITH_KNOTS('',5,(#7980,#7981,#7982,#7983,#7984,#7985),
 .UNSPECIFIED.,.F.,.F.,(6,6),(47.4693736210727,48.4621268123339),
 .UNSPECIFIED.);
#196=B_SPLINE_CURVE_WITH_KNOTS('',3,(#7987,#7988,#7989,#7990,#7991,#7992,
#7993,#7994,#7995,#7996,#7997,#7998,#7999,#8000,#8001,#8002,#8003,#8004,
#8005,#8006,#8007,#8008,#8009,#8010,#8011,#8012,#8013,#8014,#8015,#8016,
#8017,#8018,#8019,#8020,#8021,#8022,#8023,#8024,#8025,#8026,#8027,#8028,
#8029,#8030,#8031,#8032,#8033,#8034,#8035,#8036,#8037,#8038,#8039,#8040,
#8041,#8042,#8043,#8044,#8045,#8046,#8047,#8048,#8049,#8050,#8051,#8052,
#8053,#8054,#8055,#8056,#8057,#8058,#8059,#8060,#8061,#8062,#8063,#8064,
#8065,#8066,#8067,#8068,#8069,#8070,#8071,#8072,#8073,#8074,#8075,#8076,
#8077,#8078,#8079,#8080,#8081,#8082,#8083,#8084,#8085,#8086,#8087,#8088,
#8089,#8090,#8091,#8092,#8093,#8094,#8095,#8096,#8097,#8098,#8099,#8100,
#8101,#8102,#8103,#8104,#8105,#8106,#8107,#8108,#8109,#8110),
 .UNSPECIFIED.,.F.,.F.,(4,1,1,1,1,1,1,1,1,1,1,1,1,1,1,1,1,1,1,1,1,1,1,1,
1,1,1,1,1,1,1,1,1,1,1,1,1,1,1,1,1,1,1,1,1,1,1,1,1,1,1,1,1,1,1,1,1,1,1,1,
1,1,1,1,1,1,1,1,1,1,1,1,1,1,1,1,1,1,1,1,1,1,1,1,1,1,1,1,1,1,1,1,1,1,1,1,
1,1,1,1,1,1,1,1,1,1,1,1,1,1,1,1,1,1,1,1,1,1,1,1,1,4),(0.,0.015625,0.03125,
0.0390625,0.046875,0.0546875,0.05859375,0.060546875,0.0625,0.064453125,
0.06640625,0.0703125,0.078125,0.0859375,0.09375,0.1015625,0.109375,0.11328125,
0.1171875,0.12109375,0.123046875,0.1240234375,0.125,0.1259765625,0.126953125,
0.12890625,0.1328125,0.13671875,0.140625,0.1484375,0.15625,0.171875,0.1875,
0.203125,0.21875,0.2265625,0.234375,0.2421875,0.24609375,0.25,0.25390625,
0.2578125,0.265625,0.28125,0.296875,0.3125,0.328125,0.34375,0.359375,0.3671875,
0.37109375,0.375,0.37890625,0.3828125,0.390625,0.3984375,0.40625,0.421875,
0.4375,0.453125,0.46875,0.4765625,0.484375,0.4921875,0.49609375,0.5,0.50390625,
0.5078125,0.515625,0.53125,0.546875,0.5625,0.578125,0.59375,0.609375,0.6171875,
0.62109375,0.625,0.62890625,0.6328125,0.640625,0.65625,0.671875,0.6875,
0.71875,0.734375,0.75,0.765625,0.78125,0.796875,0.8046875,0.80859375,0.8125,
0.81640625,0.8203125,0.828125,0.8359375,0.83984375,0.84375,0.84765625,0.8515625,
0.859375,0.8671875,0.87109375,0.875,0.87890625,0.8828125,0.890625,0.8984375,
0.90625,0.9140625,0.921875,0.9296875,0.9375,0.9453125,0.953125,0.9609375,
0.96875,0.9765625,0.984375,0.9921875,1.),.UNSPECIFIED.);
#197=B_SPLINE_CURVE_WITH_KNOTS('',3,(#8112,#8113,#8114,#8115,#8116,#8117,
#8118,#8119,#8120,#8121,#8122,#8123,#8124,#8125,#8126,#8127,#8128,#8129,
#8130,#8131,#8132,#8133,#8134,#8135,#8136,#8137,#8138,#8139,#8140,#8141,
#8142,#8143,#8144,#8145,#8146,#8147,#8148,#8149,#8150,#8151,#8152,#8153,
#8154,#8155,#8156,#8157,#8158,#8159,#8160),.UNSPECIFIED.,.F.,.F.,(4,1,1,
1,1,1,1,1,1,1,1,1,1,1,1,1,1,1,1,1,1,1,1,1,1,1,1,1,1,1,1,1,1,1,1,1,1,1,1,
1,1,1,1,1,1,1,4),(0.,0.03125,0.0625,0.09375,0.125,0.15625,0.1875,0.25,0.28125,
0.3125,0.34375,0.359375,0.375,0.390625,0.40625,0.421875,0.4375,0.453125,
0.46875,0.484375,0.5,0.515625,0.53125,0.5625,0.59375,0.609375,0.625,0.640625,
0.65625,0.6875,0.71875,0.734375,0.75,0.765625,0.78125,0.8125,0.84375,0.859375,
0.8671875,0.875,0.8828125,0.890625,0.90625,0.921875,0.9375,0.96875,1.),
 .UNSPECIFIED.);
#198=B_SPLINE_CURVE_WITH_KNOTS('',5,(#8162,#8163,#8164,#8165,#8166,#8167),
 .UNSPECIFIED.,.F.,.F.,(6,6),(-1.,0.),.UNSPECIFIED.);
#199=B_SPLINE_CURVE_WITH_KNOTS('',3,(#8212,#8213,#8214,#8215,#8216,#8217,
#8218,#8219,#8220,#8221,#8222,#8223,#8224,#8225,#8226,#8227,#8228,#8229,
#8230,#8231,#8232,#8233,#8234,#8235,#8236,#8237,#8238,#8239,#8240,#8241,
#8242,#8243,#8244,#8245,#8246,#8247,#8248,#8249,#8250,#8251,#8252,#8253,
#8254,#8255,#8256,#8257,#8258,#8259,#8260,#8261,#8262,#8263,#8264,#8265,
#8266,#8267,#8268,#8269,#8270,#8271,#8272,#8273,#8274,#8275,#8276,#8277,
#8278,#8279,#8280,#8281,#8282,#8283,#8284,#8285,#8286,#8287,#8288,#8289,
#8290,#8291,#8292,#8293,#8294,#8295,#8296,#8297,#8298,#8299,#8300,#8301,
#8302,#8303,#8304,#8305,#8306,#8307,#8308,#8309,#8310,#8311,#8312,#8313,
#8314,#8315,#8316,#8317,#8318,#8319,#8320,#8321,#8322,#8323,#8324,#8325,
#8326,#8327,#8328,#8329,#8330,#8331,#8332,#8333,#8334,#8335,#8336,#8337,
#8338,#8339,#8340,#8341,#8342,#8343,#8344,#8345,#8346,#8347,#8348,#8349,
#8350,#8351,#8352,#8353,#8354,#8355,#8356,#8357,#8358,#8359,#8360,#8361,
#8362,#8363,#8364,#8365,#8366,#8367,#8368,#8369,#8370,#8371,#8372,#8373,
#8374,#8375,#8376,#8377,#8378,#8379,#8380,#8381,#8382,#8383,#8384,#8385,
#8386,#8387,#8388,#8389,#8390,#8391,#8392,#8393,#8394,#8395,#8396,#8397,
#8398,#8399,#8400,#8401,#8402,#8403,#8404,#8405,#8406,#8407,#8408,#8409,
#8410,#8411,#8412,#8413,#8414,#8415,#8416,#8417,#8418,#8419,#8420,#8421,
#8422,#8423,#8424,#8425,#8426,#8427,#8428,#8429),.UNSPECIFIED.,.F.,.F.,
(4,3,1,2,2,2,2,2,1,2,2,1,2,2,2,2,2,2,2,2,2,2,2,2,2,2,2,2,2,2,2,2,2,2,2,
2,2,2,2,1,2,2,2,2,2,2,2,1,2,2,2,2,2,2,2,2,2,2,2,2,2,2,2,2,2,2,2,2,2,2,2,
2,2,2,2,2,2,2,2,1,2,2,2,2,2,2,2,2,2,2,2,2,2,2,2,2,2,2,2,2,2,2,2,2,2,2,2,
2,2,2,1,4),(-0.1,-0.0806530710514153,0.,0.0156250000003664,0.0312500000007328,
0.0625000000014656,0.125000000002961,0.156250000003709,0.187500000004456,
0.218750000005204,0.234375000005578,0.250000000005951,0.257812500006123,
0.265625000006296,0.273437500006467,0.28125000000664,0.28515625000674,0.289062500006842,
0.291015625006877,0.292968750006913,0.296875000006955,0.300781250006999,
0.302734375007007,0.303710937506998,0.304687500006989,0.312500000006891,
0.316406250006842,0.320312500006794,0.324218750006744,0.328125000006695,
0.335937500006598,0.343750000006501,0.351562500006403,0.355468750006345,
0.359375000006288,0.367187500006172,0.371093750006114,0.375000000006056,
0.376953125006033,0.37890625000601,0.380859375005986,0.382812500005963,
0.386718750005916,0.390625000005871,0.394531250005824,0.398437500005777,
0.402343750005731,0.406250000005685,0.414062500005592,0.421875000005498,
0.437500000005312,0.468750000004939,0.500000000004565,0.515625000004378,
0.523437500004284,0.527343750004236,0.531250000004188,0.53515625000414,
0.539062500004091,0.542968750004043,0.546875000003995,0.548828125003977,
0.550781250003959,0.554687500003924,0.56250000000387,0.566406250003833,
0.570312500003797,0.578125000003724,0.585937500003652,0.593750000003579,
0.597656250003553,0.601562500003527,0.609375000003475,0.613281250003449,
0.617187500003423,0.619140625003409,0.621093750003396,0.622070312503377,
0.623046875003357,0.625000000003345,0.62890625000332,0.632812500003296,
0.636718750003271,0.640625000003247,0.644531250003222,0.648437500003198,
0.656250000003149,0.687500000002895,0.703125000002767,0.71875000000264,
0.734375000002513,0.750000000002385,0.765625000002258,0.781250000002131,
0.796875000002004,0.812500000001876,0.843750000001592,0.85937500000145,
0.875000000001308,0.882812500001237,0.890625000001166,0.906250000001024,
0.937500000000769,0.945312500000698,0.953125000000627,0.960937500000556,
0.968750000000486,0.972656250000436,0.976562500000386,0.984375000000257,
1.,1.1),.UNSPECIFIED.);
#200=B_SPLINE_CURVE_WITH_KNOTS('',5,(#8616,#8617,#8618,#8619,#8620,#8621,
#8622,#8623,#8624,#8625,#8626,#8627,#8628,#8629,#8630,#8631,#8632,#8633,
#8634,#8635,#8636,#8637,#8638,#8639,#8640,#8641,#8642,#8643,#8644,#8645,
#8646,#8647,#8648,#8649,#8650,#8651,#8652,#8653,#8654,#8655,#8656,#8657,
#8658,#8659,#8660,#8661,#8662),.UNSPECIFIED.,.F.,.F.,(6,5,3,5,3,3,3,3,3,
5,3,5,6),(-3.49676922252303,-1.20839256805118,-1.,0.,1.10638098051742,7.70582111642645,
13.8930733586437,17.7353553188432,20.6907472185683,22.9676922252303,23.9676922252303,
24.2591450884308,26.4644614477534),.UNSPECIFIED.);
#201=B_SPLINE_CURVE_WITH_KNOTS('',5,(#8664,#8665,#8666,#8667,#8668,#8669,
#8670,#8671,#8672,#8673,#8674,#8675,#8676,#8677,#8678,#8679,#8680,#8681,
#8682,#8683,#8684,#8685,#8686,#8687,#8688,#8689,#8690,#8691,#8692,#8693,
#8694,#8695,#8696,#8697,#8698,#8699,#8700,#8701,#8702,#8703,#8704,#8705,
#8706,#8707,#8708,#8709,#8710),.UNSPECIFIED.,.F.,.F.,(6,5,3,5,3,3,3,3,3,
5,3,5,6),(-3.49676922252303,-1.20839256805118,-1.,0.,1.10638098051742,7.70582111642645,
13.8930733586437,17.7353553188432,20.6907472185683,22.9676922252303,23.9676922252303,
24.2591450884308,26.4644614477534),.UNSPECIFIED.);
#202=B_SPLINE_CURVE_WITH_KNOTS('',3,(#8727,#8728,#8729,#8730,#8731,#8732,
#8733,#8734,#8735,#8736,#8737,#8738,#8739,#8740,#8741,#8742,#8743,#8744,
#8745,#8746,#8747,#8748,#8749,#8750,#8751,#8752,#8753,#8754,#8755,#8756,
#8757,#8758,#8759,#8760,#8761,#8762,#8763,#8764,#8765,#8766,#8767,#8768,
#8769,#8770,#8771,#8772,#8773,#8774,#8775,#8776,#8777,#8778,#8779,#8780,
#8781,#8782,#8783,#8784,#8785,#8786,#8787,#8788,#8789,#8790,#8791,#8792,
#8793,#8794,#8795,#8796,#8797,#8798,#8799,#8800,#8801,#8802,#8803,#8804,
#8805,#8806,#8807,#8808,#8809,#8810,#8811,#8812,#8813,#8814,#8815,#8816,
#8817,#8818,#8819,#8820,#8821,#8822,#8823),.UNSPECIFIED.,.F.,.F.,(4,1,2,
2,2,2,2,2,2,2,2,2,2,2,2,2,2,2,2,2,2,2,1,2,2,2,2,2,2,2,2,2,2,2,2,2,2,2,2,
2,2,2,2,2,2,2,2,2,1,4),(-0.1,0.,0.0312500000005213,0.0468750000007819,0.0546875000009125,
0.0625000000010431,0.0703125000011736,0.0781250000013042,0.0859375000014348,
0.0937500000015653,0.101562500001696,0.109375000001826,0.113281250001873,
0.117187500001919,0.125000000001979,0.140625000002102,0.148437500002171,
0.156250000002241,0.187500000002528,0.218750000002814,0.250000000003101,
0.281250000003388,0.312500000003675,0.375000000004249,0.406250000004536,
0.437500000004823,0.453125000004967,0.468750000005111,0.500000000005399,
0.515625000005547,0.523437500005621,0.527343750005669,0.531250000005716,
0.53906250000584,0.542968750005902,0.544921875005913,0.546875000005923,
0.554687500005966,0.562500000006009,0.566406250006001,0.570312500005993,
0.578125000005917,0.585937500005839,0.593750000005763,0.625000000005319,
0.687500000004433,0.750000000003546,0.875000000001773,1.,1.1),
 .UNSPECIFIED.);
#203=B_SPLINE_CURVE_WITH_KNOTS('',3,(#8837,#8838,#8839,#8840),
 .UNSPECIFIED.,.F.,.F.,(4,4),(0.,1.),.UNSPECIFIED.);
#204=B_SPLINE_CURVE_WITH_KNOTS('',3,(#8859,#8860,#8861,#8862),
 .UNSPECIFIED.,.F.,.F.,(4,4),(0.,1.),.UNSPECIFIED.);
#205=B_SPLINE_CURVE_WITH_KNOTS('',3,(#8893,#8894,#8895,#8896,#8897,#8898,
#8899,#8900,#8901,#8902,#8903,#8904,#8905,#8906,#8907,#8908,#8909,#8910,
#8911,#8912,#8913,#8914,#8915,#8916,#8917,#8918,#8919,#8920,#8921,#8922,
#8923,#8924,#8925,#8926,#8927,#8928,#8929,#8930,#8931),.UNSPECIFIED.,.F.,
 .F.,(4,1,2,2,2,2,2,2,2,2,2,2,2,2,2,2,2,1,2,1,4),(-0.1,0.,0.0625000000001914,
0.125000000000383,0.187500000000575,0.250000000000765,0.281250000000797,
0.312500000000829,0.375000000000892,0.406250000000923,0.437500000000955,
0.50000000000089,0.531250000000857,0.562500000000824,0.593750000000791,
0.625000000000759,0.750000000000506,0.875000000000253,0.937500000000126,
1.,1.1),.UNSPECIFIED.);
#206=B_SPLINE_CURVE_WITH_KNOTS('',3,(#8935,#8936,#8937,#8938),
 .UNSPECIFIED.,.F.,.F.,(4,4),(0.,0.961538829697531),.UNSPECIFIED.);
#207=B_SPLINE_CURVE_WITH_KNOTS('',3,(#8947,#8948,#8949,#8950,#8951,#8952,
#8953,#8954,#8955,#8956,#8957,#8958,#8959,#8960,#8961,#8962,#8963,#8964,
#8965,#8966,#8967,#8968,#8969,#8970,#8971,#8972,#8973,#8974,#8975,#8976,
#8977,#8978,#8979,#8980,#8981,#8982,#8983,#8984,#8985,#8986,#8987,#8988,
#8989,#8990,#8991,#8992,#8993,#8994,#8995,#8996,#8997,#8998,#8999,#9000,
#9001,#9002,#9003,#9004,#9005,#9006,#9007,#9008,#9009,#9010,#9011,#9012,
#9013,#9014,#9015,#9016,#9017,#9018,#9019,#9020,#9021,#9022,#9023,#9024,
#9025,#9026,#9027,#9028,#9029,#9030,#9031,#9032,#9033,#9034,#9035,#9036,
#9037,#9038,#9039,#9040,#9041,#9042,#9043),.UNSPECIFIED.,.F.,.F.,(4,1,2,
2,2,2,2,2,2,2,2,2,2,2,2,2,2,2,2,2,2,2,1,2,2,2,2,2,2,2,2,2,2,2,2,2,2,2,2,
2,2,2,2,2,2,2,2,2,1,4),(-0.1,0.,0.0312500000005213,0.0468750000007819,0.0546875000009125,
0.0625000000010431,0.0703125000011736,0.0781250000013042,0.0859375000014348,
0.0937500000015653,0.101562500001696,0.109375000001826,0.113281250001873,
0.117187500001919,0.125000000001979,0.140625000002102,0.148437500002171,
0.156250000002241,0.187500000002528,0.218750000002814,0.250000000003101,
0.281250000003388,0.312500000003675,0.375000000004249,0.406250000004536,
0.437500000004823,0.453125000004967,0.468750000005111,0.500000000005399,
0.515625000005547,0.523437500005621,0.527343750005669,0.531250000005716,
0.53906250000584,0.542968750005902,0.544921875005913,0.546875000005923,
0.554687500005966,0.562500000006009,0.566406250006001,0.570312500005993,
0.578125000005917,0.585937500005839,0.593750000005763,0.625000000005319,
0.687500000004433,0.750000000003546,0.875000000001773,1.,1.1),
 .UNSPECIFIED.);
#208=B_SPLINE_CURVE_WITH_KNOTS('',3,(#9088,#9089,#9090,#9091,#9092,#9093,
#9094,#9095,#9096,#9097,#9098,#9099,#9100,#9101,#9102,#9103,#9104,#9105,
#9106,#9107,#9108,#9109,#9110,#9111,#9112,#9113,#9114,#9115,#9116,#9117,
#9118,#9119,#9120,#9121,#9122,#9123,#9124,#9125,#9126,#9127,#9128,#9129,
#9130,#9131,#9132,#9133,#9134,#9135,#9136,#9137,#9138,#9139,#9140,#9141,
#9142,#9143,#9144,#9145,#9146,#9147,#9148,#9149,#9150,#9151,#9152,#9153,
#9154,#9155,#9156,#9157,#9158,#9159,#9160,#9161,#9162,#9163,#9164,#9165,
#9166,#9167,#9168,#9169,#9170,#9171,#9172,#9173,#9174,#9175,#9176,#9177,
#9178,#9179,#9180,#9181,#9182,#9183,#9184,#9185,#9186,#9187,#9188,#9189,
#9190,#9191,#9192,#9193,#9194,#9195,#9196,#9197,#9198,#9199,#9200,#9201,
#9202,#9203,#9204,#9205,#9206,#9207,#9208,#9209,#9210,#9211,#9212,#9213,
#9214,#9215,#9216,#9217,#9218,#9219,#9220,#9221,#9222,#9223,#9224,#9225,
#9226,#9227,#9228,#9229,#9230,#9231,#9232,#9233,#9234,#9235,#9236,#9237,
#9238,#9239,#9240,#9241,#9242,#9243,#9244,#9245,#9246,#9247,#9248,#9249,
#9250,#9251,#9252,#9253,#9254,#9255,#9256,#9257,#9258,#9259,#9260,#9261,
#9262,#9263,#9264,#9265,#9266,#9267,#9268,#9269,#9270,#9271,#9272,#9273,
#9274,#9275,#9276,#9277,#9278,#9279,#9280,#9281,#9282,#9283,#9284,#9285,
#9286,#9287,#9288,#9289,#9290,#9291,#9292,#9293,#9294,#9295,#9296,#9297,
#9298,#9299,#9300,#9301,#9302,#9303,#9304,#9305),.UNSPECIFIED.,.F.,.F.,
(4,3,1,2,2,2,2,2,1,2,2,1,2,2,2,2,2,2,2,2,2,2,2,2,2,2,2,2,2,2,2,2,2,2,2,
2,2,2,2,1,2,2,2,2,2,2,2,1,2,2,2,2,2,2,2,2,2,2,2,2,2,2,2,2,2,2,2,2,2,2,2,
2,2,2,2,2,2,2,2,1,2,2,2,2,2,2,2,2,2,2,2,2,2,2,2,2,2,2,2,2,2,2,2,2,2,2,2,
2,2,2,1,4),(-0.1,-0.0806530710514153,0.,0.0156250000003664,0.0312500000007328,
0.0625000000014656,0.125000000002961,0.156250000003709,0.187500000004456,
0.218750000005204,0.234375000005578,0.250000000005951,0.257812500006123,
0.265625000006296,0.273437500006467,0.28125000000664,0.28515625000674,0.289062500006842,
0.291015625006877,0.292968750006913,0.296875000006955,0.300781250006999,
0.302734375007007,0.303710937506998,0.304687500006989,0.312500000006891,
0.316406250006842,0.320312500006794,0.324218750006744,0.328125000006695,
0.335937500006598,0.343750000006501,0.351562500006403,0.355468750006345,
0.359375000006288,0.367187500006172,0.371093750006114,0.375000000006056,
0.376953125006033,0.37890625000601,0.380859375005986,0.382812500005963,
0.386718750005916,0.390625000005871,0.394531250005824,0.398437500005777,
0.402343750005731,0.406250000005685,0.414062500005592,0.421875000005498,
0.437500000005312,0.468750000004939,0.500000000004565,0.515625000004378,
0.523437500004284,0.527343750004236,0.531250000004188,0.53515625000414,
0.539062500004091,0.542968750004043,0.546875000003995,0.548828125003977,
0.550781250003959,0.554687500003924,0.56250000000387,0.566406250003833,
0.570312500003797,0.578125000003724,0.585937500003652,0.593750000003579,
0.597656250003553,0.601562500003527,0.609375000003475,0.613281250003449,
0.617187500003423,0.619140625003409,0.621093750003396,0.622070312503377,
0.623046875003357,0.625000000003345,0.62890625000332,0.632812500003296,
0.636718750003271,0.640625000003247,0.644531250003222,0.648437500003198,
0.656250000003149,0.687500000002895,0.703125000002767,0.71875000000264,
0.734375000002513,0.750000000002385,0.765625000002258,0.781250000002131,
0.796875000002004,0.812500000001876,0.843750000001592,0.85937500000145,
0.875000000001308,0.882812500001237,0.890625000001166,0.906250000001024,
0.937500000000769,0.945312500000698,0.953125000000627,0.960937500000556,
0.968750000000486,0.972656250000436,0.976562500000386,0.984375000000257,
1.,1.1),.UNSPECIFIED.);
#209=B_SPLINE_CURVE_WITH_KNOTS('',3,(#9313,#9314,#9315,#9316),
 .UNSPECIFIED.,.F.,.F.,(4,4),(0.0384611703047014,1.),.UNSPECIFIED.);
#210=B_SPLINE_CURVE_WITH_KNOTS('',3,(#9327,#9328,#9329,#9330,#9331,#9332,
#9333,#9334,#9335,#9336,#9337,#9338,#9339,#9340,#9341,#9342,#9343,#9344,
#9345,#9346,#9347,#9348,#9349,#9350,#9351,#9352,#9353,#9354,#9355,#9356,
#9357,#9358,#9359,#9360,#9361,#9362,#9363,#9364,#9365,#9366,#9367,#9368,
#9369,#9370,#9371,#9372,#9373,#9374,#9375,#9376,#9377,#9378,#9379,#9380,
#9381,#9382,#9383,#9384,#9385,#9386,#9387,#9388,#9389,#9390,#9391,#9392,
#9393,#9394,#9395,#9396,#9397,#9398,#9399,#9400,#9401,#9402,#9403,#9404,
#9405,#9406,#9407,#9408,#9409,#9410,#9411,#9412,#9413,#9414,#9415,#9416,
#9417,#9418,#9419,#9420,#9421,#9422,#9423,#9424,#9425,#9426,#9427,#9428,
#9429,#9430,#9431,#9432,#9433,#9434,#9435,#9436,#9437,#9438,#9439,#9440,
#9441,#9442,#9443,#9444,#9445,#9446,#9447,#9448,#9449,#9450,#9451,#9452,
#9453,#9454,#9455,#9456,#9457,#9458,#9459,#9460,#9461,#9462,#9463,#9464,
#9465,#9466,#9467,#9468,#9469,#9470,#9471,#9472,#9473,#9474,#9475,#9476,
#9477,#9478,#9479,#9480,#9481,#9482,#9483,#9484,#9485,#9486,#9487,#9488,
#9489,#9490,#9491,#9492,#9493,#9494,#9495,#9496,#9497,#9498,#9499,#9500,
#9501,#9502,#9503,#9504,#9505,#9506,#9507,#9508,#9509,#9510,#9511,#9512,
#9513,#9514,#9515,#9516,#9517,#9518,#9519,#9520,#9521,#9522,#9523,#9524,
#9525,#9526,#9527,#9528,#9529,#9530,#9531,#9532,#9533,#9534,#9535,#9536,
#9537,#9538,#9539,#9540,#9541,#9542,#9543,#9544),.UNSPECIFIED.,.F.,.F.,
(4,3,1,2,2,2,2,2,1,2,2,1,2,2,2,2,2,2,2,2,2,2,2,2,2,2,2,2,2,2,2,2,2,2,2,
2,2,2,2,1,2,2,2,2,2,2,2,1,2,2,2,2,2,2,2,2,2,2,2,2,2,2,2,2,2,2,2,2,2,2,2,
2,2,2,2,2,2,2,2,1,2,2,2,2,2,2,2,2,2,2,2,2,2,2,2,2,2,2,2,2,2,2,2,2,2,2,2,
2,2,2,1,4),(-0.1,-0.0806530710514153,0.,0.0156250000003664,0.0312500000007328,
0.0625000000014656,0.125000000002961,0.156250000003709,0.187500000004456,
0.218750000005204,0.234375000005578,0.250000000005951,0.257812500006123,
0.265625000006296,0.273437500006467,0.28125000000664,0.28515625000674,0.289062500006842,
0.291015625006877,0.292968750006913,0.296875000006955,0.300781250006999,
0.302734375007007,0.303710937506998,0.304687500006989,0.312500000006891,
0.316406250006842,0.320312500006794,0.324218750006744,0.328125000006695,
0.335937500006598,0.343750000006501,0.351562500006403,0.355468750006345,
0.359375000006288,0.367187500006172,0.371093750006114,0.375000000006056,
0.376953125006033,0.37890625000601,0.380859375005986,0.382812500005963,
0.386718750005916,0.390625000005871,0.394531250005824,0.398437500005777,
0.402343750005731,0.406250000005685,0.414062500005592,0.421875000005498,
0.437500000005312,0.468750000004939,0.500000000004565,0.515625000004378,
0.523437500004284,0.527343750004236,0.531250000004188,0.53515625000414,
0.539062500004091,0.542968750004043,0.546875000003995,0.548828125003977,
0.550781250003959,0.554687500003924,0.56250000000387,0.566406250003833,
0.570312500003797,0.578125000003724,0.585937500003652,0.593750000003579,
0.597656250003553,0.601562500003527,0.609375000003475,0.613281250003449,
0.617187500003423,0.619140625003409,0.621093750003396,0.622070312503377,
0.623046875003357,0.625000000003345,0.62890625000332,0.632812500003296,
0.636718750003271,0.640625000003247,0.644531250003222,0.648437500003198,
0.656250000003149,0.687500000002895,0.703125000002767,0.71875000000264,
0.734375000002513,0.750000000002385,0.765625000002258,0.781250000002131,
0.796875000002004,0.812500000001876,0.843750000001592,0.85937500000145,
0.875000000001308,0.882812500001237,0.890625000001166,0.906250000001024,
0.937500000000769,0.945312500000698,0.953125000000627,0.960937500000556,
0.968750000000486,0.972656250000436,0.976562500000386,0.984375000000257,
1.,1.1),.UNSPECIFIED.);
#211=B_SPLINE_CURVE_WITH_KNOTS('',3,(#9557,#9558,#9559,#9560,#9561,#9562,
#9563,#9564,#9565,#9566,#9567,#9568,#9569,#9570,#9571,#9572,#9573,#9574,
#9575,#9576,#9577,#9578,#9579),.UNSPECIFIED.,.F.,.F.,(4,1,2,2,2,2,2,2,2,
1,3,4),(-0.1,0.,0.125000000000119,0.250000000000238,0.50000000000023,0.625000000000104,
0.749999999999978,0.874999999999853,0.937499999999926,1.,1.0976250109948,
1.1),.UNSPECIFIED.);
#212=B_SPLINE_CURVE_WITH_KNOTS('',3,(#9587,#9588,#9589,#9590,#9591),
 .UNSPECIFIED.,.F.,.F.,(4,1,4),(0.0159499697751226,0.0180902199626363,0.0202304701501499),
 .UNSPECIFIED.);
#213=B_SPLINE_CURVE_WITH_KNOTS('',3,(#9593,#9594,#9595,#9596,#9597,#9598,
#9599,#9600),.UNSPECIFIED.,.F.,.F.,(4,1,1,1,1,4),(0.,0.0037116775884749,
0.0074233551769498,0.0148467103538996,0.0222700655308494,0.0296934207077992),
 .UNSPECIFIED.);
#214=B_SPLINE_CURVE_WITH_KNOTS('',3,(#9602,#9603,#9604,#9605,#9606,#9607,
#9608,#9609,#9610,#9611,#9612,#9613,#9614,#9615,#9616,#9617,#9618,#9619,
#9620),.UNSPECIFIED.,.F.,.F.,(4,1,1,1,1,1,1,1,1,1,1,1,1,1,1,1,4),(0.,0.00450659037383316,
0.00901318074766632,0.0135197711214995,0.0180263614953326,0.0225329518691658,
0.027039542242999,0.0360527229906653,0.0450659037383316,0.0540790844859979,
0.0585856748598311,0.0608389700467477,0.0630922652336643,0.0653455604205808,
0.0675988556074974,0.069852150794414,0.0721054459813306),.UNSPECIFIED.);
#215=B_SPLINE_CURVE_WITH_KNOTS('',3,(#9622,#9623,#9624,#9625,#9626,#9627),
 .UNSPECIFIED.,.F.,.F.,(4,1,1,4),(0.,0.00354673375466081,0.00709346750932162,
0.0141869350186432),.UNSPECIFIED.);
#216=B_SPLINE_CURVE_WITH_KNOTS('',3,(#9631,#9632,#9633,#9634,#9635),
 .UNSPECIFIED.,.F.,.F.,(4,1,4),(0.,0.00750519407278503,0.0150103881455701),
 .UNSPECIFIED.);
#217=B_SPLINE_CURVE_WITH_KNOTS('',3,(#9641,#9642,#9643,#9644),
 .UNSPECIFIED.,.F.,.F.,(4,4),(0.00910653228392043,0.0120008687333425),
 .UNSPECIFIED.);
#218=B_SPLINE_CURVE_WITH_KNOTS('',3,(#9648,#9649,#9650,#9651,#9652,#9653),
 .UNSPECIFIED.,.F.,.F.,(4,1,1,4),(0.0313527935195614,0.0484366182915866,
0.0569785306775993,0.0655204430636119),.UNSPECIFIED.);
#219=B_SPLINE_CURVE_WITH_KNOTS('',3,(#9655,#9656,#9657,#9658,#9659),
 .UNSPECIFIED.,.F.,.F.,(4,1,4),(0.,0.00663710267875182,0.0132742053575036),
 .UNSPECIFIED.);
#220=B_SPLINE_CURVE_WITH_KNOTS('',3,(#9663,#9664,#9665,#9666,#9667),
 .UNSPECIFIED.,.F.,.F.,(4,1,4),(0.0223320298651059,0.0317465892207164,0.0411611485763268),
 .UNSPECIFIED.);
#221=B_SPLINE_CURVE_WITH_KNOTS('',3,(#9669,#9670,#9671,#9672),
 .UNSPECIFIED.,.F.,.F.,(4,4),(0.,0.00361019771983093),.UNSPECIFIED.);
#222=B_SPLINE_CURVE_WITH_KNOTS('',3,(#9674,#9675,#9676,#9677),
 .UNSPECIFIED.,.F.,.F.,(4,4),(0.,0.00386493601387993),.UNSPECIFIED.);
#223=B_SPLINE_CURVE_WITH_KNOTS('',3,(#9707,#9708,#9709,#9710,#9711,#9712),
 .UNSPECIFIED.,.F.,.F.,(4,1,1,4),(0.0263961522251649,0.0434006152835993,
0.0519028468128164,0.0604050783420336),.UNSPECIFIED.);
#224=B_SPLINE_CURVE_WITH_KNOTS('',3,(#9718,#9719,#9720,#9721),
 .UNSPECIFIED.,.F.,.F.,(4,4),(0.00938045657904163,0.0103066131375185),
 .UNSPECIFIED.);
#225=B_SPLINE_CURVE_WITH_KNOTS('',3,(#9725,#9726,#9727,#9728),
 .UNSPECIFIED.,.F.,.F.,(4,4),(0.00425699274799087,0.00714415634279968),
 .UNSPECIFIED.);
#226=B_SPLINE_CURVE_WITH_KNOTS('',3,(#9734,#9735,#9736,#9737,#9738),
 .UNSPECIFIED.,.F.,.F.,(4,1,4),(2.51534904016637E-17,0.00664778412115235,
0.0132955682423047),.UNSPECIFIED.);
#227=B_SPLINE_CURVE_WITH_KNOTS('',3,(#9751,#9752,#9753,#9754),
 .UNSPECIFIED.,.F.,.F.,(4,4),(0.000227299179992357,0.000646449557825946),
 .UNSPECIFIED.);
#228=B_SPLINE_CURVE_WITH_KNOTS('',3,(#9757,#9758,#9759,#9760),
 .UNSPECIFIED.,.F.,.F.,(4,4),(0.0223380366376246,0.0227459999928323),
 .UNSPECIFIED.);
#229=B_SPLINE_CURVE_WITH_KNOTS('',3,(#9775,#9776,#9777,#9778),
 .UNSPECIFIED.,.F.,.F.,(4,4),(0.0434151859081565,0.0472829342323848),
 .UNSPECIFIED.);
#230=B_SPLINE_CURVE_WITH_KNOTS('',3,(#9793,#9794,#9795,#9796,#9797),
 .UNSPECIFIED.,.F.,.F.,(4,1,4),(0.286654975987454,0.294993549473442,0.303332122959429),
 .UNSPECIFIED.);
#231=B_SPLINE_CURVE_WITH_KNOTS('',3,(#9801,#9802,#9803,#9804,#9805),
 .UNSPECIFIED.,.F.,.F.,(4,1,4),(0.0572473166860573,0.0655251835134911,0.0738030503409249),
 .UNSPECIFIED.);
#232=B_SPLINE_CURVE_WITH_KNOTS('',3,(#9809,#9810,#9811,#9812),
 .UNSPECIFIED.,.F.,.F.,(4,4),(0.00938045657906635,0.0103066131375185),
 .UNSPECIFIED.);
#233=B_SPLINE_CURVE_WITH_KNOTS('',3,(#9816,#9817,#9818,#9819,#9820),
 .UNSPECIFIED.,.F.,.F.,(4,1,4),(0.,0.0075051940727852,0.0150103881455704),
 .UNSPECIFIED.);
#234=B_SPLINE_CURVE_WITH_KNOTS('',3,(#9824,#9825,#9826,#9827,#9828,#9829),
 .UNSPECIFIED.,.F.,.F.,(4,1,1,4),(0.,0.00354666414686755,0.00709332829373509,
0.0141866565874702),.UNSPECIFIED.);
#235=B_SPLINE_CURVE_WITH_KNOTS('',3,(#9831,#9832,#9833,#9834,#9835),
 .UNSPECIFIED.,.F.,.F.,(4,1,4),(1.38359845403354E-7,0.00398908796196285,
0.00797803756408029),.UNSPECIFIED.);
#236=B_SPLINE_CURVE_WITH_KNOTS('',3,(#9846,#9847,#9848,#9849),
 .UNSPECIFIED.,.F.,.F.,(4,4),(0.,0.00361019771983645),.UNSPECIFIED.);
#237=B_SPLINE_CURVE_WITH_KNOTS('',3,(#9851,#9852,#9853,#9854,#9855),
 .UNSPECIFIED.,.F.,.F.,(4,1,4),(0.,0.00939812062608653,0.0187962412521731),
 .UNSPECIFIED.);
#238=B_SPLINE_CURVE_WITH_KNOTS('',3,(#9857,#9858,#9859,#9860),
 .UNSPECIFIED.,.F.,.F.,(4,4),(0.,0.000646449557832901),.UNSPECIFIED.);
#239=B_SPLINE_CURVE_WITH_KNOTS('',3,(#9906,#9907,#9908,#9909,#9910,#9911,
#9912,#9913),.UNSPECIFIED.,.F.,.F.,(4,1,1,1,1,4),(0.,0.00742335517675149,
0.014846710353503,0.0222700655302545,0.0259817431186302,0.029693420707006),
 .UNSPECIFIED.);
#240=B_SPLINE_CURVE_WITH_KNOTS('',3,(#9915,#9916,#9917,#9918,#9919),
 .UNSPECIFIED.,.F.,.F.,(4,1,4),(3.73670872517613E-17,0.0021237818677657,
0.00424756373553135),.UNSPECIFIED.);
#241=B_SPLINE_CURVE_WITH_KNOTS('',3,(#9921,#9922,#9923,#9924),
 .UNSPECIFIED.,.F.,.F.,(4,4),(0.352869195085475,0.361096035994606),
 .UNSPECIFIED.);
#242=B_SPLINE_CURVE_WITH_KNOTS('',3,(#9926,#9927,#9928,#9929,#9930,#9931,
#9932,#9933,#9934,#9935,#9936,#9937,#9938,#9939,#9940,#9941,#9942,#9943,
#9944),.UNSPECIFIED.,.F.,.F.,(4,1,1,1,1,1,1,1,1,1,1,1,1,1,1,1,4),(0.891512583170438,
0.896004192918419,0.900495802666401,0.904987412414383,0.909479022162364,
0.913970631910346,0.918462241658327,0.92744546115429,0.936428680650253,
0.945411900146216,0.949903509894197,0.952149314768188,0.954395119642179,
0.95664092451617,0.958886729390161,0.961132534264151,0.963378339138142),
 .UNSPECIFIED.);
#243=B_SPLINE_CURVE_WITH_KNOTS('',3,(#10020,#10021,#10022,#10023),
 .UNSPECIFIED.,.F.,.F.,(4,4),(0.833333333333395,1.),.UNSPECIFIED.);
#244=B_SPLINE_CURVE_WITH_KNOTS('',3,(#10060,#10061,#10062,#10063),
 .UNSPECIFIED.,.F.,.F.,(4,4),(2.27272728033085,3.27272728033085),
 .UNSPECIFIED.);
#245=B_SPLINE_CURVE_WITH_KNOTS('',3,(#10065,#10066,#10067,#10068),
 .UNSPECIFIED.,.F.,.F.,(4,4),(0.0227459999928324,0.0229668635369969),
 .UNSPECIFIED.);
#246=B_SPLINE_CURVE_WITH_KNOTS('',3,(#10079,#10080,#10081,#10082),
 .UNSPECIFIED.,.F.,.F.,(4,4),(0.833333333333374,1.),.UNSPECIFIED.);
#247=B_SPLINE_CURVE_WITH_KNOTS('',3,(#10105,#10106,#10107,#10108),
 .UNSPECIFIED.,.F.,.F.,(4,4),(0.,0.666666666666671),.UNSPECIFIED.);
#248=B_SPLINE_CURVE_WITH_KNOTS('',3,(#10160,#10161,#10162,#10163),
 .UNSPECIFIED.,.F.,.F.,(4,4),(-2.6666258503406E-6,0.0227334214164504),
 .UNSPECIFIED.);
#249=B_SPLINE_CURVE_WITH_KNOTS('',3,(#10167,#10168,#10169,#10170),
 .UNSPECIFIED.,.F.,.F.,(4,4),(0.,0.000117722913801634),.UNSPECIFIED.);
#250=B_SPLINE_CURVE_WITH_KNOTS('',3,(#10172,#10173,#10174,#10175,#10176,
#10177,#10178),.UNSPECIFIED.,.F.,.F.,(4,1,1,1,4),(-1.92898854413987E-5,
0.0094851106365766,0.0189895111585946,0.0284939116806126,0.0379983122026306),
 .UNSPECIFIED.);
#251=B_SPLINE_CURVE_WITH_KNOTS('',3,(#10182,#10183,#10184,#10185),
 .UNSPECIFIED.,.F.,.F.,(4,4),(0.,1.69437140283274E-5),.UNSPECIFIED.);
#252=B_SPLINE_CURVE_WITH_KNOTS('',3,(#10187,#10188,#10189,#10190,#10191,
#10192),.UNSPECIFIED.,.F.,.F.,(4,1,1,4),(-7.89572323511842E-6,0.0185001697986138,
0.0277542025595383,0.0370082353204628),.UNSPECIFIED.);
#253=B_SPLINE_CURVE_WITH_KNOTS('',3,(#10196,#10197,#10198,#10199),
 .UNSPECIFIED.,.F.,.F.,(4,4),(1.61150144562789E-5,0.0219148151354999),
 .UNSPECIFIED.);
#254=B_SPLINE_CURVE_WITH_KNOTS('',3,(#10202,#10203,#10204,#10205),
 .UNSPECIFIED.,.F.,.F.,(4,4),(0.,0.000192318805718076),.UNSPECIFIED.);
#255=B_SPLINE_CURVE_WITH_KNOTS('',3,(#10208,#10209,#10210,#10211),
 .UNSPECIFIED.,.F.,.F.,(4,4),(6.93889390390723E-18,0.000109920816964346),
 .UNSPECIFIED.);
#256=B_SPLINE_CURVE_WITH_KNOTS('',3,(#10213,#10214,#10215,#10216),
 .UNSPECIFIED.,.F.,.F.,(4,4),(0.,0.000783462251608975),.UNSPECIFIED.);
#257=B_SPLINE_CURVE_WITH_KNOTS('',3,(#10224,#10225,#10226,#10227),
 .UNSPECIFIED.,.F.,.F.,(4,4),(0.,0.000788753350549264),.UNSPECIFIED.);
#258=B_SPLINE_CURVE_WITH_KNOTS('',3,(#10228,#10229,#10230,#10231),
 .UNSPECIFIED.,.F.,.F.,(4,4),(0.,0.000784753896389744),.UNSPECIFIED.);
#259=B_SPLINE_CURVE_WITH_KNOTS('',3,(#10236,#10237,#10238,#10239),
 .UNSPECIFIED.,.F.,.F.,(4,4),(0.,0.000784758594252611),.UNSPECIFIED.);
#260=B_SPLINE_CURVE_WITH_KNOTS('',3,(#10241,#10242,#10243,#10244,#10245,
#10246,#10247),.UNSPECIFIED.,.F.,.F.,(4,1,1,1,4),(8.89289032550165E-17,
0.00985455254172499,0.0197091050834499,0.0295636576251748,0.0394182101668997),
 .UNSPECIFIED.);
#261=B_SPLINE_CURVE_WITH_KNOTS('',3,(#10249,#10250,#10251,#10252,#10253,
#10254,#10255),.UNSPECIFIED.,.F.,.F.,(4,1,1,1,4),(0.,0.0102535866465253,
0.0205071732930505,0.0307607599395758,0.041014346586101),.UNSPECIFIED.);
#262=B_SPLINE_CURVE_WITH_KNOTS('',3,(#10259,#10260,#10261,#10262),
 .UNSPECIFIED.,.F.,.F.,(4,4),(3.52131980189691E-5,0.0217748078828448),
 .UNSPECIFIED.);
#263=B_SPLINE_CURVE_WITH_KNOTS('',3,(#10265,#10266,#10267,#10268),
 .UNSPECIFIED.,.F.,.F.,(4,4),(0.,0.000112224124862444),.UNSPECIFIED.);
#264=B_SPLINE_CURVE_WITH_KNOTS('',3,(#10273,#10274,#10275,#10276),
 .UNSPECIFIED.,.F.,.F.,(4,4),(0.,0.000191894669881563),.UNSPECIFIED.);
#265=B_SPLINE_CURVE_WITH_KNOTS('',3,(#10278,#10279,#10280,#10281,#10282,
#10283),.UNSPECIFIED.,.F.,.F.,(4,1,1,4),(0.,0.00940272762148559,0.0188054552429712,
0.0376109104859424),.UNSPECIFIED.);
#266=B_SPLINE_CURVE_WITH_KNOTS('',3,(#10285,#10286,#10287,#10288),
 .UNSPECIFIED.,.F.,.F.,(4,4),(0.,1.46089696605654E-5),.UNSPECIFIED.);
#267=B_SPLINE_CURVE_WITH_KNOTS('',3,(#10294,#10295,#10296,#10297,#10298,
#10299,#10300),.UNSPECIFIED.,.F.,.F.,(4,1,1,1,4),(0.,0.00967499262536053,
0.0193499852507211,0.0290249778760816,0.0386999705014421),.UNSPECIFIED.);
#268=B_SPLINE_CURVE_WITH_KNOTS('',3,(#10302,#10303,#10304,#10305),
 .UNSPECIFIED.,.F.,.F.,(4,4),(0.,0.000118964468181146),.UNSPECIFIED.);
#269=B_SPLINE_CURVE_WITH_KNOTS('',3,(#10310,#10311,#10312,#10313),
 .UNSPECIFIED.,.F.,.F.,(4,4),(0.,0.022643463168474),.UNSPECIFIED.);
#270=B_SPLINE_CURVE_WITH_KNOTS('',3,(#10315,#10316,#10317,#10318),
 .UNSPECIFIED.,.F.,.F.,(4,4),(0.,3.93066511417565E-5),.UNSPECIFIED.);
#271=B_SPLINE_CURVE_WITH_KNOTS('',3,(#10322,#10323,#10324,#10325),
 .UNSPECIFIED.,.F.,.F.,(4,4),(0.,0.000965842142629293),.UNSPECIFIED.);
#272=B_SPLINE_CURVE_WITH_KNOTS('',3,(#10332,#10333,#10334,#10335),
 .UNSPECIFIED.,.F.,.F.,(4,4),(0.,0.000696274332256155),.UNSPECIFIED.);
#273=B_SPLINE_CURVE_WITH_KNOTS('',3,(#10336,#10337,#10338,#10339),
 .UNSPECIFIED.,.F.,.F.,(4,4),(0.,0.00078473171856286),.UNSPECIFIED.);
#274=B_SPLINE_CURVE_WITH_KNOTS('',3,(#10346,#10347,#10348,#10349,#10350,
#10351,#10352),.UNSPECIFIED.,.F.,.F.,(4,1,1,1,4),(-4.75785080763225E-5,
0.010205073100638,0.0204577247093522,0.0307103763180665,0.0409630279267808),
 .UNSPECIFIED.);
#275=B_SPLINE_CURVE_WITH_KNOTS('',3,(#10358,#10359,#10360,#10361),
 .UNSPECIFIED.,.F.,.F.,(4,4),(0.,0.000208909018188948),.UNSPECIFIED.);
#276=B_SPLINE_CURVE_WITH_KNOTS('',3,(#10363,#10364,#10365,#10366,#10367,
#10368,#10369),.UNSPECIFIED.,.F.,.F.,(4,1,1,1,4),(0.,0.00989342126113966,
0.0197868425222793,0.029680263783419,0.0395736850445587),.UNSPECIFIED.);
#277=B_SPLINE_CURVE_WITH_KNOTS('',3,(#10403,#10404,#10405,#10406),
 .UNSPECIFIED.,.F.,.F.,(4,4),(2.5804011705155E-17,5.92648864991287E-5),
 .UNSPECIFIED.);
#278=B_SPLINE_CURVE_WITH_KNOTS('',3,(#10408,#10409,#10410,#10411,#10412),
 .UNSPECIFIED.,.F.,.F.,(4,1,4),(0.,0.000475542935468393,0.000951085870936785),
 .UNSPECIFIED.);
#279=B_SPLINE_CURVE_WITH_KNOTS('',3,(#10413,#10414,#10415,#10416),
 .UNSPECIFIED.,.F.,.F.,(4,4),(0.,0.000612656605032934),.UNSPECIFIED.);
#280=B_SPLINE_CURVE_WITH_KNOTS('',3,(#10418,#10419,#10420,#10421),
 .UNSPECIFIED.,.F.,.F.,(4,4),(0.,0.000165342609271973),.UNSPECIFIED.);
#281=B_SPLINE_CURVE_WITH_KNOTS('',3,(#10423,#10424,#10425,#10426),
 .UNSPECIFIED.,.F.,.F.,(4,4),(4.13804462537875E-6,8.04068690714425E-5),
 .UNSPECIFIED.);
#282=B_SPLINE_CURVE_WITH_KNOTS('',3,(#10439,#10440,#10441,#10442,#10443),
 .UNSPECIFIED.,.F.,.F.,(4,1,4),(0.,0.000487013301262131,0.000974026602524262),
 .UNSPECIFIED.);
#283=B_SPLINE_CURVE_WITH_KNOTS('',3,(#10468,#10469,#10470,#10471,#10472),
 .UNSPECIFIED.,.F.,.F.,(4,1,4),(4.2914688736146E-17,0.000572973233835934,
0.00114594646767182),.UNSPECIFIED.);
#284=B_SPLINE_CURVE_WITH_KNOTS('',3,(#10485,#10486,#10487,#10488),
 .UNSPECIFIED.,.F.,.F.,(4,4),(0.,0.000836588101515331),.UNSPECIFIED.);
#285=B_SPLINE_CURVE_WITH_KNOTS('',3,(#10501,#10502,#10503,#10504),
 .UNSPECIFIED.,.F.,.F.,(4,4),(0.,0.000685954813472924),.UNSPECIFIED.);
#286=B_SPLINE_CURVE_WITH_KNOTS('',3,(#10532,#10533,#10534,#10535,#10536,
#10537,#10538,#10539,#10540,#10541,#10542,#10543,#10544,#10545,#10546,#10547,
#10548,#10549),.UNSPECIFIED.,.F.,.F.,(4,1,1,1,1,1,1,1,1,1,1,1,1,1,1,4),
(0.0221969014466834,0.0279443183875878,0.0308180268580401,0.0336917353284923,
0.0365654437989445,0.0380022980341706,0.0394391522693967,0.0408760065046228,
0.0423128607398489,0.043031287857462,0.043749714975075,0.0441089285338816,
0.0444681420926881,0.0448273556514946,0.0450069624308979,0.0451865692103011),
 .UNSPECIFIED.);
#287=B_SPLINE_CURVE_WITH_KNOTS('',3,(#10601,#10602,#10603,#10604,#10605),
 .UNSPECIFIED.,.F.,.F.,(4,1,4),(0.,0.000475764200964396,0.000951528401928792),
 .UNSPECIFIED.);
#288=B_SPLINE_CURVE_WITH_KNOTS('',3,(#10607,#10608,#10609,#10610,#10611),
 .UNSPECIFIED.,.F.,.F.,(4,1,4),(0.,0.000487162109426861,0.000974324218853722),
 .UNSPECIFIED.);
#289=B_SPLINE_CURVE_WITH_KNOTS('',3,(#10624,#10625,#10626,#10627),
 .UNSPECIFIED.,.F.,.F.,(4,4),(0.,0.000838524038721228),.UNSPECIFIED.);
#290=B_SPLINE_CURVE_WITH_KNOTS('',3,(#10655,#10656,#10657,#10658,#10659,
#10660,#10661,#10662,#10663,#10664,#10665,#10666,#10667,#10668,#10669,#10670,
#10671,#10672),.UNSPECIFIED.,.F.,.F.,(4,1,1,1,1,1,1,1,1,1,1,1,1,1,1,4),
(0.0174702875113524,0.0235398963181242,0.0265747007215101,0.029609505124896,
0.0326443095282819,0.0341617117299749,0.0356791139316678,0.0371965161333608,
0.0387139183350537,0.0394726194359002,0.0402313205367467,0.0406106710871699,
0.0409900216375932,0.0413693721880164,0.041559047463228,0.0417487227384396),
 .UNSPECIFIED.);
#291=B_SPLINE_CURVE_WITH_KNOTS('',3,(#10700,#10701,#10702,#10703),
 .UNSPECIFIED.,.F.,.F.,(4,4),(0.,0.000684597577492621),.UNSPECIFIED.);
#292=B_SPLINE_CURVE_WITH_KNOTS('',3,(#10716,#10717,#10718,#10719,#10720),
 .UNSPECIFIED.,.F.,.F.,(4,1,4),(0.,0.000571415642143749,0.0011428312842875),
 .UNSPECIFIED.);
#293=B_SPLINE_CURVE_WITH_KNOTS('',5,(#10787,#10788,#10789,#10790,#10791,
#10792,#10793,#10794,#10795,#10796,#10797,#10798),.UNSPECIFIED.,.F.,.F.,
(6,3,3,6),(-15.9488820357,-13.8930733586437,-7.70582111642645,-3.82989223646528),
 .UNSPECIFIED.);
#294=B_SPLINE_CURVE_WITH_KNOTS('',3,(#10825,#10826,#10827,#10828,#10829,
#10830,#10831,#10832,#10833,#10834,#10835),.UNSPECIFIED.,.F.,.F.,(4,1,1,
1,1,1,1,1,4),(-5.99999999097236E-8,0.000696559335315111,0.00139317867063013,
0.00278641734126017,0.00417965601189021,0.00557289468252025,0.00696613335315029,
0.00835937202378034,0.0111458493650404),.UNSPECIFIED.);
#295=B_SPLINE_CURVE_WITH_KNOTS('',3,(#10839,#10840,#10841,#10842,#10843,
#10844,#10845),.UNSPECIFIED.,.F.,.F.,(4,1,1,1,4),(0.,0.105351902414307,
0.358138343800188,0.710823427698889,1.),.UNSPECIFIED.);
#296=B_SPLINE_CURVE_WITH_KNOTS('',3,(#10862,#10863,#10864,#10865,#10866,
#10867,#10868,#10869,#10870),.UNSPECIFIED.,.F.,.F.,(4,1,1,1,1,1,4),(-5.99999999958431E-8,
0.00255917578029506,0.00511841156059011,0.00639802945073764,0.00767764734088516,
0.00895726523103269,0.0102368831211802),.UNSPECIFIED.);
#297=B_SPLINE_CURVE_WITH_KNOTS('',3,(#10874,#10875,#10876,#10877,#10878,
#10879),.UNSPECIFIED.,.F.,.F.,(4,1,1,4),(0.156373658750704,0.355047747436426,
0.70883794585519,1.),.UNSPECIFIED.);
#298=B_SPLINE_CURVE_WITH_KNOTS('',3,(#10902,#10903,#10904,#10905),
 .UNSPECIFIED.,.F.,.F.,(4,4),(0.,8.34341625512982E-6),.UNSPECIFIED.);
#299=B_SPLINE_CURVE_WITH_KNOTS('',3,(#10908,#10909,#10910,#10911),
 .UNSPECIFIED.,.F.,.F.,(4,4),(0.,5.49110017498039E-7),.UNSPECIFIED.);
#300=B_SPLINE_CURVE_WITH_KNOTS('',3,(#10913,#10914,#10915,#10916,#10917,
#10918,#10919,#10920,#10921,#10922,#10923),.UNSPECIFIED.,.F.,.F.,(4,1,1,
1,1,1,1,1,4),(-6.00000000071434E-8,0.00151174606465482,0.00302355212930965,
0.00453535819396448,0.00604716425861932,0.00755897032327415,0.00907077638792898,
0.0105825824525838,0.0120943885172386),.UNSPECIFIED.);
#301=B_SPLINE_CURVE_WITH_KNOTS('',3,(#10927,#10928,#10929,#10930,#10931,
#10932,#10933),.UNSPECIFIED.,.F.,.F.,(4,1,1,1,4),(0.0990625839125725,0.116102078078784,
0.359516776800121,0.71846747466024,1.),.UNSPECIFIED.);
#302=B_SPLINE_CURVE_WITH_KNOTS('',3,(#10958,#10959,#10960,#10961,#10962,
#10963,#10964,#10965,#10966,#10967,#10968,#10969),.UNSPECIFIED.,.F.,.F.,
(4,1,1,1,1,1,1,1,1,4),(-6.00000000681977E-8,0.00154452038443834,0.00308910076887674,
0.00463368115331515,0.00617826153775355,0.00772284192219196,0.00926742230663036,
0.0108120026910688,0.011584292883288,0.0123565830755072),.UNSPECIFIED.);
#303=B_SPLINE_CURVE_WITH_KNOTS('',3,(#10973,#10974,#10975,#10976,#10977,
#10978,#10979),.UNSPECIFIED.,.F.,.F.,(4,1,1,1,4),(0.,0.113974493375365,
0.358824059130654,0.718959082282443,1.),.UNSPECIFIED.);
#304=B_SPLINE_CURVE_WITH_KNOTS('',3,(#10981,#10982,#10983,#10984,#10985,
#10986,#10987,#10988),.UNSPECIFIED.,.F.,.F.,(4,1,1,1,1,4),(0.,0.000101441292001485,
0.000202882584002971,0.000405765168005942,0.000608647752008913,0.000811530336011883),
 .UNSPECIFIED.);
#305=B_SPLINE_CURVE_WITH_KNOTS('',3,(#10994,#10995,#10996,#10997),
 .UNSPECIFIED.,.F.,.F.,(4,4),(3.46944695195361E-18,3.10997872739364E-6),
 .UNSPECIFIED.);
#306=B_SPLINE_CURVE_WITH_KNOTS('',3,(#10999,#11000,#11001,#11002),
 .UNSPECIFIED.,.F.,.F.,(4,4),(2.02985685734668E-7,0.00170163684095879),
 .UNSPECIFIED.);
#307=B_SPLINE_CURVE_WITH_KNOTS('',3,(#11005,#11006,#11007,#11008),
 .UNSPECIFIED.,.F.,.F.,(4,4),(0.,0.00134625514807023),.UNSPECIFIED.);
#308=B_SPLINE_CURVE_WITH_KNOTS('',3,(#11016,#11017,#11018,#11019),
 .UNSPECIFIED.,.F.,.F.,(4,4),(0.,0.000100793411018806),.UNSPECIFIED.);
#309=B_SPLINE_CURVE_WITH_KNOTS('',3,(#11023,#11024,#11025,#11026),
 .UNSPECIFIED.,.F.,.F.,(4,4),(5.65255167516093E-5,0.00082252405621311),
 .UNSPECIFIED.);
#310=B_SPLINE_CURVE_WITH_KNOTS('',3,(#11028,#11029,#11030,#11031),
 .UNSPECIFIED.,.F.,.F.,(4,4),(0.,5.74367213968671E-6),.UNSPECIFIED.);
#311=B_SPLINE_CURVE_WITH_KNOTS('',3,(#11074,#11075,#11076,#11077),
 .UNSPECIFIED.,.F.,.F.,(4,4),(0.,0.000727098394422554),.UNSPECIFIED.);
#312=B_SPLINE_CURVE_WITH_KNOTS('',3,(#11117,#11118,#11119,#11120),
 .UNSPECIFIED.,.F.,.F.,(4,4),(0.,0.000772775567812416),.UNSPECIFIED.);
#313=B_SPLINE_CURVE_WITH_KNOTS('',3,(#11145,#11146,#11147,#11148),
 .UNSPECIFIED.,.F.,.F.,(4,4),(0.,0.000783642607967209),.UNSPECIFIED.);
#314=B_SPLINE_CURVE_WITH_KNOTS('',3,(#11185,#11186,#11187,#11188),
 .UNSPECIFIED.,.F.,.F.,(4,4),(0.,0.000839518934534791),.UNSPECIFIED.);
#315=B_SPLINE_CURVE_WITH_KNOTS('',3,(#11237,#11238,#11239,#11240),
 .UNSPECIFIED.,.F.,.F.,(4,4),(0.,0.000777395333714634),.UNSPECIFIED.);
#316=B_SPLINE_CURVE_WITH_KNOTS('',2,(#11420,#11421,#11422),
 .UNSPECIFIED.,.F.,.F.,(3,3),(0.,1.),.PIECEWISE_BEZIER_KNOTS.);
#317=B_SPLINE_CURVE_WITH_KNOTS('',2,(#11427,#11428,#11429),
 .UNSPECIFIED.,.F.,.F.,(3,3),(0.,1.),.PIECEWISE_BEZIER_KNOTS.);
#318=B_SPLINE_CURVE_WITH_KNOTS('',2,(#11458,#11459,#11460),
 .UNSPECIFIED.,.F.,.F.,(3,3),(0.,1.),.PIECEWISE_BEZIER_KNOTS.);
#319=B_SPLINE_CURVE_WITH_KNOTS('',2,(#11464,#11465,#11466),
 .UNSPECIFIED.,.F.,.F.,(3,3),(0.,1.),.PIECEWISE_BEZIER_KNOTS.);
#320=B_SPLINE_CURVE_WITH_KNOTS('',2,(#11475,#11476,#11477),
 .UNSPECIFIED.,.F.,.F.,(3,3),(0.,1.),.PIECEWISE_BEZIER_KNOTS.);
#321=B_SPLINE_CURVE_WITH_KNOTS('',2,(#11481,#11482,#11483),
 .UNSPECIFIED.,.F.,.F.,(3,3),(0.,1.),.PIECEWISE_BEZIER_KNOTS.);
#322=B_SPLINE_CURVE_WITH_KNOTS('',2,(#11518,#11519,#11520),
 .UNSPECIFIED.,.F.,.F.,(3,3),(0.,1.),.PIECEWISE_BEZIER_KNOTS.);
#323=B_SPLINE_CURVE_WITH_KNOTS('',2,(#11531,#11532,#11533),
 .UNSPECIFIED.,.F.,.F.,(3,3),(0.,1.),.PIECEWISE_BEZIER_KNOTS.);
#324=B_SPLINE_CURVE_WITH_KNOTS('',2,(#11544,#11545,#11546),
 .UNSPECIFIED.,.F.,.F.,(3,3),(0.,1.),.PIECEWISE_BEZIER_KNOTS.);
#325=B_SPLINE_CURVE_WITH_KNOTS('',2,(#11565,#11566,#11567),
 .UNSPECIFIED.,.F.,.F.,(3,3),(0.,1.),.PIECEWISE_BEZIER_KNOTS.);
#326=B_SPLINE_CURVE_WITH_KNOTS('',2,(#11578,#11579,#11580),
 .UNSPECIFIED.,.F.,.F.,(3,3),(0.,1.),.PIECEWISE_BEZIER_KNOTS.);
#327=B_SPLINE_CURVE_WITH_KNOTS('',2,(#11595,#11596,#11597),
 .UNSPECIFIED.,.F.,.F.,(3,3),(0.,1.),.PIECEWISE_BEZIER_KNOTS.);
#328=B_SPLINE_CURVE_WITH_KNOTS('',2,(#11598,#11599,#11600),
 .UNSPECIFIED.,.F.,.F.,(3,3),(0.,1.),.PIECEWISE_BEZIER_KNOTS.);
#329=B_SPLINE_CURVE_WITH_KNOTS('',2,(#11631,#11632,#11633),
 .UNSPECIFIED.,.F.,.F.,(3,3),(0.,1.),.PIECEWISE_BEZIER_KNOTS.);
#330=B_SPLINE_CURVE_WITH_KNOTS('',2,(#11637,#11638,#11639),
 .UNSPECIFIED.,.F.,.F.,(3,3),(0.,1.),.PIECEWISE_BEZIER_KNOTS.);
#331=B_SPLINE_CURVE_WITH_KNOTS('',2,(#11666,#11667,#11668),
 .UNSPECIFIED.,.F.,.F.,(3,3),(0.,1.),.PIECEWISE_BEZIER_KNOTS.);
#332=B_SPLINE_CURVE_WITH_KNOTS('',2,(#11672,#11673,#11674),
 .UNSPECIFIED.,.F.,.F.,(3,3),(0.,1.),.PIECEWISE_BEZIER_KNOTS.);
#333=B_SPLINE_CURVE_WITH_KNOTS('',2,(#11683,#11684,#11685),
 .UNSPECIFIED.,.F.,.F.,(3,3),(0.,1.),.PIECEWISE_BEZIER_KNOTS.);
#334=B_SPLINE_CURVE_WITH_KNOTS('',2,(#11689,#11690,#11691),
 .UNSPECIFIED.,.F.,.F.,(3,3),(0.,1.),.PIECEWISE_BEZIER_KNOTS.);
#335=B_SPLINE_CURVE_WITH_KNOTS('',2,(#11720,#11721,#11722),
 .UNSPECIFIED.,.F.,.F.,(3,3),(0.,1.),.PIECEWISE_BEZIER_KNOTS.);
#336=B_SPLINE_CURVE_WITH_KNOTS('',2,(#11733,#11734,#11735),
 .UNSPECIFIED.,.F.,.F.,(3,3),(0.,1.),.PIECEWISE_BEZIER_KNOTS.);
#337=CIRCLE('',#5128,0.000797100459513684);
#338=CIRCLE('',#5129,0.00167701171766952);
#339=CIRCLE('',#5131,0.00197596342948808);
#340=CIRCLE('',#5132,0.00288600003378095);
#341=CIRCLE('',#5133,0.00329366389775473);
#342=CIRCLE('',#5134,0.00299869638426749);
#343=CIRCLE('',#5135,0.00269420263347789);
#344=CIRCLE('',#5136,0.00374139103764634);
#345=CIRCLE('',#5137,0.00266801766083949);
#346=CIRCLE('',#5138,0.00224657732933237);
#347=CIRCLE('',#5139,0.00209682363432923);
#348=CIRCLE('',#5211,0.0005);
#349=CIRCLE('',#5228,0.00119793700559284);
#350=CIRCLE('',#5229,0.00117979272442951);
#351=CIRCLE('',#5234,0.00117979272442951);
#352=CIRCLE('',#5237,0.00119793700559284);
#353=CIRCLE('',#5301,0.00172514827318585);
#354=CIRCLE('',#5302,0.00172514827318585);
#355=CIRCLE('',#5304,0.00342216313816858);
#356=CIRCLE('',#5305,0.00342216313816858);
#357=CIRCLE('',#5307,0.00374139103764634);
#358=CIRCLE('',#5309,0.00269420263347789);
#359=CIRCLE('',#5311,0.00299869638426749);
#360=CIRCLE('',#5313,0.00329366389775473);
#361=CIRCLE('',#5315,0.00288600003378095);
#362=CIRCLE('',#5323,0.00108394731304702);
#363=CIRCLE('',#5324,0.00108394731304702);
#364=CIRCLE('',#5326,0.0010673438959411);
#365=CIRCLE('',#5327,0.0010673438959411);
#366=CIRCLE('',#5329,0.00181528404147258);
#367=CIRCLE('',#5330,0.00181528404147258);
#368=CIRCLE('',#5332,0.000967180214176936);
#369=CIRCLE('',#5333,0.000967180214176936);
#370=CIRCLE('',#5337,0.00197596342948808);
#371=CIRCLE('',#5339,0.00209682363432923);
#372=CIRCLE('',#5341,0.00224657732933237);
#373=CIRCLE('',#5343,0.00266801766083949);
#374=CIRCLE('',#5349,0.00167701171766952);
#375=CIRCLE('',#5351,0.000797100459513684);
#376=CIRCLE('',#5353,0.00121871182217324);
#377=CIRCLE('',#5354,0.00121871182217324);
#378=ORIENTED_EDGE('',*,*,#1902,.F.);
#379=ORIENTED_EDGE('',*,*,#1903,.T.);
#380=ORIENTED_EDGE('',*,*,#1904,.T.);
#381=ORIENTED_EDGE('',*,*,#1905,.T.);
#382=ORIENTED_EDGE('',*,*,#1906,.T.);
#383=ORIENTED_EDGE('',*,*,#1907,.T.);
#384=ORIENTED_EDGE('',*,*,#1908,.T.);
#385=ORIENTED_EDGE('',*,*,#1909,.T.);
#386=ORIENTED_EDGE('',*,*,#1910,.F.);
#387=ORIENTED_EDGE('',*,*,#1911,.T.);
#388=ORIENTED_EDGE('',*,*,#1912,.T.);
#389=ORIENTED_EDGE('',*,*,#1913,.T.);
#390=ORIENTED_EDGE('',*,*,#1914,.F.);
#391=ORIENTED_EDGE('',*,*,#1915,.T.);
#392=ORIENTED_EDGE('',*,*,#1916,.T.);
#393=ORIENTED_EDGE('',*,*,#1917,.T.);
#394=ORIENTED_EDGE('',*,*,#1918,.T.);
#395=ORIENTED_EDGE('',*,*,#1919,.T.);
#396=ORIENTED_EDGE('',*,*,#1920,.T.);
#397=ORIENTED_EDGE('',*,*,#1921,.F.);
#398=ORIENTED_EDGE('',*,*,#1922,.T.);
#399=ORIENTED_EDGE('',*,*,#1923,.T.);
#400=ORIENTED_EDGE('',*,*,#1924,.T.);
#401=ORIENTED_EDGE('',*,*,#1925,.T.);
#402=ORIENTED_EDGE('',*,*,#1926,.T.);
#403=ORIENTED_EDGE('',*,*,#1927,.T.);
#404=ORIENTED_EDGE('',*,*,#1928,.T.);
#405=ORIENTED_EDGE('',*,*,#1929,.T.);
#406=ORIENTED_EDGE('',*,*,#1930,.T.);
#407=ORIENTED_EDGE('',*,*,#1931,.T.);
#408=ORIENTED_EDGE('',*,*,#1932,.T.);
#409=ORIENTED_EDGE('',*,*,#1933,.T.);
#410=ORIENTED_EDGE('',*,*,#1934,.F.);
#411=ORIENTED_EDGE('',*,*,#1935,.T.);
#412=ORIENTED_EDGE('',*,*,#1936,.T.);
#413=ORIENTED_EDGE('',*,*,#1937,.T.);
#414=ORIENTED_EDGE('',*,*,#1938,.F.);
#415=ORIENTED_EDGE('',*,*,#1939,.F.);
#416=ORIENTED_EDGE('',*,*,#1940,.F.);
#417=ORIENTED_EDGE('',*,*,#1941,.T.);
#418=ORIENTED_EDGE('',*,*,#1942,.F.);
#419=ORIENTED_EDGE('',*,*,#1943,.T.);
#420=ORIENTED_EDGE('',*,*,#1944,.T.);
#421=ORIENTED_EDGE('',*,*,#1945,.T.);
#422=ORIENTED_EDGE('',*,*,#1946,.T.);
#423=ORIENTED_EDGE('',*,*,#1947,.T.);
#424=ORIENTED_EDGE('',*,*,#1948,.T.);
#425=ORIENTED_EDGE('',*,*,#1949,.F.);
#426=ORIENTED_EDGE('',*,*,#1950,.T.);
#427=ORIENTED_EDGE('',*,*,#1951,.T.);
#428=ORIENTED_EDGE('',*,*,#1952,.T.);
#429=ORIENTED_EDGE('',*,*,#1953,.F.);
#430=ORIENTED_EDGE('',*,*,#1954,.T.);
#431=ORIENTED_EDGE('',*,*,#1955,.T.);
#432=ORIENTED_EDGE('',*,*,#1956,.T.);
#433=ORIENTED_EDGE('',*,*,#1957,.T.);
#434=ORIENTED_EDGE('',*,*,#1958,.T.);
#435=ORIENTED_EDGE('',*,*,#1959,.T.);
#436=ORIENTED_EDGE('',*,*,#1960,.T.);
#437=ORIENTED_EDGE('',*,*,#1961,.F.);
#438=ORIENTED_EDGE('',*,*,#1962,.T.);
#439=ORIENTED_EDGE('',*,*,#1963,.T.);
#440=ORIENTED_EDGE('',*,*,#1964,.F.);
#441=ORIENTED_EDGE('',*,*,#1965,.T.);
#442=ORIENTED_EDGE('',*,*,#1966,.T.);
#443=ORIENTED_EDGE('',*,*,#1967,.T.);
#444=ORIENTED_EDGE('',*,*,#1968,.T.);
#445=ORIENTED_EDGE('',*,*,#1969,.T.);
#446=ORIENTED_EDGE('',*,*,#1970,.T.);
#447=ORIENTED_EDGE('',*,*,#1971,.T.);
#448=ORIENTED_EDGE('',*,*,#1972,.F.);
#449=ORIENTED_EDGE('',*,*,#1973,.T.);
#450=ORIENTED_EDGE('',*,*,#1974,.T.);
#451=ORIENTED_EDGE('',*,*,#1975,.T.);
#452=ORIENTED_EDGE('',*,*,#1976,.F.);
#453=ORIENTED_EDGE('',*,*,#1977,.T.);
#454=ORIENTED_EDGE('',*,*,#1978,.F.);
#455=ORIENTED_EDGE('',*,*,#1979,.T.);
#456=ORIENTED_EDGE('',*,*,#1980,.T.);
#457=ORIENTED_EDGE('',*,*,#1981,.F.);
#458=ORIENTED_EDGE('',*,*,#1982,.T.);
#459=ORIENTED_EDGE('',*,*,#1983,.T.);
#460=ORIENTED_EDGE('',*,*,#1984,.T.);
#461=ORIENTED_EDGE('',*,*,#1985,.T.);
#462=ORIENTED_EDGE('',*,*,#1986,.T.);
#463=ORIENTED_EDGE('',*,*,#1987,.T.);
#464=ORIENTED_EDGE('',*,*,#1988,.T.);
#465=ORIENTED_EDGE('',*,*,#1989,.F.);
#466=ORIENTED_EDGE('',*,*,#1990,.F.);
#467=ORIENTED_EDGE('',*,*,#1991,.F.);
#468=ORIENTED_EDGE('',*,*,#1992,.T.);
#469=ORIENTED_EDGE('',*,*,#1993,.T.);
#470=ORIENTED_EDGE('',*,*,#1940,.T.);
#471=ORIENTED_EDGE('',*,*,#1994,.T.);
#472=ORIENTED_EDGE('',*,*,#1995,.T.);
#473=ORIENTED_EDGE('',*,*,#1996,.T.);
#474=ORIENTED_EDGE('',*,*,#1997,.T.);
#475=ORIENTED_EDGE('',*,*,#1998,.T.);
#476=ORIENTED_EDGE('',*,*,#1999,.T.);
#477=ORIENTED_EDGE('',*,*,#2000,.T.);
#478=ORIENTED_EDGE('',*,*,#2001,.T.);
#479=ORIENTED_EDGE('',*,*,#2002,.T.);
#480=ORIENTED_EDGE('',*,*,#2003,.T.);
#481=ORIENTED_EDGE('',*,*,#1902,.T.);
#482=ORIENTED_EDGE('',*,*,#2004,.F.);
#483=ORIENTED_EDGE('',*,*,#2005,.T.);
#484=ORIENTED_EDGE('',*,*,#2006,.T.);
#485=ORIENTED_EDGE('',*,*,#1953,.T.);
#486=ORIENTED_EDGE('',*,*,#2007,.F.);
#487=ORIENTED_EDGE('',*,*,#2008,.T.);
#488=ORIENTED_EDGE('',*,*,#2009,.T.);
#489=ORIENTED_EDGE('',*,*,#1949,.T.);
#490=ORIENTED_EDGE('',*,*,#2010,.F.);
#491=ORIENTED_EDGE('',*,*,#2011,.T.);
#492=ORIENTED_EDGE('',*,*,#2012,.T.);
#493=ORIENTED_EDGE('',*,*,#1964,.T.);
#494=ORIENTED_EDGE('',*,*,#2013,.F.);
#495=ORIENTED_EDGE('',*,*,#2014,.T.);
#496=ORIENTED_EDGE('',*,*,#2015,.T.);
#497=ORIENTED_EDGE('',*,*,#1942,.T.);
#498=ORIENTED_EDGE('',*,*,#2016,.T.);
#499=ORIENTED_EDGE('',*,*,#2017,.T.);
#500=ORIENTED_EDGE('',*,*,#2018,.F.);
#501=ORIENTED_EDGE('',*,*,#2019,.F.);
#502=ORIENTED_EDGE('',*,*,#2020,.F.);
#503=ORIENTED_EDGE('',*,*,#2021,.F.);
#504=ORIENTED_EDGE('',*,*,#2022,.T.);
#505=ORIENTED_EDGE('',*,*,#2023,.F.);
#506=ORIENTED_EDGE('',*,*,#2024,.T.);
#507=ORIENTED_EDGE('',*,*,#1938,.T.);
#508=ORIENTED_EDGE('',*,*,#2025,.F.);
#509=ORIENTED_EDGE('',*,*,#2026,.T.);
#510=ORIENTED_EDGE('',*,*,#2027,.T.);
#511=ORIENTED_EDGE('',*,*,#1976,.T.);
#512=ORIENTED_EDGE('',*,*,#2028,.F.);
#513=ORIENTED_EDGE('',*,*,#2029,.T.);
#514=ORIENTED_EDGE('',*,*,#2030,.T.);
#515=ORIENTED_EDGE('',*,*,#1934,.T.);
#516=ORIENTED_EDGE('',*,*,#2031,.F.);
#517=ORIENTED_EDGE('',*,*,#2032,.T.);
#518=ORIENTED_EDGE('',*,*,#2033,.T.);
#519=ORIENTED_EDGE('',*,*,#1921,.T.);
#520=ORIENTED_EDGE('',*,*,#2034,.F.);
#521=ORIENTED_EDGE('',*,*,#2035,.T.);
#522=ORIENTED_EDGE('',*,*,#2036,.T.);
#523=ORIENTED_EDGE('',*,*,#1961,.T.);
#524=ORIENTED_EDGE('',*,*,#2037,.F.);
#525=ORIENTED_EDGE('',*,*,#2038,.T.);
#526=ORIENTED_EDGE('',*,*,#2039,.T.);
#527=ORIENTED_EDGE('',*,*,#1914,.T.);
#528=ORIENTED_EDGE('',*,*,#2040,.F.);
#529=ORIENTED_EDGE('',*,*,#2041,.T.);
#530=ORIENTED_EDGE('',*,*,#2042,.T.);
#531=ORIENTED_EDGE('',*,*,#1972,.T.);
#532=ORIENTED_EDGE('',*,*,#2043,.F.);
#533=ORIENTED_EDGE('',*,*,#2044,.T.);
#534=ORIENTED_EDGE('',*,*,#2045,.T.);
#535=ORIENTED_EDGE('',*,*,#1910,.T.);
#536=ORIENTED_EDGE('',*,*,#2046,.F.);
#537=ORIENTED_EDGE('',*,*,#2047,.F.);
#538=ORIENTED_EDGE('',*,*,#2048,.F.);
#539=ORIENTED_EDGE('',*,*,#2049,.F.);
#540=ORIENTED_EDGE('',*,*,#2050,.F.);
#541=ORIENTED_EDGE('',*,*,#2051,.T.);
#542=ORIENTED_EDGE('',*,*,#2052,.T.);
#543=ORIENTED_EDGE('',*,*,#2053,.F.);
#544=ORIENTED_EDGE('',*,*,#2054,.T.);
#545=ORIENTED_EDGE('',*,*,#2055,.T.);
#546=ORIENTED_EDGE('',*,*,#2056,.F.);
#547=ORIENTED_EDGE('',*,*,#2057,.F.);
#548=ORIENTED_EDGE('',*,*,#2058,.F.);
#549=ORIENTED_EDGE('',*,*,#2059,.F.);
#550=ORIENTED_EDGE('',*,*,#2060,.F.);
#551=ORIENTED_EDGE('',*,*,#2061,.F.);
#552=ORIENTED_EDGE('',*,*,#2062,.F.);
#553=ORIENTED_EDGE('',*,*,#2063,.T.);
#554=ORIENTED_EDGE('',*,*,#2064,.F.);
#555=ORIENTED_EDGE('',*,*,#2065,.F.);
#556=ORIENTED_EDGE('',*,*,#2066,.F.);
#557=ORIENTED_EDGE('',*,*,#2067,.T.);
#558=ORIENTED_EDGE('',*,*,#2068,.T.);
#559=ORIENTED_EDGE('',*,*,#2069,.T.);
#560=ORIENTED_EDGE('',*,*,#2070,.T.);
#561=ORIENTED_EDGE('',*,*,#2048,.T.);
#562=ORIENTED_EDGE('',*,*,#2071,.T.);
#563=ORIENTED_EDGE('',*,*,#2072,.T.);
#564=ORIENTED_EDGE('',*,*,#2073,.F.);
#565=ORIENTED_EDGE('',*,*,#2074,.T.);
#566=ORIENTED_EDGE('',*,*,#2075,.T.);
#567=ORIENTED_EDGE('',*,*,#2076,.T.);
#568=ORIENTED_EDGE('',*,*,#2077,.T.);
#569=ORIENTED_EDGE('',*,*,#2078,.T.);
#570=ORIENTED_EDGE('',*,*,#2079,.F.);
#571=ORIENTED_EDGE('',*,*,#2080,.T.);
#572=ORIENTED_EDGE('',*,*,#2071,.F.);
#573=ORIENTED_EDGE('',*,*,#2081,.T.);
#574=ORIENTED_EDGE('',*,*,#2082,.T.);
#575=ORIENTED_EDGE('',*,*,#2083,.F.);
#576=ORIENTED_EDGE('',*,*,#2084,.F.);
#577=ORIENTED_EDGE('',*,*,#2085,.F.);
#578=ORIENTED_EDGE('',*,*,#2086,.F.);
#579=ORIENTED_EDGE('',*,*,#2087,.F.);
#580=ORIENTED_EDGE('',*,*,#2088,.T.);
#581=ORIENTED_EDGE('',*,*,#2089,.T.);
#582=ORIENTED_EDGE('',*,*,#2090,.T.);
#583=ORIENTED_EDGE('',*,*,#2091,.T.);
#584=ORIENTED_EDGE('',*,*,#2092,.T.);
#585=ORIENTED_EDGE('',*,*,#2093,.T.);
#586=ORIENTED_EDGE('',*,*,#2094,.F.);
#587=ORIENTED_EDGE('',*,*,#2095,.F.);
#588=ORIENTED_EDGE('',*,*,#2096,.F.);
#589=ORIENTED_EDGE('',*,*,#2077,.F.);
#590=ORIENTED_EDGE('',*,*,#2097,.T.);
#591=ORIENTED_EDGE('',*,*,#2098,.T.);
#592=ORIENTED_EDGE('',*,*,#2099,.F.);
#593=ORIENTED_EDGE('',*,*,#2100,.F.);
#594=ORIENTED_EDGE('',*,*,#2101,.F.);
#595=ORIENTED_EDGE('',*,*,#2102,.F.);
#596=ORIENTED_EDGE('',*,*,#2103,.T.);
#597=ORIENTED_EDGE('',*,*,#2104,.F.);
#598=ORIENTED_EDGE('',*,*,#2105,.F.);
#599=ORIENTED_EDGE('',*,*,#2106,.F.);
#600=ORIENTED_EDGE('',*,*,#2107,.T.);
#601=ORIENTED_EDGE('',*,*,#2108,.T.);
#602=ORIENTED_EDGE('',*,*,#2109,.T.);
#603=ORIENTED_EDGE('',*,*,#2110,.T.);
#604=ORIENTED_EDGE('',*,*,#2111,.T.);
#605=ORIENTED_EDGE('',*,*,#2112,.F.);
#606=ORIENTED_EDGE('',*,*,#2113,.T.);
#607=ORIENTED_EDGE('',*,*,#2114,.F.);
#608=ORIENTED_EDGE('',*,*,#2115,.F.);
#609=ORIENTED_EDGE('',*,*,#2116,.F.);
#610=ORIENTED_EDGE('',*,*,#2117,.F.);
#611=ORIENTED_EDGE('',*,*,#2118,.F.);
#612=ORIENTED_EDGE('',*,*,#2119,.F.);
#613=ORIENTED_EDGE('',*,*,#2120,.T.);
#614=ORIENTED_EDGE('',*,*,#2121,.F.);
#615=ORIENTED_EDGE('',*,*,#2122,.F.);
#616=ORIENTED_EDGE('',*,*,#2123,.F.);
#617=ORIENTED_EDGE('',*,*,#2124,.T.);
#618=ORIENTED_EDGE('',*,*,#2125,.F.);
#619=ORIENTED_EDGE('',*,*,#2075,.F.);
#620=ORIENTED_EDGE('',*,*,#2126,.F.);
#621=ORIENTED_EDGE('',*,*,#2073,.T.);
#622=ORIENTED_EDGE('',*,*,#2127,.F.);
#623=ORIENTED_EDGE('',*,*,#2128,.T.);
#624=ORIENTED_EDGE('',*,*,#2106,.T.);
#625=ORIENTED_EDGE('',*,*,#2129,.T.);
#626=ORIENTED_EDGE('',*,*,#2130,.T.);
#627=ORIENTED_EDGE('',*,*,#2131,.T.);
#628=ORIENTED_EDGE('',*,*,#2132,.F.);
#629=ORIENTED_EDGE('',*,*,#2095,.T.);
#630=ORIENTED_EDGE('',*,*,#2133,.F.);
#631=ORIENTED_EDGE('',*,*,#2134,.F.);
#632=ORIENTED_EDGE('',*,*,#2104,.T.);
#633=ORIENTED_EDGE('',*,*,#2135,.T.);
#634=ORIENTED_EDGE('',*,*,#2136,.T.);
#635=ORIENTED_EDGE('',*,*,#2137,.T.);
#636=ORIENTED_EDGE('',*,*,#2138,.F.);
#637=ORIENTED_EDGE('',*,*,#2139,.T.);
#638=ORIENTED_EDGE('',*,*,#2140,.F.);
#639=ORIENTED_EDGE('',*,*,#2141,.T.);
#640=ORIENTED_EDGE('',*,*,#2142,.F.);
#641=ORIENTED_EDGE('',*,*,#2100,.T.);
#642=ORIENTED_EDGE('',*,*,#2143,.T.);
#643=ORIENTED_EDGE('',*,*,#2144,.T.);
#644=ORIENTED_EDGE('',*,*,#2145,.T.);
#645=ORIENTED_EDGE('',*,*,#2146,.T.);
#646=ORIENTED_EDGE('',*,*,#2147,.T.);
#647=ORIENTED_EDGE('',*,*,#2148,.T.);
#648=ORIENTED_EDGE('',*,*,#2149,.T.);
#649=ORIENTED_EDGE('',*,*,#2150,.F.);
#650=ORIENTED_EDGE('',*,*,#2151,.T.);
#651=ORIENTED_EDGE('',*,*,#2152,.F.);
#652=ORIENTED_EDGE('',*,*,#2153,.T.);
#653=ORIENTED_EDGE('',*,*,#2154,.T.);
#654=ORIENTED_EDGE('',*,*,#2155,.T.);
#655=ORIENTED_EDGE('',*,*,#2156,.T.);
#656=ORIENTED_EDGE('',*,*,#2157,.T.);
#657=ORIENTED_EDGE('',*,*,#2110,.F.);
#658=ORIENTED_EDGE('',*,*,#2158,.T.);
#659=ORIENTED_EDGE('',*,*,#2159,.T.);
#660=ORIENTED_EDGE('',*,*,#2160,.T.);
#661=ORIENTED_EDGE('',*,*,#2090,.F.);
#662=ORIENTED_EDGE('',*,*,#2161,.T.);
#663=ORIENTED_EDGE('',*,*,#2162,.F.);
#664=ORIENTED_EDGE('',*,*,#2163,.T.);
#665=ORIENTED_EDGE('',*,*,#2164,.F.);
#666=ORIENTED_EDGE('',*,*,#2165,.F.);
#667=ORIENTED_EDGE('',*,*,#2166,.F.);
#668=ORIENTED_EDGE('',*,*,#2167,.F.);
#669=ORIENTED_EDGE('',*,*,#2168,.F.);
#670=ORIENTED_EDGE('',*,*,#2127,.T.);
#671=ORIENTED_EDGE('',*,*,#2169,.T.);
#672=ORIENTED_EDGE('',*,*,#2136,.F.);
#673=ORIENTED_EDGE('',*,*,#2141,.F.);
#674=ORIENTED_EDGE('',*,*,#2170,.T.);
#675=ORIENTED_EDGE('',*,*,#2134,.T.);
#676=ORIENTED_EDGE('',*,*,#2171,.T.);
#677=ORIENTED_EDGE('',*,*,#2138,.T.);
#678=ORIENTED_EDGE('',*,*,#2172,.T.);
#679=ORIENTED_EDGE('',*,*,#2130,.F.);
#680=ORIENTED_EDGE('',*,*,#2173,.T.);
#681=ORIENTED_EDGE('',*,*,#2174,.F.);
#682=ORIENTED_EDGE('',*,*,#2175,.F.);
#683=ORIENTED_EDGE('',*,*,#2176,.F.);
#684=ORIENTED_EDGE('',*,*,#2177,.T.);
#685=ORIENTED_EDGE('',*,*,#2178,.F.);
#686=ORIENTED_EDGE('',*,*,#2119,.T.);
#687=ORIENTED_EDGE('',*,*,#2179,.F.);
#688=ORIENTED_EDGE('',*,*,#2121,.T.);
#689=ORIENTED_EDGE('',*,*,#2180,.F.);
#690=ORIENTED_EDGE('',*,*,#2181,.F.);
#691=ORIENTED_EDGE('',*,*,#2182,.F.);
#692=ORIENTED_EDGE('',*,*,#2183,.T.);
#693=ORIENTED_EDGE('',*,*,#2184,.F.);
#694=ORIENTED_EDGE('',*,*,#2067,.F.);
#695=ORIENTED_EDGE('',*,*,#2185,.F.);
#696=ORIENTED_EDGE('',*,*,#2149,.F.);
#697=ORIENTED_EDGE('',*,*,#2186,.T.);
#698=ORIENTED_EDGE('',*,*,#2187,.T.);
#699=ORIENTED_EDGE('',*,*,#1994,.F.);
#700=ORIENTED_EDGE('',*,*,#1939,.T.);
#701=ORIENTED_EDGE('',*,*,#2024,.F.);
#702=ORIENTED_EDGE('',*,*,#2188,.F.);
#703=ORIENTED_EDGE('',*,*,#2189,.F.);
#704=ORIENTED_EDGE('',*,*,#2150,.T.);
#705=ORIENTED_EDGE('',*,*,#2188,.T.);
#706=ORIENTED_EDGE('',*,*,#2023,.T.);
#707=ORIENTED_EDGE('',*,*,#2151,.F.);
#708=ORIENTED_EDGE('',*,*,#2189,.T.);
#709=ORIENTED_EDGE('',*,*,#2022,.F.);
#710=ORIENTED_EDGE('',*,*,#2190,.F.);
#711=ORIENTED_EDGE('',*,*,#2191,.T.);
#712=ORIENTED_EDGE('',*,*,#2192,.T.);
#713=ORIENTED_EDGE('',*,*,#2152,.T.);
#714=ORIENTED_EDGE('',*,*,#2190,.T.);
#715=ORIENTED_EDGE('',*,*,#2021,.T.);
#716=ORIENTED_EDGE('',*,*,#2193,.F.);
#717=ORIENTED_EDGE('',*,*,#1989,.T.);
#718=ORIENTED_EDGE('',*,*,#2194,.T.);
#719=ORIENTED_EDGE('',*,*,#2193,.T.);
#720=ORIENTED_EDGE('',*,*,#2020,.T.);
#721=ORIENTED_EDGE('',*,*,#2195,.F.);
#722=ORIENTED_EDGE('',*,*,#2196,.F.);
#723=ORIENTED_EDGE('',*,*,#1990,.T.);
#724=ORIENTED_EDGE('',*,*,#2195,.T.);
#725=ORIENTED_EDGE('',*,*,#2019,.T.);
#726=ORIENTED_EDGE('',*,*,#2197,.F.);
#727=ORIENTED_EDGE('',*,*,#1991,.T.);
#728=ORIENTED_EDGE('',*,*,#2196,.T.);
#729=ORIENTED_EDGE('',*,*,#2018,.T.);
#730=ORIENTED_EDGE('',*,*,#1992,.F.);
#731=ORIENTED_EDGE('',*,*,#2197,.T.);
#732=ORIENTED_EDGE('',*,*,#2017,.F.);
#733=ORIENTED_EDGE('',*,*,#2198,.F.);
#734=ORIENTED_EDGE('',*,*,#1993,.F.);
#735=ORIENTED_EDGE('',*,*,#2198,.T.);
#736=ORIENTED_EDGE('',*,*,#2016,.F.);
#737=ORIENTED_EDGE('',*,*,#1941,.F.);
#738=ORIENTED_EDGE('',*,*,#2199,.T.);
#739=ORIENTED_EDGE('',*,*,#2200,.T.);
#740=ORIENTED_EDGE('',*,*,#2201,.T.);
#741=ORIENTED_EDGE('',*,*,#2202,.T.);
#742=ORIENTED_EDGE('',*,*,#2203,.T.);
#743=ORIENTED_EDGE('',*,*,#2204,.T.);
#744=ORIENTED_EDGE('',*,*,#2205,.T.);
#745=ORIENTED_EDGE('',*,*,#2206,.F.);
#746=ORIENTED_EDGE('',*,*,#2207,.T.);
#747=ORIENTED_EDGE('',*,*,#2208,.T.);
#748=ORIENTED_EDGE('',*,*,#2209,.F.);
#749=ORIENTED_EDGE('',*,*,#2199,.F.);
#750=ORIENTED_EDGE('',*,*,#2210,.F.);
#751=ORIENTED_EDGE('',*,*,#2050,.T.);
#752=ORIENTED_EDGE('',*,*,#2211,.F.);
#753=ORIENTED_EDGE('',*,*,#2200,.F.);
#754=ORIENTED_EDGE('',*,*,#2212,.F.);
#755=ORIENTED_EDGE('',*,*,#2213,.T.);
#756=ORIENTED_EDGE('',*,*,#2062,.T.);
#757=ORIENTED_EDGE('',*,*,#2214,.F.);
#758=ORIENTED_EDGE('',*,*,#2215,.T.);
#759=ORIENTED_EDGE('',*,*,#2216,.T.);
#760=ORIENTED_EDGE('',*,*,#2069,.F.);
#761=ORIENTED_EDGE('',*,*,#2217,.T.);
#762=ORIENTED_EDGE('',*,*,#2206,.T.);
#763=ORIENTED_EDGE('',*,*,#2211,.T.);
#764=ORIENTED_EDGE('',*,*,#2049,.T.);
#765=ORIENTED_EDGE('',*,*,#2070,.F.);
#766=ORIENTED_EDGE('',*,*,#2218,.T.);
#767=ORIENTED_EDGE('',*,*,#2057,.T.);
#768=ORIENTED_EDGE('',*,*,#2219,.T.);
#769=ORIENTED_EDGE('',*,*,#2202,.F.);
#770=ORIENTED_EDGE('',*,*,#2220,.T.);
#771=ORIENTED_EDGE('',*,*,#2059,.T.);
#772=ORIENTED_EDGE('',*,*,#2221,.F.);
#773=ORIENTED_EDGE('',*,*,#2205,.F.);
#774=ORIENTED_EDGE('',*,*,#2221,.T.);
#775=ORIENTED_EDGE('',*,*,#2058,.T.);
#776=ORIENTED_EDGE('',*,*,#2218,.F.);
#777=ORIENTED_EDGE('',*,*,#2201,.F.);
#778=ORIENTED_EDGE('',*,*,#2222,.F.);
#779=ORIENTED_EDGE('',*,*,#2223,.T.);
#780=ORIENTED_EDGE('',*,*,#2224,.T.);
#781=ORIENTED_EDGE('',*,*,#2225,.T.);
#782=ORIENTED_EDGE('',*,*,#2060,.T.);
#783=ORIENTED_EDGE('',*,*,#2220,.F.);
#784=ORIENTED_EDGE('',*,*,#2204,.F.);
#785=ORIENTED_EDGE('',*,*,#2224,.F.);
#786=ORIENTED_EDGE('',*,*,#2226,.T.);
#787=ORIENTED_EDGE('',*,*,#2214,.T.);
#788=ORIENTED_EDGE('',*,*,#2061,.T.);
#789=ORIENTED_EDGE('',*,*,#2225,.F.);
#790=ORIENTED_EDGE('',*,*,#2227,.T.);
#791=ORIENTED_EDGE('',*,*,#2228,.T.);
#792=ORIENTED_EDGE('',*,*,#2229,.F.);
#793=ORIENTED_EDGE('',*,*,#2054,.F.);
#794=ORIENTED_EDGE('',*,*,#2229,.T.);
#795=ORIENTED_EDGE('',*,*,#2230,.T.);
#796=ORIENTED_EDGE('',*,*,#2231,.F.);
#797=ORIENTED_EDGE('',*,*,#2055,.F.);
#798=ORIENTED_EDGE('',*,*,#2231,.T.);
#799=ORIENTED_EDGE('',*,*,#2232,.T.);
#800=ORIENTED_EDGE('',*,*,#2222,.T.);
#801=ORIENTED_EDGE('',*,*,#2203,.F.);
#802=ORIENTED_EDGE('',*,*,#2219,.F.);
#803=ORIENTED_EDGE('',*,*,#2056,.T.);
#804=ORIENTED_EDGE('',*,*,#2233,.F.);
#805=ORIENTED_EDGE('',*,*,#2234,.T.);
#806=ORIENTED_EDGE('',*,*,#2235,.F.);
#807=ORIENTED_EDGE('',*,*,#2052,.F.);
#808=ORIENTED_EDGE('',*,*,#2236,.F.);
#809=ORIENTED_EDGE('',*,*,#2235,.T.);
#810=ORIENTED_EDGE('',*,*,#2237,.T.);
#811=ORIENTED_EDGE('',*,*,#2227,.F.);
#812=ORIENTED_EDGE('',*,*,#2053,.T.);
#813=ORIENTED_EDGE('',*,*,#2208,.F.);
#814=ORIENTED_EDGE('',*,*,#2238,.T.);
#815=ORIENTED_EDGE('',*,*,#2233,.T.);
#816=ORIENTED_EDGE('',*,*,#2236,.T.);
#817=ORIENTED_EDGE('',*,*,#2051,.F.);
#818=ORIENTED_EDGE('',*,*,#2210,.T.);
#819=ORIENTED_EDGE('',*,*,#2209,.T.);
#820=ORIENTED_EDGE('',*,*,#2216,.F.);
#821=ORIENTED_EDGE('',*,*,#2239,.T.);
#822=ORIENTED_EDGE('',*,*,#2240,.F.);
#823=ORIENTED_EDGE('',*,*,#2226,.F.);
#824=ORIENTED_EDGE('',*,*,#2223,.F.);
#825=ORIENTED_EDGE('',*,*,#2232,.F.);
#826=ORIENTED_EDGE('',*,*,#2230,.F.);
#827=ORIENTED_EDGE('',*,*,#2228,.F.);
#828=ORIENTED_EDGE('',*,*,#2237,.F.);
#829=ORIENTED_EDGE('',*,*,#2234,.F.);
#830=ORIENTED_EDGE('',*,*,#2238,.F.);
#831=ORIENTED_EDGE('',*,*,#2207,.F.);
#832=ORIENTED_EDGE('',*,*,#2217,.F.);
#833=ORIENTED_EDGE('',*,*,#2068,.F.);
#834=ORIENTED_EDGE('',*,*,#2241,.F.);
#835=ORIENTED_EDGE('',*,*,#2242,.T.);
#836=ORIENTED_EDGE('',*,*,#2243,.T.);
#837=ORIENTED_EDGE('',*,*,#2244,.T.);
#838=ORIENTED_EDGE('',*,*,#2245,.T.);
#839=ORIENTED_EDGE('',*,*,#2246,.T.);
#840=ORIENTED_EDGE('',*,*,#2247,.T.);
#841=ORIENTED_EDGE('',*,*,#2248,.T.);
#842=ORIENTED_EDGE('',*,*,#2249,.F.);
#843=ORIENTED_EDGE('',*,*,#2250,.T.);
#844=ORIENTED_EDGE('',*,*,#2251,.F.);
#845=ORIENTED_EDGE('',*,*,#2252,.T.);
#846=ORIENTED_EDGE('',*,*,#2253,.T.);
#847=ORIENTED_EDGE('',*,*,#2254,.F.);
#848=ORIENTED_EDGE('',*,*,#2255,.T.);
#849=ORIENTED_EDGE('',*,*,#2256,.T.);
#850=ORIENTED_EDGE('',*,*,#2257,.T.);
#851=ORIENTED_EDGE('',*,*,#2258,.T.);
#852=ORIENTED_EDGE('',*,*,#2215,.F.);
#853=ORIENTED_EDGE('',*,*,#2249,.T.);
#854=ORIENTED_EDGE('',*,*,#2259,.T.);
#855=ORIENTED_EDGE('',*,*,#2260,.T.);
#856=ORIENTED_EDGE('',*,*,#2261,.F.);
#857=ORIENTED_EDGE('',*,*,#2086,.T.);
#858=ORIENTED_EDGE('',*,*,#2262,.T.);
#859=ORIENTED_EDGE('',*,*,#2263,.T.);
#860=ORIENTED_EDGE('',*,*,#2264,.F.);
#861=ORIENTED_EDGE('',*,*,#2265,.T.);
#862=ORIENTED_EDGE('',*,*,#2266,.T.);
#863=ORIENTED_EDGE('',*,*,#2267,.T.);
#864=ORIENTED_EDGE('',*,*,#2268,.F.);
#865=ORIENTED_EDGE('',*,*,#2252,.F.);
#866=ORIENTED_EDGE('',*,*,#2269,.F.);
#867=ORIENTED_EDGE('',*,*,#2270,.F.);
#868=ORIENTED_EDGE('',*,*,#2271,.T.);
#869=ORIENTED_EDGE('',*,*,#2272,.F.);
#870=ORIENTED_EDGE('',*,*,#2265,.F.);
#871=ORIENTED_EDGE('',*,*,#2273,.T.);
#872=ORIENTED_EDGE('',*,*,#2274,.F.);
#873=ORIENTED_EDGE('',*,*,#2275,.F.);
#874=ORIENTED_EDGE('',*,*,#2267,.F.);
#875=ORIENTED_EDGE('',*,*,#2253,.F.);
#876=ORIENTED_EDGE('',*,*,#2268,.T.);
#877=ORIENTED_EDGE('',*,*,#2275,.T.);
#878=ORIENTED_EDGE('',*,*,#2276,.F.);
#879=ORIENTED_EDGE('',*,*,#2277,.F.);
#880=ORIENTED_EDGE('',*,*,#2278,.F.);
#881=ORIENTED_EDGE('',*,*,#2279,.F.);
#882=ORIENTED_EDGE('',*,*,#2280,.T.);
#883=ORIENTED_EDGE('',*,*,#2257,.F.);
#884=ORIENTED_EDGE('',*,*,#2281,.T.);
#885=ORIENTED_EDGE('',*,*,#2282,.F.);
#886=ORIENTED_EDGE('',*,*,#2165,.T.);
#887=ORIENTED_EDGE('',*,*,#2283,.T.);
#888=ORIENTED_EDGE('',*,*,#2284,.T.);
#889=ORIENTED_EDGE('',*,*,#2285,.F.);
#890=ORIENTED_EDGE('',*,*,#2263,.F.);
#891=ORIENTED_EDGE('',*,*,#2286,.F.);
#892=ORIENTED_EDGE('',*,*,#2287,.T.);
#893=ORIENTED_EDGE('',*,*,#2288,.F.);
#894=ORIENTED_EDGE('',*,*,#2289,.T.);
#895=ORIENTED_EDGE('',*,*,#2290,.F.);
#896=ORIENTED_EDGE('',*,*,#2291,.F.);
#897=ORIENTED_EDGE('',*,*,#2292,.T.);
#898=ORIENTED_EDGE('',*,*,#2162,.T.);
#899=ORIENTED_EDGE('',*,*,#2293,.T.);
#900=ORIENTED_EDGE('',*,*,#2294,.T.);
#901=ORIENTED_EDGE('',*,*,#2295,.F.);
#902=ORIENTED_EDGE('',*,*,#2260,.F.);
#903=ORIENTED_EDGE('',*,*,#2296,.F.);
#904=ORIENTED_EDGE('',*,*,#2297,.T.);
#905=ORIENTED_EDGE('',*,*,#2282,.T.);
#906=ORIENTED_EDGE('',*,*,#2298,.T.);
#907=ORIENTED_EDGE('',*,*,#2299,.T.);
#908=ORIENTED_EDGE('',*,*,#2300,.T.);
#909=ORIENTED_EDGE('',*,*,#2276,.T.);
#910=ORIENTED_EDGE('',*,*,#2274,.T.);
#911=ORIENTED_EDGE('',*,*,#2301,.F.);
#912=ORIENTED_EDGE('',*,*,#2114,.T.);
#913=ORIENTED_EDGE('',*,*,#2302,.T.);
#914=ORIENTED_EDGE('',*,*,#2296,.T.);
#915=ORIENTED_EDGE('',*,*,#2303,.F.);
#916=ORIENTED_EDGE('',*,*,#2279,.T.);
#917=ORIENTED_EDGE('',*,*,#2304,.T.);
#918=ORIENTED_EDGE('',*,*,#2254,.T.);
#919=ORIENTED_EDGE('',*,*,#2305,.T.);
#920=ORIENTED_EDGE('',*,*,#2306,.F.);
#921=ORIENTED_EDGE('',*,*,#2239,.F.);
#922=ORIENTED_EDGE('',*,*,#2258,.F.);
#923=ORIENTED_EDGE('',*,*,#2280,.F.);
#924=ORIENTED_EDGE('',*,*,#2297,.F.);
#925=ORIENTED_EDGE('',*,*,#2302,.F.);
#926=ORIENTED_EDGE('',*,*,#2113,.F.);
#927=ORIENTED_EDGE('',*,*,#2307,.T.);
#928=ORIENTED_EDGE('',*,*,#2308,.T.);
#929=ORIENTED_EDGE('',*,*,#2309,.T.);
#930=ORIENTED_EDGE('',*,*,#2310,.F.);
#931=ORIENTED_EDGE('',*,*,#2311,.T.);
#932=ORIENTED_EDGE('',*,*,#2305,.F.);
#933=ORIENTED_EDGE('',*,*,#2312,.T.);
#934=ORIENTED_EDGE('',*,*,#2313,.T.);
#935=ORIENTED_EDGE('',*,*,#2314,.F.);
#936=ORIENTED_EDGE('',*,*,#2307,.F.);
#937=ORIENTED_EDGE('',*,*,#2112,.T.);
#938=ORIENTED_EDGE('',*,*,#2315,.T.);
#939=ORIENTED_EDGE('',*,*,#2316,.T.);
#940=ORIENTED_EDGE('',*,*,#2317,.F.);
#941=ORIENTED_EDGE('',*,*,#2241,.T.);
#942=ORIENTED_EDGE('',*,*,#2184,.T.);
#943=ORIENTED_EDGE('',*,*,#2167,.T.);
#944=ORIENTED_EDGE('',*,*,#2318,.F.);
#945=ORIENTED_EDGE('',*,*,#2315,.F.);
#946=ORIENTED_EDGE('',*,*,#2111,.F.);
#947=ORIENTED_EDGE('',*,*,#2319,.T.);
#948=ORIENTED_EDGE('',*,*,#2293,.F.);
#949=ORIENTED_EDGE('',*,*,#2161,.F.);
#950=ORIENTED_EDGE('',*,*,#2089,.F.);
#951=ORIENTED_EDGE('',*,*,#2320,.T.);
#952=ORIENTED_EDGE('',*,*,#2294,.F.);
#953=ORIENTED_EDGE('',*,*,#2319,.F.);
#954=ORIENTED_EDGE('',*,*,#2088,.F.);
#955=ORIENTED_EDGE('',*,*,#2087,.T.);
#956=ORIENTED_EDGE('',*,*,#2261,.T.);
#957=ORIENTED_EDGE('',*,*,#2295,.T.);
#958=ORIENTED_EDGE('',*,*,#2320,.F.);
#959=ORIENTED_EDGE('',*,*,#2085,.T.);
#960=ORIENTED_EDGE('',*,*,#2321,.T.);
#961=ORIENTED_EDGE('',*,*,#2322,.F.);
#962=ORIENTED_EDGE('',*,*,#2323,.T.);
#963=ORIENTED_EDGE('',*,*,#2115,.T.);
#964=ORIENTED_EDGE('',*,*,#2301,.T.);
#965=ORIENTED_EDGE('',*,*,#2273,.F.);
#966=ORIENTED_EDGE('',*,*,#2269,.T.);
#967=ORIENTED_EDGE('',*,*,#2251,.T.);
#968=ORIENTED_EDGE('',*,*,#2324,.T.);
#969=ORIENTED_EDGE('',*,*,#2271,.F.);
#970=ORIENTED_EDGE('',*,*,#2325,.T.);
#971=ORIENTED_EDGE('',*,*,#2286,.T.);
#972=ORIENTED_EDGE('',*,*,#2262,.F.);
#973=ORIENTED_EDGE('',*,*,#2285,.T.);
#974=ORIENTED_EDGE('',*,*,#2326,.T.);
#975=ORIENTED_EDGE('',*,*,#2327,.T.);
#976=ORIENTED_EDGE('',*,*,#2316,.F.);
#977=ORIENTED_EDGE('',*,*,#2318,.T.);
#978=ORIENTED_EDGE('',*,*,#2166,.T.);
#979=ORIENTED_EDGE('',*,*,#2164,.T.);
#980=ORIENTED_EDGE('',*,*,#2328,.F.);
#981=ORIENTED_EDGE('',*,*,#2329,.F.);
#982=ORIENTED_EDGE('',*,*,#2283,.F.);
#983=ORIENTED_EDGE('',*,*,#2330,.T.);
#984=ORIENTED_EDGE('',*,*,#2329,.T.);
#985=ORIENTED_EDGE('',*,*,#2331,.F.);
#986=ORIENTED_EDGE('',*,*,#2244,.F.);
#987=ORIENTED_EDGE('',*,*,#2292,.F.);
#988=ORIENTED_EDGE('',*,*,#2332,.F.);
#989=ORIENTED_EDGE('',*,*,#2328,.T.);
#990=ORIENTED_EDGE('',*,*,#2163,.F.);
#991=ORIENTED_EDGE('',*,*,#2317,.T.);
#992=ORIENTED_EDGE('',*,*,#2327,.F.);
#993=ORIENTED_EDGE('',*,*,#2333,.F.);
#994=ORIENTED_EDGE('',*,*,#2242,.F.);
#995=ORIENTED_EDGE('',*,*,#2333,.T.);
#996=ORIENTED_EDGE('',*,*,#2326,.F.);
#997=ORIENTED_EDGE('',*,*,#2284,.F.);
#998=ORIENTED_EDGE('',*,*,#2330,.F.);
#999=ORIENTED_EDGE('',*,*,#2243,.F.);
#1000=ORIENTED_EDGE('',*,*,#2264,.T.);
#1001=ORIENTED_EDGE('',*,*,#2287,.F.);
#1002=ORIENTED_EDGE('',*,*,#2325,.F.);
#1003=ORIENTED_EDGE('',*,*,#2270,.T.);
#1004=ORIENTED_EDGE('',*,*,#2303,.T.);
#1005=ORIENTED_EDGE('',*,*,#2300,.F.);
#1006=ORIENTED_EDGE('',*,*,#2334,.F.);
#1007=ORIENTED_EDGE('',*,*,#2335,.F.);
#1008=ORIENTED_EDGE('',*,*,#2277,.T.);
#1009=ORIENTED_EDGE('',*,*,#2278,.T.);
#1010=ORIENTED_EDGE('',*,*,#2335,.T.);
#1011=ORIENTED_EDGE('',*,*,#2334,.T.);
#1012=ORIENTED_EDGE('',*,*,#2299,.F.);
#1013=ORIENTED_EDGE('',*,*,#2336,.F.);
#1014=ORIENTED_EDGE('',*,*,#2255,.F.);
#1015=ORIENTED_EDGE('',*,*,#2304,.F.);
#1016=ORIENTED_EDGE('',*,*,#2336,.T.);
#1017=ORIENTED_EDGE('',*,*,#2298,.F.);
#1018=ORIENTED_EDGE('',*,*,#2281,.F.);
#1019=ORIENTED_EDGE('',*,*,#2256,.F.);
#1020=ORIENTED_EDGE('',*,*,#2248,.F.);
#1021=ORIENTED_EDGE('',*,*,#2337,.F.);
#1022=ORIENTED_EDGE('',*,*,#2288,.T.);
#1023=ORIENTED_EDGE('',*,*,#2259,.F.);
#1024=ORIENTED_EDGE('',*,*,#2272,.T.);
#1025=ORIENTED_EDGE('',*,*,#2324,.F.);
#1026=ORIENTED_EDGE('',*,*,#2250,.F.);
#1027=ORIENTED_EDGE('',*,*,#2266,.F.);
#1028=ORIENTED_EDGE('',*,*,#2338,.T.);
#1029=ORIENTED_EDGE('',*,*,#2290,.T.);
#1030=ORIENTED_EDGE('',*,*,#2339,.T.);
#1031=ORIENTED_EDGE('',*,*,#2246,.F.);
#1032=ORIENTED_EDGE('',*,*,#2339,.F.);
#1033=ORIENTED_EDGE('',*,*,#2289,.F.);
#1034=ORIENTED_EDGE('',*,*,#2337,.T.);
#1035=ORIENTED_EDGE('',*,*,#2247,.F.);
#1036=ORIENTED_EDGE('',*,*,#2331,.T.);
#1037=ORIENTED_EDGE('',*,*,#2332,.T.);
#1038=ORIENTED_EDGE('',*,*,#2291,.T.);
#1039=ORIENTED_EDGE('',*,*,#2338,.F.);
#1040=ORIENTED_EDGE('',*,*,#2245,.F.);
#1041=ORIENTED_EDGE('',*,*,#2340,.F.);
#1042=ORIENTED_EDGE('',*,*,#2181,.T.);
#1043=ORIENTED_EDGE('',*,*,#2341,.F.);
#1044=ORIENTED_EDGE('',*,*,#2177,.F.);
#1045=ORIENTED_EDGE('',*,*,#2129,.F.);
#1046=ORIENTED_EDGE('',*,*,#2105,.T.);
#1047=ORIENTED_EDGE('',*,*,#2139,.F.);
#1048=ORIENTED_EDGE('',*,*,#2173,.F.);
#1049=ORIENTED_EDGE('',*,*,#2120,.F.);
#1050=ORIENTED_EDGE('',*,*,#2178,.T.);
#1051=ORIENTED_EDGE('',*,*,#2341,.T.);
#1052=ORIENTED_EDGE('',*,*,#2180,.T.);
#1053=ORIENTED_EDGE('',*,*,#2175,.T.);
#1054=ORIENTED_EDGE('',*,*,#2342,.T.);
#1055=ORIENTED_EDGE('',*,*,#2183,.F.);
#1056=ORIENTED_EDGE('',*,*,#2343,.F.);
#1057=ORIENTED_EDGE('',*,*,#2176,.T.);
#1058=ORIENTED_EDGE('',*,*,#2343,.T.);
#1059=ORIENTED_EDGE('',*,*,#2182,.T.);
#1060=ORIENTED_EDGE('',*,*,#2340,.T.);
#1061=ORIENTED_EDGE('',*,*,#2131,.F.);
#1062=ORIENTED_EDGE('',*,*,#2172,.F.);
#1063=ORIENTED_EDGE('',*,*,#2137,.F.);
#1064=ORIENTED_EDGE('',*,*,#2169,.F.);
#1065=ORIENTED_EDGE('',*,*,#2322,.T.);
#1066=ORIENTED_EDGE('',*,*,#2344,.T.);
#1067=ORIENTED_EDGE('',*,*,#2345,.T.);
#1068=ORIENTED_EDGE('',*,*,#2346,.T.);
#1069=ORIENTED_EDGE('',*,*,#2347,.T.);
#1070=ORIENTED_EDGE('',*,*,#2348,.F.);
#1071=ORIENTED_EDGE('',*,*,#2082,.F.);
#1072=ORIENTED_EDGE('',*,*,#2349,.T.);
#1073=ORIENTED_EDGE('',*,*,#2350,.T.);
#1074=ORIENTED_EDGE('',*,*,#2351,.F.);
#1075=ORIENTED_EDGE('',*,*,#2083,.T.);
#1076=ORIENTED_EDGE('',*,*,#2348,.T.);
#1077=ORIENTED_EDGE('',*,*,#2352,.T.);
#1078=ORIENTED_EDGE('',*,*,#2353,.T.);
#1079=ORIENTED_EDGE('',*,*,#2354,.F.);
#1080=ORIENTED_EDGE('',*,*,#2344,.F.);
#1081=ORIENTED_EDGE('',*,*,#2321,.F.);
#1082=ORIENTED_EDGE('',*,*,#2084,.T.);
#1083=ORIENTED_EDGE('',*,*,#2351,.T.);
#1084=ORIENTED_EDGE('',*,*,#2354,.T.);
#1085=ORIENTED_EDGE('',*,*,#2355,.T.);
#1086=ORIENTED_EDGE('',*,*,#2356,.T.);
#1087=ORIENTED_EDGE('',*,*,#2357,.F.);
#1088=ORIENTED_EDGE('',*,*,#2116,.T.);
#1089=ORIENTED_EDGE('',*,*,#2323,.F.);
#1090=ORIENTED_EDGE('',*,*,#2345,.F.);
#1091=ORIENTED_EDGE('',*,*,#2358,.T.);
#1092=ORIENTED_EDGE('',*,*,#2359,.T.);
#1093=ORIENTED_EDGE('',*,*,#2360,.F.);
#1094=ORIENTED_EDGE('',*,*,#2117,.T.);
#1095=ORIENTED_EDGE('',*,*,#2357,.T.);
#1096=ORIENTED_EDGE('',*,*,#2361,.T.);
#1097=ORIENTED_EDGE('',*,*,#2145,.F.);
#1098=ORIENTED_EDGE('',*,*,#2362,.T.);
#1099=ORIENTED_EDGE('',*,*,#2363,.F.);
#1100=ORIENTED_EDGE('',*,*,#2364,.F.);
#1101=ORIENTED_EDGE('',*,*,#2365,.T.);
#1102=ORIENTED_EDGE('',*,*,#2366,.T.);
#1103=ORIENTED_EDGE('',*,*,#1999,.F.);
#1104=ORIENTED_EDGE('',*,*,#2367,.T.);
#1105=ORIENTED_EDGE('',*,*,#2368,.F.);
#1106=ORIENTED_EDGE('',*,*,#2123,.T.);
#1107=ORIENTED_EDGE('',*,*,#2369,.T.);
#1108=ORIENTED_EDGE('',*,*,#2370,.T.);
#1109=ORIENTED_EDGE('',*,*,#2360,.T.);
#1110=ORIENTED_EDGE('',*,*,#2371,.T.);
#1111=ORIENTED_EDGE('',*,*,#2369,.F.);
#1112=ORIENTED_EDGE('',*,*,#2122,.T.);
#1113=ORIENTED_EDGE('',*,*,#2179,.T.);
#1114=ORIENTED_EDGE('',*,*,#2342,.F.);
#1115=ORIENTED_EDGE('',*,*,#2174,.T.);
#1116=ORIENTED_EDGE('',*,*,#2118,.T.);
#1117=ORIENTED_EDGE('',*,*,#2368,.T.);
#1118=ORIENTED_EDGE('',*,*,#2372,.T.);
#1119=ORIENTED_EDGE('',*,*,#2373,.T.);
#1120=ORIENTED_EDGE('',*,*,#2346,.F.);
#1121=ORIENTED_EDGE('',*,*,#2081,.F.);
#1122=ORIENTED_EDGE('',*,*,#2074,.F.);
#1123=ORIENTED_EDGE('',*,*,#2126,.T.);
#1124=ORIENTED_EDGE('',*,*,#2078,.F.);
#1125=ORIENTED_EDGE('',*,*,#2124,.F.);
#1126=ORIENTED_EDGE('',*,*,#2374,.T.);
#1127=ORIENTED_EDGE('',*,*,#2375,.T.);
#1128=ORIENTED_EDGE('',*,*,#2376,.F.);
#1129=ORIENTED_EDGE('',*,*,#2108,.F.);
#1130=ORIENTED_EDGE('',*,*,#2377,.T.);
#1131=ORIENTED_EDGE('',*,*,#2378,.T.);
#1132=ORIENTED_EDGE('',*,*,#2376,.T.);
#1133=ORIENTED_EDGE('',*,*,#2379,.T.);
#1134=ORIENTED_EDGE('',*,*,#2380,.T.);
#1135=ORIENTED_EDGE('',*,*,#2381,.F.);
#1136=ORIENTED_EDGE('',*,*,#2382,.T.);
#1137=ORIENTED_EDGE('',*,*,#2158,.F.);
#1138=ORIENTED_EDGE('',*,*,#2109,.F.);
#1139=ORIENTED_EDGE('',*,*,#2381,.T.);
#1140=ORIENTED_EDGE('',*,*,#2383,.T.);
#1141=ORIENTED_EDGE('',*,*,#2384,.T.);
#1142=ORIENTED_EDGE('',*,*,#2385,.F.);
#1143=ORIENTED_EDGE('',*,*,#2091,.F.);
#1144=ORIENTED_EDGE('',*,*,#2160,.F.);
#1145=ORIENTED_EDGE('',*,*,#2386,.T.);
#1146=ORIENTED_EDGE('',*,*,#2385,.T.);
#1147=ORIENTED_EDGE('',*,*,#2387,.T.);
#1148=ORIENTED_EDGE('',*,*,#2388,.T.);
#1149=ORIENTED_EDGE('',*,*,#2389,.F.);
#1150=ORIENTED_EDGE('',*,*,#2092,.F.);
#1151=ORIENTED_EDGE('',*,*,#2389,.T.);
#1152=ORIENTED_EDGE('',*,*,#2390,.T.);
#1153=ORIENTED_EDGE('',*,*,#2391,.F.);
#1154=ORIENTED_EDGE('',*,*,#2093,.F.);
#1155=ORIENTED_EDGE('',*,*,#2392,.T.);
#1156=ORIENTED_EDGE('',*,*,#2393,.T.);
#1157=ORIENTED_EDGE('',*,*,#2156,.F.);
#1158=ORIENTED_EDGE('',*,*,#2394,.T.);
#1159=ORIENTED_EDGE('',*,*,#2395,.F.);
#1160=ORIENTED_EDGE('',*,*,#2102,.T.);
#1161=ORIENTED_EDGE('',*,*,#2396,.T.);
#1162=ORIENTED_EDGE('',*,*,#2397,.F.);
#1163=ORIENTED_EDGE('',*,*,#2398,.T.);
#1164=ORIENTED_EDGE('',*,*,#2399,.T.);
#1165=ORIENTED_EDGE('',*,*,#2400,.F.);
#1166=ORIENTED_EDGE('',*,*,#2396,.F.);
#1167=ORIENTED_EDGE('',*,*,#2101,.T.);
#1168=ORIENTED_EDGE('',*,*,#2142,.T.);
#1169=ORIENTED_EDGE('',*,*,#2171,.F.);
#1170=ORIENTED_EDGE('',*,*,#2133,.T.);
#1171=ORIENTED_EDGE('',*,*,#2094,.T.);
#1172=ORIENTED_EDGE('',*,*,#2391,.T.);
#1173=ORIENTED_EDGE('',*,*,#2401,.T.);
#1174=ORIENTED_EDGE('',*,*,#2395,.T.);
#1175=ORIENTED_EDGE('',*,*,#2402,.T.);
#1176=ORIENTED_EDGE('',*,*,#2377,.F.);
#1177=ORIENTED_EDGE('',*,*,#2107,.F.);
#1178=ORIENTED_EDGE('',*,*,#2128,.F.);
#1179=ORIENTED_EDGE('',*,*,#2168,.T.);
#1180=ORIENTED_EDGE('',*,*,#2135,.F.);
#1181=ORIENTED_EDGE('',*,*,#2103,.F.);
#1182=ORIENTED_EDGE('',*,*,#2382,.F.);
#1183=ORIENTED_EDGE('',*,*,#2386,.F.);
#1184=ORIENTED_EDGE('',*,*,#2159,.F.);
#1185=ORIENTED_EDGE('',*,*,#2403,.T.);
#1186=ORIENTED_EDGE('',*,*,#2079,.T.);
#1187=ORIENTED_EDGE('',*,*,#2404,.F.);
#1188=ORIENTED_EDGE('',*,*,#1979,.F.);
#1189=ORIENTED_EDGE('',*,*,#1981,.T.);
#1190=ORIENTED_EDGE('',*,*,#2405,.T.);
#1191=ORIENTED_EDGE('',*,*,#2098,.F.);
#1192=ORIENTED_EDGE('',*,*,#2406,.F.);
#1193=ORIENTED_EDGE('',*,*,#1978,.T.);
#1194=ORIENTED_EDGE('',*,*,#2406,.T.);
#1195=ORIENTED_EDGE('',*,*,#2097,.F.);
#1196=ORIENTED_EDGE('',*,*,#2076,.F.);
#1197=ORIENTED_EDGE('',*,*,#2125,.T.);
#1198=ORIENTED_EDGE('',*,*,#2072,.F.);
#1199=ORIENTED_EDGE('',*,*,#2080,.F.);
#1200=ORIENTED_EDGE('',*,*,#2403,.F.);
#1201=ORIENTED_EDGE('',*,*,#2404,.T.);
#1202=ORIENTED_EDGE('',*,*,#2096,.T.);
#1203=ORIENTED_EDGE('',*,*,#2132,.T.);
#1204=ORIENTED_EDGE('',*,*,#2170,.F.);
#1205=ORIENTED_EDGE('',*,*,#2140,.T.);
#1206=ORIENTED_EDGE('',*,*,#2099,.T.);
#1207=ORIENTED_EDGE('',*,*,#2405,.F.);
#1208=ORIENTED_EDGE('',*,*,#1980,.F.);
#1209=ORIENTED_EDGE('',*,*,#2407,.F.);
#1210=ORIENTED_EDGE('',*,*,#2398,.F.);
#1211=ORIENTED_EDGE('',*,*,#2408,.F.);
#1212=ORIENTED_EDGE('',*,*,#1985,.F.);
#1213=ORIENTED_EDGE('',*,*,#1984,.F.);
#1214=ORIENTED_EDGE('',*,*,#2409,.T.);
#1215=ORIENTED_EDGE('',*,*,#2410,.T.);
#1216=ORIENTED_EDGE('',*,*,#2411,.T.);
#1217=ORIENTED_EDGE('',*,*,#2390,.F.);
#1218=ORIENTED_EDGE('',*,*,#2388,.F.);
#1219=ORIENTED_EDGE('',*,*,#2412,.F.);
#1220=ORIENTED_EDGE('',*,*,#1986,.F.);
#1221=ORIENTED_EDGE('',*,*,#2408,.T.);
#1222=ORIENTED_EDGE('',*,*,#2401,.F.);
#1223=ORIENTED_EDGE('',*,*,#2394,.F.);
#1224=ORIENTED_EDGE('',*,*,#2155,.F.);
#1225=ORIENTED_EDGE('',*,*,#2413,.F.);
#1226=ORIENTED_EDGE('',*,*,#2378,.F.);
#1227=ORIENTED_EDGE('',*,*,#2402,.F.);
#1228=ORIENTED_EDGE('',*,*,#2387,.F.);
#1229=ORIENTED_EDGE('',*,*,#2384,.F.);
#1230=ORIENTED_EDGE('',*,*,#2414,.F.);
#1231=ORIENTED_EDGE('',*,*,#1987,.F.);
#1232=ORIENTED_EDGE('',*,*,#2412,.T.);
#1233=ORIENTED_EDGE('',*,*,#2413,.T.);
#1234=ORIENTED_EDGE('',*,*,#2154,.F.);
#1235=ORIENTED_EDGE('',*,*,#2415,.F.);
#1236=ORIENTED_EDGE('',*,*,#2374,.F.);
#1237=ORIENTED_EDGE('',*,*,#2383,.F.);
#1238=ORIENTED_EDGE('',*,*,#2380,.F.);
#1239=ORIENTED_EDGE('',*,*,#2416,.F.);
#1240=ORIENTED_EDGE('',*,*,#2191,.F.);
#1241=ORIENTED_EDGE('',*,*,#2194,.F.);
#1242=ORIENTED_EDGE('',*,*,#1988,.F.);
#1243=ORIENTED_EDGE('',*,*,#2414,.T.);
#1244=ORIENTED_EDGE('',*,*,#2415,.T.);
#1245=ORIENTED_EDGE('',*,*,#2153,.F.);
#1246=ORIENTED_EDGE('',*,*,#2192,.F.);
#1247=ORIENTED_EDGE('',*,*,#2416,.T.);
#1248=ORIENTED_EDGE('',*,*,#2379,.F.);
#1249=ORIENTED_EDGE('',*,*,#2375,.F.);
#1250=ORIENTED_EDGE('',*,*,#2367,.F.);
#1251=ORIENTED_EDGE('',*,*,#1998,.F.);
#1252=ORIENTED_EDGE('',*,*,#2417,.F.);
#1253=ORIENTED_EDGE('',*,*,#2372,.F.);
#1254=ORIENTED_EDGE('',*,*,#2417,.T.);
#1255=ORIENTED_EDGE('',*,*,#1997,.F.);
#1256=ORIENTED_EDGE('',*,*,#2418,.F.);
#1257=ORIENTED_EDGE('',*,*,#2349,.F.);
#1258=ORIENTED_EDGE('',*,*,#2347,.F.);
#1259=ORIENTED_EDGE('',*,*,#2373,.F.);
#1260=ORIENTED_EDGE('',*,*,#2418,.T.);
#1261=ORIENTED_EDGE('',*,*,#1996,.F.);
#1262=ORIENTED_EDGE('',*,*,#2419,.F.);
#1263=ORIENTED_EDGE('',*,*,#2352,.F.);
#1264=ORIENTED_EDGE('',*,*,#2350,.F.);
#1265=ORIENTED_EDGE('',*,*,#1995,.F.);
#1266=ORIENTED_EDGE('',*,*,#2187,.F.);
#1267=ORIENTED_EDGE('',*,*,#2420,.F.);
#1268=ORIENTED_EDGE('',*,*,#2355,.F.);
#1269=ORIENTED_EDGE('',*,*,#2353,.F.);
#1270=ORIENTED_EDGE('',*,*,#2419,.T.);
#1271=ORIENTED_EDGE('',*,*,#2186,.F.);
#1272=ORIENTED_EDGE('',*,*,#2148,.F.);
#1273=ORIENTED_EDGE('',*,*,#2421,.F.);
#1274=ORIENTED_EDGE('',*,*,#2361,.F.);
#1275=ORIENTED_EDGE('',*,*,#2356,.F.);
#1276=ORIENTED_EDGE('',*,*,#2420,.T.);
#1277=ORIENTED_EDGE('',*,*,#2421,.T.);
#1278=ORIENTED_EDGE('',*,*,#2147,.F.);
#1279=ORIENTED_EDGE('',*,*,#2422,.F.);
#1280=ORIENTED_EDGE('',*,*,#2358,.F.);
#1281=ORIENTED_EDGE('',*,*,#2370,.F.);
#1282=ORIENTED_EDGE('',*,*,#2371,.F.);
#1283=ORIENTED_EDGE('',*,*,#2359,.F.);
#1284=ORIENTED_EDGE('',*,*,#2422,.T.);
#1285=ORIENTED_EDGE('',*,*,#2146,.F.);
#1286=ORIENTED_EDGE('',*,*,#2313,.F.);
#1287=ORIENTED_EDGE('',*,*,#2423,.F.);
#1288=ORIENTED_EDGE('',*,*,#2424,.T.);
#1289=ORIENTED_EDGE('',*,*,#2425,.T.);
#1290=ORIENTED_EDGE('',*,*,#2426,.F.);
#1291=ORIENTED_EDGE('',*,*,#2427,.F.);
#1292=ORIENTED_EDGE('',*,*,#2312,.F.);
#1293=ORIENTED_EDGE('',*,*,#2310,.T.);
#1294=ORIENTED_EDGE('',*,*,#2428,.F.);
#1295=ORIENTED_EDGE('',*,*,#2429,.F.);
#1296=ORIENTED_EDGE('',*,*,#2423,.T.);
#1297=ORIENTED_EDGE('',*,*,#2430,.T.);
#1298=ORIENTED_EDGE('',*,*,#2431,.F.);
#1299=ORIENTED_EDGE('',*,*,#2424,.F.);
#1300=ORIENTED_EDGE('',*,*,#2429,.T.);
#1301=ORIENTED_EDGE('',*,*,#2308,.F.);
#1302=ORIENTED_EDGE('',*,*,#2314,.T.);
#1303=ORIENTED_EDGE('',*,*,#2425,.F.);
#1304=ORIENTED_EDGE('',*,*,#2431,.T.);
#1305=ORIENTED_EDGE('',*,*,#2432,.T.);
#1306=ORIENTED_EDGE('',*,*,#2309,.F.);
#1307=ORIENTED_EDGE('',*,*,#2432,.F.);
#1308=ORIENTED_EDGE('',*,*,#2430,.F.);
#1309=ORIENTED_EDGE('',*,*,#2428,.T.);
#1310=ORIENTED_EDGE('',*,*,#2433,.F.);
#1311=ORIENTED_EDGE('',*,*,#2427,.T.);
#1312=ORIENTED_EDGE('',*,*,#2433,.T.);
#1313=ORIENTED_EDGE('',*,*,#2434,.F.);
#1314=ORIENTED_EDGE('',*,*,#2426,.T.);
#1315=ORIENTED_EDGE('',*,*,#2434,.T.);
#1316=ORIENTED_EDGE('',*,*,#2047,.T.);
#1317=ORIENTED_EDGE('',*,*,#2435,.F.);
#1318=ORIENTED_EDGE('',*,*,#2436,.F.);
#1319=ORIENTED_EDGE('',*,*,#2065,.T.);
#1320=ORIENTED_EDGE('',*,*,#2063,.F.);
#1321=ORIENTED_EDGE('',*,*,#2213,.F.);
#1322=ORIENTED_EDGE('',*,*,#2437,.T.);
#1323=ORIENTED_EDGE('',*,*,#2438,.T.);
#1324=ORIENTED_EDGE('',*,*,#2064,.T.);
#1325=ORIENTED_EDGE('',*,*,#2438,.F.);
#1326=ORIENTED_EDGE('',*,*,#2439,.F.);
#1327=ORIENTED_EDGE('',*,*,#2435,.T.);
#1328=ORIENTED_EDGE('',*,*,#2436,.T.);
#1329=ORIENTED_EDGE('',*,*,#2439,.T.);
#1330=ORIENTED_EDGE('',*,*,#2437,.F.);
#1331=ORIENTED_EDGE('',*,*,#2440,.F.);
#1332=ORIENTED_EDGE('',*,*,#2306,.T.);
#1333=ORIENTED_EDGE('',*,*,#2311,.F.);
#1334=ORIENTED_EDGE('',*,*,#2185,.T.);
#1335=ORIENTED_EDGE('',*,*,#2441,.T.);
#1336=ORIENTED_EDGE('',*,*,#2240,.T.);
#1337=ORIENTED_EDGE('',*,*,#2440,.T.);
#1338=ORIENTED_EDGE('',*,*,#2212,.T.);
#1339=ORIENTED_EDGE('',*,*,#2441,.F.);
#1340=ORIENTED_EDGE('',*,*,#2066,.T.);
#1341=ORIENTED_EDGE('',*,*,#2442,.F.);
#1342=ORIENTED_EDGE('',*,*,#2443,.T.);
#1343=ORIENTED_EDGE('',*,*,#2444,.T.);
#1344=ORIENTED_EDGE('',*,*,#2445,.F.);
#1345=ORIENTED_EDGE('',*,*,#2444,.F.);
#1346=ORIENTED_EDGE('',*,*,#2446,.T.);
#1347=ORIENTED_EDGE('',*,*,#2447,.T.);
#1348=ORIENTED_EDGE('',*,*,#2448,.T.);
#1349=ORIENTED_EDGE('',*,*,#2449,.T.);
#1350=ORIENTED_EDGE('',*,*,#2450,.T.);
#1351=ORIENTED_EDGE('',*,*,#2451,.T.);
#1352=ORIENTED_EDGE('',*,*,#2452,.T.);
#1353=ORIENTED_EDGE('',*,*,#2453,.F.);
#1354=ORIENTED_EDGE('',*,*,#2454,.F.);
#1355=ORIENTED_EDGE('',*,*,#2452,.F.);
#1356=ORIENTED_EDGE('',*,*,#2455,.T.);
#1357=ORIENTED_EDGE('',*,*,#2456,.T.);
#1358=ORIENTED_EDGE('',*,*,#2457,.T.);
#1359=ORIENTED_EDGE('',*,*,#2456,.F.);
#1360=ORIENTED_EDGE('',*,*,#2458,.T.);
#1361=ORIENTED_EDGE('',*,*,#2459,.T.);
#1362=ORIENTED_EDGE('',*,*,#2460,.T.);
#1363=ORIENTED_EDGE('',*,*,#2447,.F.);
#1364=ORIENTED_EDGE('',*,*,#2461,.T.);
#1365=ORIENTED_EDGE('',*,*,#2462,.T.);
#1366=ORIENTED_EDGE('',*,*,#2365,.F.);
#1367=ORIENTED_EDGE('',*,*,#2463,.T.);
#1368=ORIENTED_EDGE('',*,*,#2363,.T.);
#1369=ORIENTED_EDGE('',*,*,#2464,.T.);
#1370=ORIENTED_EDGE('',*,*,#2454,.T.);
#1371=ORIENTED_EDGE('',*,*,#2465,.F.);
#1372=ORIENTED_EDGE('',*,*,#2364,.T.);
#1373=ORIENTED_EDGE('',*,*,#2465,.T.);
#1374=ORIENTED_EDGE('',*,*,#2453,.T.);
#1375=ORIENTED_EDGE('',*,*,#2457,.F.);
#1376=ORIENTED_EDGE('',*,*,#2460,.F.);
#1377=ORIENTED_EDGE('',*,*,#2466,.F.);
#1378=ORIENTED_EDGE('',*,*,#2397,.T.);
#1379=ORIENTED_EDGE('',*,*,#2400,.T.);
#1380=ORIENTED_EDGE('',*,*,#2467,.F.);
#1381=ORIENTED_EDGE('',*,*,#2468,.T.);
#1382=ORIENTED_EDGE('',*,*,#2445,.T.);
#1383=ORIENTED_EDGE('',*,*,#2448,.F.);
#1384=ORIENTED_EDGE('',*,*,#2463,.F.);
#1385=ORIENTED_EDGE('',*,*,#2459,.F.);
#1386=ORIENTED_EDGE('',*,*,#2469,.T.);
#1387=ORIENTED_EDGE('',*,*,#2392,.F.);
#1388=ORIENTED_EDGE('',*,*,#2466,.T.);
#1389=ORIENTED_EDGE('',*,*,#2407,.T.);
#1390=ORIENTED_EDGE('',*,*,#2470,.T.);
#1391=ORIENTED_EDGE('',*,*,#2467,.T.);
#1392=ORIENTED_EDGE('',*,*,#2399,.F.);
#1393=ORIENTED_EDGE('',*,*,#2411,.F.);
#1394=ORIENTED_EDGE('',*,*,#2471,.T.);
#1395=ORIENTED_EDGE('',*,*,#2472,.T.);
#1396=ORIENTED_EDGE('',*,*,#2442,.T.);
#1397=ORIENTED_EDGE('',*,*,#2468,.F.);
#1398=ORIENTED_EDGE('',*,*,#2470,.F.);
#1399=ORIENTED_EDGE('',*,*,#2458,.F.);
#1400=ORIENTED_EDGE('',*,*,#2455,.F.);
#1401=ORIENTED_EDGE('',*,*,#2473,.F.);
#1402=ORIENTED_EDGE('',*,*,#2157,.F.);
#1403=ORIENTED_EDGE('',*,*,#2393,.F.);
#1404=ORIENTED_EDGE('',*,*,#2469,.F.);
#1405=ORIENTED_EDGE('',*,*,#2451,.F.);
#1406=ORIENTED_EDGE('',*,*,#2450,.F.);
#1407=ORIENTED_EDGE('',*,*,#2474,.F.);
#1408=ORIENTED_EDGE('',*,*,#2143,.F.);
#1409=ORIENTED_EDGE('',*,*,#2473,.T.);
#1410=ORIENTED_EDGE('',*,*,#2362,.F.);
#1411=ORIENTED_EDGE('',*,*,#2144,.F.);
#1412=ORIENTED_EDGE('',*,*,#2474,.T.);
#1413=ORIENTED_EDGE('',*,*,#2449,.F.);
#1414=ORIENTED_EDGE('',*,*,#2464,.F.);
#1415=ORIENTED_EDGE('',*,*,#2366,.F.);
#1416=ORIENTED_EDGE('',*,*,#2462,.F.);
#1417=ORIENTED_EDGE('',*,*,#2475,.F.);
#1418=ORIENTED_EDGE('',*,*,#2000,.F.);
#1419=ORIENTED_EDGE('',*,*,#2461,.F.);
#1420=ORIENTED_EDGE('',*,*,#2446,.F.);
#1421=ORIENTED_EDGE('',*,*,#2476,.F.);
#1422=ORIENTED_EDGE('',*,*,#2001,.F.);
#1423=ORIENTED_EDGE('',*,*,#2475,.T.);
#1424=ORIENTED_EDGE('',*,*,#2443,.F.);
#1425=ORIENTED_EDGE('',*,*,#2472,.F.);
#1426=ORIENTED_EDGE('',*,*,#2477,.F.);
#1427=ORIENTED_EDGE('',*,*,#1982,.F.);
#1428=ORIENTED_EDGE('',*,*,#2476,.T.);
#1429=ORIENTED_EDGE('',*,*,#2409,.F.);
#1430=ORIENTED_EDGE('',*,*,#1983,.F.);
#1431=ORIENTED_EDGE('',*,*,#2477,.T.);
#1432=ORIENTED_EDGE('',*,*,#2471,.F.);
#1433=ORIENTED_EDGE('',*,*,#2410,.F.);
#1434=ORIENTED_EDGE('',*,*,#1950,.F.);
#1435=ORIENTED_EDGE('',*,*,#2009,.F.);
#1436=ORIENTED_EDGE('',*,*,#2478,.T.);
#1437=ORIENTED_EDGE('',*,*,#2479,.T.);
#1438=ORIENTED_EDGE('',*,*,#1952,.F.);
#1439=ORIENTED_EDGE('',*,*,#2480,.F.);
#1440=ORIENTED_EDGE('',*,*,#2481,.T.);
#1441=ORIENTED_EDGE('',*,*,#2007,.T.);
#1442=ORIENTED_EDGE('',*,*,#1951,.F.);
#1443=ORIENTED_EDGE('',*,*,#2479,.F.);
#1444=ORIENTED_EDGE('',*,*,#2482,.T.);
#1445=ORIENTED_EDGE('',*,*,#2480,.T.);
#1446=ORIENTED_EDGE('',*,*,#2478,.F.);
#1447=ORIENTED_EDGE('',*,*,#2008,.F.);
#1448=ORIENTED_EDGE('',*,*,#2481,.F.);
#1449=ORIENTED_EDGE('',*,*,#2482,.F.);
#1450=ORIENTED_EDGE('',*,*,#2483,.F.);
#1451=ORIENTED_EDGE('',*,*,#2484,.F.);
#1452=ORIENTED_EDGE('',*,*,#2485,.T.);
#1453=ORIENTED_EDGE('',*,*,#2486,.T.);
#1454=ORIENTED_EDGE('',*,*,#2487,.F.);
#1455=ORIENTED_EDGE('',*,*,#2488,.F.);
#1456=ORIENTED_EDGE('',*,*,#2489,.T.);
#1457=ORIENTED_EDGE('',*,*,#2484,.T.);
#1458=ORIENTED_EDGE('',*,*,#1935,.F.);
#1459=ORIENTED_EDGE('',*,*,#2030,.F.);
#1460=ORIENTED_EDGE('',*,*,#2490,.T.);
#1461=ORIENTED_EDGE('',*,*,#2491,.T.);
#1462=ORIENTED_EDGE('',*,*,#1975,.F.);
#1463=ORIENTED_EDGE('',*,*,#2492,.F.);
#1464=ORIENTED_EDGE('',*,*,#2493,.T.);
#1465=ORIENTED_EDGE('',*,*,#2028,.T.);
#1466=ORIENTED_EDGE('',*,*,#1974,.F.);
#1467=ORIENTED_EDGE('',*,*,#2494,.F.);
#1468=ORIENTED_EDGE('',*,*,#2495,.T.);
#1469=ORIENTED_EDGE('',*,*,#2492,.T.);
#1470=ORIENTED_EDGE('',*,*,#1977,.F.);
#1471=ORIENTED_EDGE('',*,*,#2027,.F.);
#1472=ORIENTED_EDGE('',*,*,#2496,.T.);
#1473=ORIENTED_EDGE('',*,*,#2494,.T.);
#1474=ORIENTED_EDGE('',*,*,#1937,.F.);
#1475=ORIENTED_EDGE('',*,*,#2497,.F.);
#1476=ORIENTED_EDGE('',*,*,#2498,.T.);
#1477=ORIENTED_EDGE('',*,*,#2025,.T.);
#1478=ORIENTED_EDGE('',*,*,#1936,.F.);
#1479=ORIENTED_EDGE('',*,*,#2491,.F.);
#1480=ORIENTED_EDGE('',*,*,#2499,.T.);
#1481=ORIENTED_EDGE('',*,*,#2497,.T.);
#1482=ORIENTED_EDGE('',*,*,#2500,.F.);
#1483=ORIENTED_EDGE('',*,*,#2486,.F.);
#1484=ORIENTED_EDGE('',*,*,#2501,.T.);
#1485=ORIENTED_EDGE('',*,*,#2488,.T.);
#1486=ORIENTED_EDGE('',*,*,#2490,.F.);
#1487=ORIENTED_EDGE('',*,*,#2029,.F.);
#1488=ORIENTED_EDGE('',*,*,#2493,.F.);
#1489=ORIENTED_EDGE('',*,*,#2495,.F.);
#1490=ORIENTED_EDGE('',*,*,#2496,.F.);
#1491=ORIENTED_EDGE('',*,*,#2026,.F.);
#1492=ORIENTED_EDGE('',*,*,#2498,.F.);
#1493=ORIENTED_EDGE('',*,*,#2499,.F.);
#1494=ORIENTED_EDGE('',*,*,#2485,.F.);
#1495=ORIENTED_EDGE('',*,*,#2489,.F.);
#1496=ORIENTED_EDGE('',*,*,#2501,.F.);
#1497=ORIENTED_EDGE('',*,*,#2502,.F.);
#1498=ORIENTED_EDGE('',*,*,#2503,.F.);
#1499=ORIENTED_EDGE('',*,*,#2504,.T.);
#1500=ORIENTED_EDGE('',*,*,#2505,.T.);
#1501=ORIENTED_EDGE('',*,*,#2506,.F.);
#1502=ORIENTED_EDGE('',*,*,#2507,.F.);
#1503=ORIENTED_EDGE('',*,*,#2508,.T.);
#1504=ORIENTED_EDGE('',*,*,#2503,.T.);
#1505=ORIENTED_EDGE('',*,*,#1911,.F.);
#1506=ORIENTED_EDGE('',*,*,#2045,.F.);
#1507=ORIENTED_EDGE('',*,*,#2509,.T.);
#1508=ORIENTED_EDGE('',*,*,#2510,.T.);
#1509=ORIENTED_EDGE('',*,*,#1971,.F.);
#1510=ORIENTED_EDGE('',*,*,#2511,.F.);
#1511=ORIENTED_EDGE('',*,*,#2512,.T.);
#1512=ORIENTED_EDGE('',*,*,#2043,.T.);
#1513=ORIENTED_EDGE('',*,*,#1970,.F.);
#1514=ORIENTED_EDGE('',*,*,#2513,.F.);
#1515=ORIENTED_EDGE('',*,*,#2514,.T.);
#1516=ORIENTED_EDGE('',*,*,#2511,.T.);
#1517=ORIENTED_EDGE('',*,*,#1973,.F.);
#1518=ORIENTED_EDGE('',*,*,#2042,.F.);
#1519=ORIENTED_EDGE('',*,*,#2515,.T.);
#1520=ORIENTED_EDGE('',*,*,#2513,.T.);
#1521=ORIENTED_EDGE('',*,*,#1913,.F.);
#1522=ORIENTED_EDGE('',*,*,#2516,.F.);
#1523=ORIENTED_EDGE('',*,*,#2517,.T.);
#1524=ORIENTED_EDGE('',*,*,#2040,.T.);
#1525=ORIENTED_EDGE('',*,*,#1912,.F.);
#1526=ORIENTED_EDGE('',*,*,#2510,.F.);
#1527=ORIENTED_EDGE('',*,*,#2518,.T.);
#1528=ORIENTED_EDGE('',*,*,#2516,.T.);
#1529=ORIENTED_EDGE('',*,*,#2519,.F.);
#1530=ORIENTED_EDGE('',*,*,#2505,.F.);
#1531=ORIENTED_EDGE('',*,*,#2520,.T.);
#1532=ORIENTED_EDGE('',*,*,#2507,.T.);
#1533=ORIENTED_EDGE('',*,*,#2509,.F.);
#1534=ORIENTED_EDGE('',*,*,#2044,.F.);
#1535=ORIENTED_EDGE('',*,*,#2512,.F.);
#1536=ORIENTED_EDGE('',*,*,#2514,.F.);
#1537=ORIENTED_EDGE('',*,*,#2515,.F.);
#1538=ORIENTED_EDGE('',*,*,#2041,.F.);
#1539=ORIENTED_EDGE('',*,*,#2517,.F.);
#1540=ORIENTED_EDGE('',*,*,#2518,.F.);
#1541=ORIENTED_EDGE('',*,*,#2504,.F.);
#1542=ORIENTED_EDGE('',*,*,#2508,.F.);
#1543=ORIENTED_EDGE('',*,*,#2520,.F.);
#1544=ORIENTED_EDGE('',*,*,#1965,.F.);
#1545=ORIENTED_EDGE('',*,*,#2012,.F.);
#1546=ORIENTED_EDGE('',*,*,#2521,.T.);
#1547=ORIENTED_EDGE('',*,*,#2522,.T.);
#1548=ORIENTED_EDGE('',*,*,#1948,.F.);
#1549=ORIENTED_EDGE('',*,*,#2523,.F.);
#1550=ORIENTED_EDGE('',*,*,#2524,.T.);
#1551=ORIENTED_EDGE('',*,*,#2010,.T.);
#1552=ORIENTED_EDGE('',*,*,#1947,.F.);
#1553=ORIENTED_EDGE('',*,*,#2525,.F.);
#1554=ORIENTED_EDGE('',*,*,#2526,.T.);
#1555=ORIENTED_EDGE('',*,*,#2523,.T.);
#1556=ORIENTED_EDGE('',*,*,#1946,.F.);
#1557=ORIENTED_EDGE('',*,*,#2527,.F.);
#1558=ORIENTED_EDGE('',*,*,#2528,.T.);
#1559=ORIENTED_EDGE('',*,*,#2525,.T.);
#1560=ORIENTED_EDGE('',*,*,#1945,.F.);
#1561=ORIENTED_EDGE('',*,*,#2529,.F.);
#1562=ORIENTED_EDGE('',*,*,#2530,.T.);
#1563=ORIENTED_EDGE('',*,*,#2527,.T.);
#1564=ORIENTED_EDGE('',*,*,#1944,.F.);
#1565=ORIENTED_EDGE('',*,*,#2531,.F.);
#1566=ORIENTED_EDGE('',*,*,#2532,.T.);
#1567=ORIENTED_EDGE('',*,*,#2529,.T.);
#1568=ORIENTED_EDGE('',*,*,#1943,.F.);
#1569=ORIENTED_EDGE('',*,*,#2015,.F.);
#1570=ORIENTED_EDGE('',*,*,#2533,.T.);
#1571=ORIENTED_EDGE('',*,*,#2531,.T.);
#1572=ORIENTED_EDGE('',*,*,#1969,.F.);
#1573=ORIENTED_EDGE('',*,*,#2534,.F.);
#1574=ORIENTED_EDGE('',*,*,#2535,.T.);
#1575=ORIENTED_EDGE('',*,*,#2013,.T.);
#1576=ORIENTED_EDGE('',*,*,#1968,.F.);
#1577=ORIENTED_EDGE('',*,*,#2536,.F.);
#1578=ORIENTED_EDGE('',*,*,#2537,.T.);
#1579=ORIENTED_EDGE('',*,*,#2534,.T.);
#1580=ORIENTED_EDGE('',*,*,#1967,.F.);
#1581=ORIENTED_EDGE('',*,*,#2538,.F.);
#1582=ORIENTED_EDGE('',*,*,#2539,.T.);
#1583=ORIENTED_EDGE('',*,*,#2536,.T.);
#1584=ORIENTED_EDGE('',*,*,#1966,.F.);
#1585=ORIENTED_EDGE('',*,*,#2522,.F.);
#1586=ORIENTED_EDGE('',*,*,#2540,.T.);
#1587=ORIENTED_EDGE('',*,*,#2538,.T.);
#1588=ORIENTED_EDGE('',*,*,#2521,.F.);
#1589=ORIENTED_EDGE('',*,*,#2011,.F.);
#1590=ORIENTED_EDGE('',*,*,#2524,.F.);
#1591=ORIENTED_EDGE('',*,*,#2526,.F.);
#1592=ORIENTED_EDGE('',*,*,#2528,.F.);
#1593=ORIENTED_EDGE('',*,*,#2530,.F.);
#1594=ORIENTED_EDGE('',*,*,#2532,.F.);
#1595=ORIENTED_EDGE('',*,*,#2533,.F.);
#1596=ORIENTED_EDGE('',*,*,#2014,.F.);
#1597=ORIENTED_EDGE('',*,*,#2535,.F.);
#1598=ORIENTED_EDGE('',*,*,#2537,.F.);
#1599=ORIENTED_EDGE('',*,*,#2539,.F.);
#1600=ORIENTED_EDGE('',*,*,#2540,.F.);
#1601=ORIENTED_EDGE('',*,*,#1962,.F.);
#1602=ORIENTED_EDGE('',*,*,#2036,.F.);
#1603=ORIENTED_EDGE('',*,*,#2541,.T.);
#1604=ORIENTED_EDGE('',*,*,#2542,.T.);
#1605=ORIENTED_EDGE('',*,*,#1920,.F.);
#1606=ORIENTED_EDGE('',*,*,#2543,.F.);
#1607=ORIENTED_EDGE('',*,*,#2544,.T.);
#1608=ORIENTED_EDGE('',*,*,#2034,.T.);
#1609=ORIENTED_EDGE('',*,*,#1919,.F.);
#1610=ORIENTED_EDGE('',*,*,#2545,.F.);
#1611=ORIENTED_EDGE('',*,*,#2546,.T.);
#1612=ORIENTED_EDGE('',*,*,#2543,.T.);
#1613=ORIENTED_EDGE('',*,*,#1918,.F.);
#1614=ORIENTED_EDGE('',*,*,#2547,.F.);
#1615=ORIENTED_EDGE('',*,*,#2548,.T.);
#1616=ORIENTED_EDGE('',*,*,#2545,.T.);
#1617=ORIENTED_EDGE('',*,*,#1917,.F.);
#1618=ORIENTED_EDGE('',*,*,#2549,.F.);
#1619=ORIENTED_EDGE('',*,*,#2550,.T.);
#1620=ORIENTED_EDGE('',*,*,#2547,.T.);
#1621=ORIENTED_EDGE('',*,*,#1916,.F.);
#1622=ORIENTED_EDGE('',*,*,#2551,.F.);
#1623=ORIENTED_EDGE('',*,*,#2552,.T.);
#1624=ORIENTED_EDGE('',*,*,#2549,.T.);
#1625=ORIENTED_EDGE('',*,*,#1915,.F.);
#1626=ORIENTED_EDGE('',*,*,#2039,.F.);
#1627=ORIENTED_EDGE('',*,*,#2553,.T.);
#1628=ORIENTED_EDGE('',*,*,#2551,.T.);
#1629=ORIENTED_EDGE('',*,*,#1963,.F.);
#1630=ORIENTED_EDGE('',*,*,#2542,.F.);
#1631=ORIENTED_EDGE('',*,*,#2554,.T.);
#1632=ORIENTED_EDGE('',*,*,#2037,.T.);
#1633=ORIENTED_EDGE('',*,*,#2541,.F.);
#1634=ORIENTED_EDGE('',*,*,#2035,.F.);
#1635=ORIENTED_EDGE('',*,*,#2544,.F.);
#1636=ORIENTED_EDGE('',*,*,#2546,.F.);
#1637=ORIENTED_EDGE('',*,*,#2548,.F.);
#1638=ORIENTED_EDGE('',*,*,#2550,.F.);
#1639=ORIENTED_EDGE('',*,*,#2552,.F.);
#1640=ORIENTED_EDGE('',*,*,#2553,.F.);
#1641=ORIENTED_EDGE('',*,*,#2038,.F.);
#1642=ORIENTED_EDGE('',*,*,#2554,.F.);
#1643=ORIENTED_EDGE('',*,*,#2555,.F.);
#1644=ORIENTED_EDGE('',*,*,#2556,.F.);
#1645=ORIENTED_EDGE('',*,*,#2557,.T.);
#1646=ORIENTED_EDGE('',*,*,#2558,.T.);
#1647=ORIENTED_EDGE('',*,*,#2559,.F.);
#1648=ORIENTED_EDGE('',*,*,#2560,.F.);
#1649=ORIENTED_EDGE('',*,*,#2561,.T.);
#1650=ORIENTED_EDGE('',*,*,#2556,.T.);
#1651=ORIENTED_EDGE('',*,*,#2562,.F.);
#1652=ORIENTED_EDGE('',*,*,#2563,.F.);
#1653=ORIENTED_EDGE('',*,*,#2564,.T.);
#1654=ORIENTED_EDGE('',*,*,#2560,.T.);
#1655=ORIENTED_EDGE('',*,*,#2565,.F.);
#1656=ORIENTED_EDGE('',*,*,#2566,.F.);
#1657=ORIENTED_EDGE('',*,*,#2567,.T.);
#1658=ORIENTED_EDGE('',*,*,#2563,.T.);
#1659=ORIENTED_EDGE('',*,*,#2568,.F.);
#1660=ORIENTED_EDGE('',*,*,#2569,.F.);
#1661=ORIENTED_EDGE('',*,*,#2570,.T.);
#1662=ORIENTED_EDGE('',*,*,#2566,.T.);
#1663=ORIENTED_EDGE('',*,*,#2571,.F.);
#1664=ORIENTED_EDGE('',*,*,#2572,.F.);
#1665=ORIENTED_EDGE('',*,*,#2573,.T.);
#1666=ORIENTED_EDGE('',*,*,#2569,.T.);
#1667=ORIENTED_EDGE('',*,*,#2574,.F.);
#1668=ORIENTED_EDGE('',*,*,#2575,.F.);
#1669=ORIENTED_EDGE('',*,*,#2576,.T.);
#1670=ORIENTED_EDGE('',*,*,#2572,.T.);
#1671=ORIENTED_EDGE('',*,*,#2577,.F.);
#1672=ORIENTED_EDGE('',*,*,#2578,.F.);
#1673=ORIENTED_EDGE('',*,*,#2579,.T.);
#1674=ORIENTED_EDGE('',*,*,#2575,.T.);
#1675=ORIENTED_EDGE('',*,*,#1933,.F.);
#1676=ORIENTED_EDGE('',*,*,#2580,.F.);
#1677=ORIENTED_EDGE('',*,*,#2581,.T.);
#1678=ORIENTED_EDGE('',*,*,#2031,.T.);
#1679=ORIENTED_EDGE('',*,*,#1932,.F.);
#1680=ORIENTED_EDGE('',*,*,#2582,.F.);
#1681=ORIENTED_EDGE('',*,*,#2583,.T.);
#1682=ORIENTED_EDGE('',*,*,#2580,.T.);
#1683=ORIENTED_EDGE('',*,*,#1931,.F.);
#1684=ORIENTED_EDGE('',*,*,#2584,.F.);
#1685=ORIENTED_EDGE('',*,*,#2585,.T.);
#1686=ORIENTED_EDGE('',*,*,#2582,.T.);
#1687=ORIENTED_EDGE('',*,*,#1930,.F.);
#1688=ORIENTED_EDGE('',*,*,#2586,.F.);
#1689=ORIENTED_EDGE('',*,*,#2587,.T.);
#1690=ORIENTED_EDGE('',*,*,#2584,.T.);
#1691=ORIENTED_EDGE('',*,*,#1929,.F.);
#1692=ORIENTED_EDGE('',*,*,#2588,.F.);
#1693=ORIENTED_EDGE('',*,*,#2589,.T.);
#1694=ORIENTED_EDGE('',*,*,#2586,.T.);
#1695=ORIENTED_EDGE('',*,*,#1928,.F.);
#1696=ORIENTED_EDGE('',*,*,#2590,.F.);
#1697=ORIENTED_EDGE('',*,*,#2591,.T.);
#1698=ORIENTED_EDGE('',*,*,#2588,.T.);
#1699=ORIENTED_EDGE('',*,*,#1927,.F.);
#1700=ORIENTED_EDGE('',*,*,#2592,.F.);
#1701=ORIENTED_EDGE('',*,*,#2593,.T.);
#1702=ORIENTED_EDGE('',*,*,#2590,.T.);
#1703=ORIENTED_EDGE('',*,*,#1926,.F.);
#1704=ORIENTED_EDGE('',*,*,#2594,.F.);
#1705=ORIENTED_EDGE('',*,*,#2595,.T.);
#1706=ORIENTED_EDGE('',*,*,#2592,.T.);
#1707=ORIENTED_EDGE('',*,*,#1925,.F.);
#1708=ORIENTED_EDGE('',*,*,#2596,.F.);
#1709=ORIENTED_EDGE('',*,*,#2597,.T.);
#1710=ORIENTED_EDGE('',*,*,#2594,.T.);
#1711=ORIENTED_EDGE('',*,*,#1924,.F.);
#1712=ORIENTED_EDGE('',*,*,#2598,.F.);
#1713=ORIENTED_EDGE('',*,*,#2599,.T.);
#1714=ORIENTED_EDGE('',*,*,#2596,.T.);
#1715=ORIENTED_EDGE('',*,*,#1923,.F.);
#1716=ORIENTED_EDGE('',*,*,#2600,.F.);
#1717=ORIENTED_EDGE('',*,*,#2601,.T.);
#1718=ORIENTED_EDGE('',*,*,#2598,.T.);
#1719=ORIENTED_EDGE('',*,*,#1922,.F.);
#1720=ORIENTED_EDGE('',*,*,#2033,.F.);
#1721=ORIENTED_EDGE('',*,*,#2602,.T.);
#1722=ORIENTED_EDGE('',*,*,#2600,.T.);
#1723=ORIENTED_EDGE('',*,*,#2603,.F.);
#1724=ORIENTED_EDGE('',*,*,#2558,.F.);
#1725=ORIENTED_EDGE('',*,*,#2604,.T.);
#1726=ORIENTED_EDGE('',*,*,#2578,.T.);
#1727=ORIENTED_EDGE('',*,*,#2581,.F.);
#1728=ORIENTED_EDGE('',*,*,#2583,.F.);
#1729=ORIENTED_EDGE('',*,*,#2585,.F.);
#1730=ORIENTED_EDGE('',*,*,#2587,.F.);
#1731=ORIENTED_EDGE('',*,*,#2589,.F.);
#1732=ORIENTED_EDGE('',*,*,#2591,.F.);
#1733=ORIENTED_EDGE('',*,*,#2593,.F.);
#1734=ORIENTED_EDGE('',*,*,#2595,.F.);
#1735=ORIENTED_EDGE('',*,*,#2597,.F.);
#1736=ORIENTED_EDGE('',*,*,#2599,.F.);
#1737=ORIENTED_EDGE('',*,*,#2601,.F.);
#1738=ORIENTED_EDGE('',*,*,#2602,.F.);
#1739=ORIENTED_EDGE('',*,*,#2032,.F.);
#1740=ORIENTED_EDGE('',*,*,#2557,.F.);
#1741=ORIENTED_EDGE('',*,*,#2561,.F.);
#1742=ORIENTED_EDGE('',*,*,#2564,.F.);
#1743=ORIENTED_EDGE('',*,*,#2567,.F.);
#1744=ORIENTED_EDGE('',*,*,#2570,.F.);
#1745=ORIENTED_EDGE('',*,*,#2573,.F.);
#1746=ORIENTED_EDGE('',*,*,#2576,.F.);
#1747=ORIENTED_EDGE('',*,*,#2579,.F.);
#1748=ORIENTED_EDGE('',*,*,#2604,.F.);
#1749=ORIENTED_EDGE('',*,*,#2605,.F.);
#1750=ORIENTED_EDGE('',*,*,#2606,.F.);
#1751=ORIENTED_EDGE('',*,*,#2607,.T.);
#1752=ORIENTED_EDGE('',*,*,#2608,.T.);
#1753=ORIENTED_EDGE('',*,*,#2609,.F.);
#1754=ORIENTED_EDGE('',*,*,#2610,.F.);
#1755=ORIENTED_EDGE('',*,*,#2611,.T.);
#1756=ORIENTED_EDGE('',*,*,#2606,.T.);
#1757=ORIENTED_EDGE('',*,*,#2612,.F.);
#1758=ORIENTED_EDGE('',*,*,#2613,.F.);
#1759=ORIENTED_EDGE('',*,*,#2614,.T.);
#1760=ORIENTED_EDGE('',*,*,#2610,.T.);
#1761=ORIENTED_EDGE('',*,*,#2615,.F.);
#1762=ORIENTED_EDGE('',*,*,#2616,.F.);
#1763=ORIENTED_EDGE('',*,*,#2617,.T.);
#1764=ORIENTED_EDGE('',*,*,#2613,.T.);
#1765=ORIENTED_EDGE('',*,*,#2618,.F.);
#1766=ORIENTED_EDGE('',*,*,#2619,.F.);
#1767=ORIENTED_EDGE('',*,*,#2620,.T.);
#1768=ORIENTED_EDGE('',*,*,#2616,.T.);
#1769=ORIENTED_EDGE('',*,*,#2621,.F.);
#1770=ORIENTED_EDGE('',*,*,#2622,.F.);
#1771=ORIENTED_EDGE('',*,*,#2623,.T.);
#1772=ORIENTED_EDGE('',*,*,#2619,.T.);
#1773=ORIENTED_EDGE('',*,*,#2624,.F.);
#1774=ORIENTED_EDGE('',*,*,#2625,.F.);
#1775=ORIENTED_EDGE('',*,*,#2626,.T.);
#1776=ORIENTED_EDGE('',*,*,#2622,.T.);
#1777=ORIENTED_EDGE('',*,*,#2627,.F.);
#1778=ORIENTED_EDGE('',*,*,#2628,.F.);
#1779=ORIENTED_EDGE('',*,*,#2629,.T.);
#1780=ORIENTED_EDGE('',*,*,#2625,.T.);
#1781=ORIENTED_EDGE('',*,*,#2630,.F.);
#1782=ORIENTED_EDGE('',*,*,#2631,.F.);
#1783=ORIENTED_EDGE('',*,*,#2632,.T.);
#1784=ORIENTED_EDGE('',*,*,#2628,.T.);
#1785=ORIENTED_EDGE('',*,*,#2633,.F.);
#1786=ORIENTED_EDGE('',*,*,#2634,.F.);
#1787=ORIENTED_EDGE('',*,*,#2635,.T.);
#1788=ORIENTED_EDGE('',*,*,#2631,.T.);
#1789=ORIENTED_EDGE('',*,*,#1903,.F.);
#1790=ORIENTED_EDGE('',*,*,#2003,.F.);
#1791=ORIENTED_EDGE('',*,*,#2636,.T.);
#1792=ORIENTED_EDGE('',*,*,#2637,.T.);
#1793=ORIENTED_EDGE('',*,*,#1909,.F.);
#1794=ORIENTED_EDGE('',*,*,#2638,.F.);
#1795=ORIENTED_EDGE('',*,*,#2639,.T.);
#1796=ORIENTED_EDGE('',*,*,#2046,.T.);
#1797=ORIENTED_EDGE('',*,*,#1908,.F.);
#1798=ORIENTED_EDGE('',*,*,#2640,.F.);
#1799=ORIENTED_EDGE('',*,*,#2641,.T.);
#1800=ORIENTED_EDGE('',*,*,#2638,.T.);
#1801=ORIENTED_EDGE('',*,*,#1960,.F.);
#1802=ORIENTED_EDGE('',*,*,#2642,.F.);
#1803=ORIENTED_EDGE('',*,*,#2643,.T.);
#1804=ORIENTED_EDGE('',*,*,#2640,.T.);
#1805=ORIENTED_EDGE('',*,*,#1959,.F.);
#1806=ORIENTED_EDGE('',*,*,#2644,.F.);
#1807=ORIENTED_EDGE('',*,*,#2645,.T.);
#1808=ORIENTED_EDGE('',*,*,#2642,.T.);
#1809=ORIENTED_EDGE('',*,*,#1958,.F.);
#1810=ORIENTED_EDGE('',*,*,#2646,.F.);
#1811=ORIENTED_EDGE('',*,*,#2647,.T.);
#1812=ORIENTED_EDGE('',*,*,#2644,.T.);
#1813=ORIENTED_EDGE('',*,*,#1957,.F.);
#1814=ORIENTED_EDGE('',*,*,#2648,.F.);
#1815=ORIENTED_EDGE('',*,*,#2649,.T.);
#1816=ORIENTED_EDGE('',*,*,#2646,.T.);
#1817=ORIENTED_EDGE('',*,*,#1956,.F.);
#1818=ORIENTED_EDGE('',*,*,#2650,.F.);
#1819=ORIENTED_EDGE('',*,*,#2651,.T.);
#1820=ORIENTED_EDGE('',*,*,#2648,.T.);
#1821=ORIENTED_EDGE('',*,*,#1955,.F.);
#1822=ORIENTED_EDGE('',*,*,#2652,.F.);
#1823=ORIENTED_EDGE('',*,*,#2653,.T.);
#1824=ORIENTED_EDGE('',*,*,#2650,.T.);
#1825=ORIENTED_EDGE('',*,*,#1954,.F.);
#1826=ORIENTED_EDGE('',*,*,#2006,.F.);
#1827=ORIENTED_EDGE('',*,*,#2654,.T.);
#1828=ORIENTED_EDGE('',*,*,#2652,.T.);
#1829=ORIENTED_EDGE('',*,*,#1907,.F.);
#1830=ORIENTED_EDGE('',*,*,#2655,.F.);
#1831=ORIENTED_EDGE('',*,*,#2656,.T.);
#1832=ORIENTED_EDGE('',*,*,#2004,.T.);
#1833=ORIENTED_EDGE('',*,*,#1906,.F.);
#1834=ORIENTED_EDGE('',*,*,#2657,.F.);
#1835=ORIENTED_EDGE('',*,*,#2658,.T.);
#1836=ORIENTED_EDGE('',*,*,#2655,.T.);
#1837=ORIENTED_EDGE('',*,*,#1905,.F.);
#1838=ORIENTED_EDGE('',*,*,#2659,.F.);
#1839=ORIENTED_EDGE('',*,*,#2660,.T.);
#1840=ORIENTED_EDGE('',*,*,#2657,.T.);
#1841=ORIENTED_EDGE('',*,*,#1904,.F.);
#1842=ORIENTED_EDGE('',*,*,#2637,.F.);
#1843=ORIENTED_EDGE('',*,*,#2661,.T.);
#1844=ORIENTED_EDGE('',*,*,#2659,.T.);
#1845=ORIENTED_EDGE('',*,*,#2662,.F.);
#1846=ORIENTED_EDGE('',*,*,#2608,.F.);
#1847=ORIENTED_EDGE('',*,*,#2663,.T.);
#1848=ORIENTED_EDGE('',*,*,#2634,.T.);
#1849=ORIENTED_EDGE('',*,*,#2636,.F.);
#1850=ORIENTED_EDGE('',*,*,#2002,.F.);
#1851=ORIENTED_EDGE('',*,*,#2639,.F.);
#1852=ORIENTED_EDGE('',*,*,#2641,.F.);
#1853=ORIENTED_EDGE('',*,*,#2643,.F.);
#1854=ORIENTED_EDGE('',*,*,#2645,.F.);
#1855=ORIENTED_EDGE('',*,*,#2647,.F.);
#1856=ORIENTED_EDGE('',*,*,#2649,.F.);
#1857=ORIENTED_EDGE('',*,*,#2651,.F.);
#1858=ORIENTED_EDGE('',*,*,#2653,.F.);
#1859=ORIENTED_EDGE('',*,*,#2654,.F.);
#1860=ORIENTED_EDGE('',*,*,#2005,.F.);
#1861=ORIENTED_EDGE('',*,*,#2656,.F.);
#1862=ORIENTED_EDGE('',*,*,#2658,.F.);
#1863=ORIENTED_EDGE('',*,*,#2660,.F.);
#1864=ORIENTED_EDGE('',*,*,#2661,.F.);
#1865=ORIENTED_EDGE('',*,*,#2607,.F.);
#1866=ORIENTED_EDGE('',*,*,#2611,.F.);
#1867=ORIENTED_EDGE('',*,*,#2614,.F.);
#1868=ORIENTED_EDGE('',*,*,#2617,.F.);
#1869=ORIENTED_EDGE('',*,*,#2620,.F.);
#1870=ORIENTED_EDGE('',*,*,#2623,.F.);
#1871=ORIENTED_EDGE('',*,*,#2626,.F.);
#1872=ORIENTED_EDGE('',*,*,#2629,.F.);
#1873=ORIENTED_EDGE('',*,*,#2632,.F.);
#1874=ORIENTED_EDGE('',*,*,#2635,.F.);
#1875=ORIENTED_EDGE('',*,*,#2663,.F.);
#1876=ORIENTED_EDGE('',*,*,#2487,.T.);
#1877=ORIENTED_EDGE('',*,*,#2483,.T.);
#1878=ORIENTED_EDGE('',*,*,#2500,.T.);
#1879=ORIENTED_EDGE('',*,*,#2506,.T.);
#1880=ORIENTED_EDGE('',*,*,#2502,.T.);
#1881=ORIENTED_EDGE('',*,*,#2519,.T.);
#1882=ORIENTED_EDGE('',*,*,#2559,.T.);
#1883=ORIENTED_EDGE('',*,*,#2555,.T.);
#1884=ORIENTED_EDGE('',*,*,#2603,.T.);
#1885=ORIENTED_EDGE('',*,*,#2577,.T.);
#1886=ORIENTED_EDGE('',*,*,#2574,.T.);
#1887=ORIENTED_EDGE('',*,*,#2571,.T.);
#1888=ORIENTED_EDGE('',*,*,#2568,.T.);
#1889=ORIENTED_EDGE('',*,*,#2565,.T.);
#1890=ORIENTED_EDGE('',*,*,#2562,.T.);
#1891=ORIENTED_EDGE('',*,*,#2609,.T.);
#1892=ORIENTED_EDGE('',*,*,#2605,.T.);
#1893=ORIENTED_EDGE('',*,*,#2662,.T.);
#1894=ORIENTED_EDGE('',*,*,#2633,.T.);
#1895=ORIENTED_EDGE('',*,*,#2630,.T.);
#1896=ORIENTED_EDGE('',*,*,#2627,.T.);
#1897=ORIENTED_EDGE('',*,*,#2624,.T.);
#1898=ORIENTED_EDGE('',*,*,#2621,.T.);
#1899=ORIENTED_EDGE('',*,*,#2618,.T.);
#1900=ORIENTED_EDGE('',*,*,#2615,.T.);
#1901=ORIENTED_EDGE('',*,*,#2612,.T.);
#1902=EDGE_CURVE('',#2664,#2665,#3172,.T.);
#1903=EDGE_CURVE('',#2664,#2666,#3173,.T.);
#1904=EDGE_CURVE('',#2666,#2667,#337,.T.);
#1905=EDGE_CURVE('',#2667,#2668,#338,.F.);
#1906=EDGE_CURVE('',#2668,#2669,#3174,.T.);
#1907=EDGE_CURVE('',#2669,#2665,#3175,.T.);
#1908=EDGE_CURVE('',#2670,#2671,#339,.F.);
#1909=EDGE_CURVE('',#2671,#2672,#3176,.T.);
#1910=EDGE_CURVE('',#2673,#2672,#3177,.T.);
#1911=EDGE_CURVE('',#2673,#2674,#3178,.T.);
#1912=EDGE_CURVE('',#2674,#2675,#3179,.T.);
#1913=EDGE_CURVE('',#2675,#2676,#3180,.T.);
#1914=EDGE_CURVE('',#2677,#2676,#3181,.T.);
#1915=EDGE_CURVE('',#2677,#2678,#3182,.T.);
#1916=EDGE_CURVE('',#2678,#2679,#3183,.T.);
#1917=EDGE_CURVE('',#2679,#2680,#3184,.T.);
#1918=EDGE_CURVE('',#2680,#2681,#3185,.T.);
#1919=EDGE_CURVE('',#2681,#2682,#3186,.T.);
#1920=EDGE_CURVE('',#2682,#2683,#3187,.T.);
#1921=EDGE_CURVE('',#2684,#2683,#3188,.T.);
#1922=EDGE_CURVE('',#2684,#2685,#3189,.T.);
#1923=EDGE_CURVE('',#2685,#2686,#3190,.T.);
#1924=EDGE_CURVE('',#2686,#2687,#103,.T.);
#1925=EDGE_CURVE('',#2687,#2688,#104,.T.);
#1926=EDGE_CURVE('',#2688,#2689,#340,.F.);
#1927=EDGE_CURVE('',#2689,#2690,#341,.F.);
#1928=EDGE_CURVE('',#2690,#2691,#105,.T.);
#1929=EDGE_CURVE('',#2691,#2692,#106,.T.);
#1930=EDGE_CURVE('',#2692,#2693,#107,.T.);
#1931=EDGE_CURVE('',#2693,#2694,#342,.F.);
#1932=EDGE_CURVE('',#2694,#2695,#343,.F.);
#1933=EDGE_CURVE('',#2695,#2696,#344,.F.);
#1934=EDGE_CURVE('',#2697,#2696,#3191,.T.);
#1935=EDGE_CURVE('',#2697,#2698,#3192,.T.);
#1936=EDGE_CURVE('',#2698,#2699,#3193,.T.);
#1937=EDGE_CURVE('',#2699,#2700,#3194,.T.);
#1938=EDGE_CURVE('',#2701,#2700,#3195,.T.);
#1939=EDGE_CURVE('',#2702,#2701,#3196,.T.);
#1940=EDGE_CURVE('',#2703,#2702,#108,.T.);
#1941=EDGE_CURVE('',#2703,#2704,#3197,.T.);
#1942=EDGE_CURVE('',#2705,#2704,#3198,.T.);
#1943=EDGE_CURVE('',#2705,#2706,#3199,.T.);
#1944=EDGE_CURVE('',#2706,#2707,#3200,.T.);
#1945=EDGE_CURVE('',#2707,#2708,#3201,.T.);
#1946=EDGE_CURVE('',#2708,#2709,#3202,.T.);
#1947=EDGE_CURVE('',#2709,#2710,#3203,.T.);
#1948=EDGE_CURVE('',#2710,#2711,#3204,.T.);
#1949=EDGE_CURVE('',#2712,#2711,#3205,.T.);
#1950=EDGE_CURVE('',#2712,#2713,#3206,.T.);
#1951=EDGE_CURVE('',#2713,#2714,#3207,.T.);
#1952=EDGE_CURVE('',#2714,#2715,#3208,.T.);
#1953=EDGE_CURVE('',#2716,#2715,#3209,.T.);
#1954=EDGE_CURVE('',#2716,#2717,#3210,.T.);
#1955=EDGE_CURVE('',#2717,#2718,#3211,.T.);
#1956=EDGE_CURVE('',#2718,#2719,#345,.F.);
#1957=EDGE_CURVE('',#2719,#2720,#346,.F.);
#1958=EDGE_CURVE('',#2720,#2721,#347,.F.);
#1959=EDGE_CURVE('',#2721,#2722,#109,.T.);
#1960=EDGE_CURVE('',#2722,#2670,#110,.T.);
#1961=EDGE_CURVE('',#2723,#2724,#3212,.T.);
#1962=EDGE_CURVE('',#2723,#2725,#3213,.T.);
#1963=EDGE_CURVE('',#2725,#2724,#3214,.T.);
#1964=EDGE_CURVE('',#2726,#2727,#3215,.T.);
#1965=EDGE_CURVE('',#2726,#2728,#3216,.T.);
#1966=EDGE_CURVE('',#2728,#2729,#3217,.T.);
#1967=EDGE_CURVE('',#2729,#2730,#3218,.T.);
#1968=EDGE_CURVE('',#2730,#2731,#3219,.T.);
#1969=EDGE_CURVE('',#2731,#2727,#3220,.T.);
#1970=EDGE_CURVE('',#2732,#2733,#3221,.T.);
#1971=EDGE_CURVE('',#2733,#2734,#3222,.T.);
#1972=EDGE_CURVE('',#2735,#2734,#3223,.T.);
#1973=EDGE_CURVE('',#2735,#2732,#3224,.T.);
#1974=EDGE_CURVE('',#2736,#2737,#3225,.T.);
#1975=EDGE_CURVE('',#2737,#2738,#3226,.T.);
#1976=EDGE_CURVE('',#2739,#2738,#3227,.T.);
#1977=EDGE_CURVE('',#2739,#2736,#3228,.T.);
#1978=EDGE_CURVE('',#2740,#2741,#111,.F.);
#1979=EDGE_CURVE('',#2740,#2742,#3229,.T.);
#1980=EDGE_CURVE('',#2742,#2743,#112,.F.);
#1981=EDGE_CURVE('',#2741,#2743,#3230,.T.);
#1982=EDGE_CURVE('',#2744,#2745,#113,.T.);
#1983=EDGE_CURVE('',#2745,#2746,#114,.T.);
#1984=EDGE_CURVE('',#2746,#2747,#3231,.F.);
#1985=EDGE_CURVE('',#2747,#2748,#115,.T.);
#1986=EDGE_CURVE('',#2748,#2749,#116,.T.);
#1987=EDGE_CURVE('',#2749,#2750,#117,.T.);
#1988=EDGE_CURVE('',#2750,#2751,#118,.T.);
#1989=EDGE_CURVE('',#2752,#2751,#119,.T.);
#1990=EDGE_CURVE('',#2753,#2752,#120,.T.);
#1991=EDGE_CURVE('',#2754,#2753,#121,.T.);
#1992=EDGE_CURVE('',#2754,#2755,#3232,.F.);
#1993=EDGE_CURVE('',#2755,#2703,#122,.T.);
#1994=EDGE_CURVE('',#2702,#2756,#123,.T.);
#1995=EDGE_CURVE('',#2756,#2757,#124,.T.);
#1996=EDGE_CURVE('',#2757,#2758,#125,.T.);
#1997=EDGE_CURVE('',#2758,#2759,#3233,.T.);
#1998=EDGE_CURVE('',#2759,#2760,#126,.T.);
#1999=EDGE_CURVE('',#2760,#2761,#3234,.F.);
#2000=EDGE_CURVE('',#2761,#2762,#127,.T.);
#2001=EDGE_CURVE('',#2762,#2744,#128,.T.);
#2002=EDGE_CURVE('',#2763,#2764,#3235,.T.);
#2003=EDGE_CURVE('',#2764,#2664,#3236,.T.);
#2004=EDGE_CURVE('',#2765,#2665,#3237,.T.);
#2005=EDGE_CURVE('',#2765,#2766,#3238,.T.);
#2006=EDGE_CURVE('',#2766,#2716,#3239,.T.);
#2007=EDGE_CURVE('',#2767,#2715,#3240,.T.);
#2008=EDGE_CURVE('',#2767,#2768,#3241,.T.);
#2009=EDGE_CURVE('',#2768,#2712,#3242,.T.);
#2010=EDGE_CURVE('',#2769,#2711,#3243,.T.);
#2011=EDGE_CURVE('',#2769,#2770,#3244,.T.);
#2012=EDGE_CURVE('',#2770,#2726,#3245,.T.);
#2013=EDGE_CURVE('',#2771,#2727,#3246,.T.);
#2014=EDGE_CURVE('',#2771,#2772,#3247,.T.);
#2015=EDGE_CURVE('',#2772,#2705,#3248,.T.);
#2016=EDGE_CURVE('',#2704,#2773,#3249,.T.);
#2017=EDGE_CURVE('',#2773,#2774,#3250,.T.);
#2018=EDGE_CURVE('',#2775,#2774,#3251,.T.);
#2019=EDGE_CURVE('',#2776,#2775,#3252,.T.);
#2020=EDGE_CURVE('',#2777,#2776,#3253,.T.);
#2021=EDGE_CURVE('',#2778,#2777,#3254,.T.);
#2022=EDGE_CURVE('',#2778,#2779,#3255,.T.);
#2023=EDGE_CURVE('',#2780,#2779,#3256,.T.);
#2024=EDGE_CURVE('',#2780,#2701,#3257,.T.);
#2025=EDGE_CURVE('',#2781,#2700,#3258,.T.);
#2026=EDGE_CURVE('',#2781,#2782,#3259,.T.);
#2027=EDGE_CURVE('',#2782,#2739,#3260,.T.);
#2028=EDGE_CURVE('',#2783,#2738,#3261,.T.);
#2029=EDGE_CURVE('',#2783,#2784,#3262,.T.);
#2030=EDGE_CURVE('',#2784,#2697,#3263,.T.);
#2031=EDGE_CURVE('',#2785,#2696,#3264,.T.);
#2032=EDGE_CURVE('',#2785,#2786,#3265,.T.);
#2033=EDGE_CURVE('',#2786,#2684,#3266,.T.);
#2034=EDGE_CURVE('',#2787,#2683,#3267,.T.);
#2035=EDGE_CURVE('',#2787,#2788,#3268,.T.);
#2036=EDGE_CURVE('',#2788,#2723,#3269,.T.);
#2037=EDGE_CURVE('',#2789,#2724,#3270,.T.);
#2038=EDGE_CURVE('',#2789,#2790,#3271,.T.);
#2039=EDGE_CURVE('',#2790,#2677,#3272,.T.);
#2040=EDGE_CURVE('',#2791,#2676,#3273,.T.);
#2041=EDGE_CURVE('',#2791,#2792,#3274,.T.);
#2042=EDGE_CURVE('',#2792,#2735,#3275,.T.);
#2043=EDGE_CURVE('',#2793,#2734,#3276,.T.);
#2044=EDGE_CURVE('',#2793,#2794,#3277,.T.);
#2045=EDGE_CURVE('',#2794,#2673,#3278,.T.);
#2046=EDGE_CURVE('',#2763,#2672,#3279,.T.);
#2047=EDGE_CURVE('',#2795,#2796,#3280,.T.);
#2048=EDGE_CURVE('',#2797,#2795,#129,.T.);
#2049=EDGE_CURVE('',#2798,#2797,#130,.T.);
#2050=EDGE_CURVE('',#2799,#2798,#131,.T.);
#2051=EDGE_CURVE('',#2799,#2800,#132,.F.);
#2052=EDGE_CURVE('',#2800,#2801,#3281,.T.);
#2053=EDGE_CURVE('',#2802,#2801,#133,.T.);
#2054=EDGE_CURVE('',#2802,#2803,#3282,.T.);
#2055=EDGE_CURVE('',#2803,#2804,#3283,.T.);
#2056=EDGE_CURVE('',#2805,#2804,#134,.T.);
#2057=EDGE_CURVE('',#2806,#2805,#135,.T.);
#2058=EDGE_CURVE('',#2807,#2806,#3284,.T.);
#2059=EDGE_CURVE('',#2808,#2807,#136,.T.);
#2060=EDGE_CURVE('',#2809,#2808,#137,.T.);
#2061=EDGE_CURVE('',#2810,#2809,#138,.T.);
#2062=EDGE_CURVE('',#2811,#2810,#139,.T.);
#2063=EDGE_CURVE('',#2811,#2812,#3285,.T.);
#2064=EDGE_CURVE('',#2796,#2812,#3286,.T.);
#2065=EDGE_CURVE('',#2813,#2795,#3287,.T.);
#2066=EDGE_CURVE('',#2814,#2813,#3288,.T.);
#2067=EDGE_CURVE('',#2814,#2815,#140,.T.);
#2068=EDGE_CURVE('',#2815,#2816,#141,.T.);
#2069=EDGE_CURVE('',#2816,#2817,#3289,.T.);
#2070=EDGE_CURVE('',#2817,#2797,#142,.F.);
#2071=EDGE_CURVE('',#2818,#2819,#3290,.T.);
#2072=EDGE_CURVE('',#2819,#2820,#3291,.T.);
#2073=EDGE_CURVE('',#2821,#2820,#3292,.T.);
#2074=EDGE_CURVE('',#2821,#2818,#3293,.T.);
#2075=EDGE_CURVE('',#2822,#2823,#3294,.T.);
#2076=EDGE_CURVE('',#2823,#2824,#3295,.T.);
#2077=EDGE_CURVE('',#2824,#2825,#3296,.F.);
#2078=EDGE_CURVE('',#2825,#2822,#3297,.T.);
#2079=EDGE_CURVE('',#2826,#2827,#3298,.T.);
#2080=EDGE_CURVE('',#2826,#2819,#143,.T.);
#2081=EDGE_CURVE('',#2818,#2828,#144,.T.);
#2082=EDGE_CURVE('',#2828,#2829,#3299,.F.);
#2083=EDGE_CURVE('',#2830,#2829,#145,.T.);
#2084=EDGE_CURVE('',#2831,#2830,#146,.T.);
#2085=EDGE_CURVE('',#2832,#2831,#147,.T.);
#2086=EDGE_CURVE('',#2833,#2832,#148,.T.);
#2087=EDGE_CURVE('',#2834,#2833,#3300,.F.);
#2088=EDGE_CURVE('',#2834,#2835,#149,.T.);
#2089=EDGE_CURVE('',#2835,#2836,#150,.T.);
#2090=EDGE_CURVE('',#2836,#2837,#151,.T.);
#2091=EDGE_CURVE('',#2837,#2838,#152,.T.);
#2092=EDGE_CURVE('',#2838,#2839,#153,.T.);
#2093=EDGE_CURVE('',#2839,#2840,#154,.T.);
#2094=EDGE_CURVE('',#2841,#2840,#155,.T.);
#2095=EDGE_CURVE('',#2842,#2841,#3301,.T.);
#2096=EDGE_CURVE('',#2827,#2842,#156,.T.);
#2097=EDGE_CURVE('',#2824,#2843,#157,.T.);
#2098=EDGE_CURVE('',#2843,#2844,#3302,.T.);
#2099=EDGE_CURVE('',#2845,#2844,#158,.T.);
#2100=EDGE_CURVE('',#2846,#2845,#3303,.F.);
#2101=EDGE_CURVE('',#2847,#2846,#159,.T.);
#2102=EDGE_CURVE('',#2848,#2847,#3304,.F.);
#2103=EDGE_CURVE('',#2848,#2849,#160,.T.);
#2104=EDGE_CURVE('',#2850,#2849,#3305,.F.);
#2105=EDGE_CURVE('',#2851,#2850,#161,.T.);
#2106=EDGE_CURVE('',#2852,#2851,#3306,.T.);
#2107=EDGE_CURVE('',#2852,#2853,#162,.T.);
#2108=EDGE_CURVE('',#2853,#2854,#163,.T.);
#2109=EDGE_CURVE('',#2854,#2855,#164,.T.);
#2110=EDGE_CURVE('',#2855,#2856,#165,.T.);
#2111=EDGE_CURVE('',#2856,#2857,#166,.T.);
#2112=EDGE_CURVE('',#2858,#2857,#167,.T.);
#2113=EDGE_CURVE('',#2858,#2859,#3307,.F.);
#2114=EDGE_CURVE('',#2860,#2859,#168,.T.);
#2115=EDGE_CURVE('',#2861,#2860,#169,.T.);
#2116=EDGE_CURVE('',#2862,#2861,#170,.T.);
#2117=EDGE_CURVE('',#2863,#2862,#171,.T.);
#2118=EDGE_CURVE('',#2864,#2863,#172,.T.);
#2119=EDGE_CURVE('',#2865,#2864,#3308,.T.);
#2120=EDGE_CURVE('',#2865,#2866,#173,.T.);
#2121=EDGE_CURVE('',#2867,#2866,#3309,.F.);
#2122=EDGE_CURVE('',#2868,#2867,#174,.T.);
#2123=EDGE_CURVE('',#2869,#2868,#3310,.F.);
#2124=EDGE_CURVE('',#2869,#2825,#175,.T.);
#2125=EDGE_CURVE('',#2823,#2820,#3311,.T.);
#2126=EDGE_CURVE('',#2821,#2822,#3312,.T.);
#2127=EDGE_CURVE('',#2870,#2871,#3313,.T.);
#2128=EDGE_CURVE('',#2870,#2852,#3314,.T.);
#2129=EDGE_CURVE('',#2851,#2872,#3315,.T.);
#2130=EDGE_CURVE('',#2872,#2873,#3316,.T.);
#2131=EDGE_CURVE('',#2873,#2871,#3317,.T.);
#2132=EDGE_CURVE('',#2842,#2874,#3318,.T.);
#2133=EDGE_CURVE('',#2875,#2841,#3319,.T.);
#2134=EDGE_CURVE('',#2874,#2875,#3320,.T.);
#2135=EDGE_CURVE('',#2849,#2876,#3321,.T.);
#2136=EDGE_CURVE('',#2876,#2877,#3322,.T.);
#2137=EDGE_CURVE('',#2877,#2878,#3323,.T.);
#2138=EDGE_CURVE('',#2879,#2878,#3324,.T.);
#2139=EDGE_CURVE('',#2879,#2850,#3325,.T.);
#2140=EDGE_CURVE('',#2880,#2845,#3326,.T.);
#2141=EDGE_CURVE('',#2880,#2881,#3327,.T.);
#2142=EDGE_CURVE('',#2846,#2881,#3328,.T.);
#2143=EDGE_CURVE('',#2882,#2883,#176,.T.);
#2144=EDGE_CURVE('',#2883,#2884,#177,.T.);
#2145=EDGE_CURVE('',#2884,#2885,#3329,.F.);
#2146=EDGE_CURVE('',#2885,#2886,#178,.T.);
#2147=EDGE_CURVE('',#2886,#2887,#179,.T.);
#2148=EDGE_CURVE('',#2887,#2888,#180,.T.);
#2149=EDGE_CURVE('',#2888,#2889,#181,.T.);
#2150=EDGE_CURVE('',#2890,#2889,#3330,.F.);
#2151=EDGE_CURVE('',#2890,#2891,#182,.T.);
#2152=EDGE_CURVE('',#2892,#2891,#183,.T.);
#2153=EDGE_CURVE('',#2892,#2893,#184,.T.);
#2154=EDGE_CURVE('',#2893,#2894,#185,.T.);
#2155=EDGE_CURVE('',#2894,#2895,#186,.T.);
#2156=EDGE_CURVE('',#2895,#2896,#3331,.F.);
#2157=EDGE_CURVE('',#2896,#2882,#187,.T.);
#2158=EDGE_CURVE('',#2855,#2897,#3332,.T.);
#2159=EDGE_CURVE('',#2897,#2898,#3333,.T.);
#2160=EDGE_CURVE('',#2898,#2837,#3334,.T.);
#2161=EDGE_CURVE('',#2836,#2899,#3335,.T.);
#2162=EDGE_CURVE('',#2900,#2899,#3336,.T.);
#2163=EDGE_CURVE('',#2900,#2901,#3337,.F.);
#2164=EDGE_CURVE('',#2902,#2901,#3338,.T.);
#2165=EDGE_CURVE('',#2903,#2902,#3339,.F.);
#2166=EDGE_CURVE('',#2904,#2903,#3340,.T.);
#2167=EDGE_CURVE('',#2856,#2904,#3341,.T.);
#2168=EDGE_CURVE('',#2870,#2876,#3342,.T.);
#2169=EDGE_CURVE('',#2871,#2877,#3343,.T.);
#2170=EDGE_CURVE('',#2880,#2874,#3344,.T.);
#2171=EDGE_CURVE('',#2875,#2881,#3345,.T.);
#2172=EDGE_CURVE('',#2878,#2873,#3346,.T.);
#2173=EDGE_CURVE('',#2872,#2879,#3347,.T.);
#2174=EDGE_CURVE('',#2905,#2864,#3348,.T.);
#2175=EDGE_CURVE('',#2906,#2905,#3349,.T.);
#2176=EDGE_CURVE('',#2907,#2906,#3350,.T.);
#2177=EDGE_CURVE('',#2907,#2908,#3351,.T.);
#2178=EDGE_CURVE('',#2865,#2908,#3352,.T.);
#2179=EDGE_CURVE('',#2867,#2909,#3353,.T.);
#2180=EDGE_CURVE('',#2910,#2866,#3354,.T.);
#2181=EDGE_CURVE('',#2911,#2910,#3355,.T.);
#2182=EDGE_CURVE('',#2912,#2911,#3356,.T.);
#2183=EDGE_CURVE('',#2912,#2909,#3357,.T.);
#2184=EDGE_CURVE('',#2815,#2913,#3358,.T.);
#2185=EDGE_CURVE('',#2913,#2814,#3359,.T.);
#2186=EDGE_CURVE('',#2888,#2914,#188,.T.);
#2187=EDGE_CURVE('',#2914,#2756,#189,.T.);
#2188=EDGE_CURVE('',#2889,#2780,#3360,.T.);
#2189=EDGE_CURVE('',#2890,#2779,#3361,.T.);
#2190=EDGE_CURVE('',#2891,#2778,#3362,.T.);
#2191=EDGE_CURVE('',#2915,#2916,#190,.T.);
#2192=EDGE_CURVE('',#2916,#2892,#191,.T.);
#2193=EDGE_CURVE('',#2915,#2777,#3363,.T.);
#2194=EDGE_CURVE('',#2751,#2915,#192,.T.);
#2195=EDGE_CURVE('',#2752,#2776,#3364,.T.);
#2196=EDGE_CURVE('',#2753,#2775,#3365,.T.);
#2197=EDGE_CURVE('',#2754,#2774,#3366,.T.);
#2198=EDGE_CURVE('',#2755,#2773,#3367,.T.);
#2199=EDGE_CURVE('',#2917,#2918,#193,.F.);
#2200=EDGE_CURVE('',#2918,#2917,#194,.T.);
#2201=EDGE_CURVE('',#2919,#2920,#3368,.T.);
#2202=EDGE_CURVE('',#2920,#2921,#195,.T.);
#2203=EDGE_CURVE('',#2921,#2922,#196,.F.);
#2204=EDGE_CURVE('',#2922,#2923,#197,.F.);
#2205=EDGE_CURVE('',#2923,#2919,#198,.T.);
#2206=EDGE_CURVE('',#2924,#2917,#3369,.T.);
#2207=EDGE_CURVE('',#2924,#2925,#199,.F.);
#2208=EDGE_CURVE('',#2925,#2926,#3370,.T.);
#2209=EDGE_CURVE('',#2918,#2926,#3371,.T.);
#2210=EDGE_CURVE('',#2799,#2918,#3372,.T.);
#2211=EDGE_CURVE('',#2917,#2798,#3373,.T.);
#2212=EDGE_CURVE('',#2927,#2928,#3374,.T.);
#2213=EDGE_CURVE('',#2927,#2811,#3375,.T.);
#2214=EDGE_CURVE('',#2929,#2810,#3376,.T.);
#2215=EDGE_CURVE('',#2929,#2930,#200,.T.);
#2216=EDGE_CURVE('',#2930,#2928,#201,.T.);
#2217=EDGE_CURVE('',#2816,#2924,#202,.T.);
#2218=EDGE_CURVE('',#2920,#2806,#3377,.T.);
#2219=EDGE_CURVE('',#2805,#2921,#203,.F.);
#2220=EDGE_CURVE('',#2923,#2808,#204,.F.);
#2221=EDGE_CURVE('',#2919,#2807,#3378,.T.);
#2222=EDGE_CURVE('',#2931,#2922,#3379,.T.);
#2223=EDGE_CURVE('',#2931,#2932,#205,.T.);
#2224=EDGE_CURVE('',#2932,#2933,#3380,.T.);
#2225=EDGE_CURVE('',#2933,#2809,#206,.F.);
#2226=EDGE_CURVE('',#2932,#2929,#207,.T.);
#2227=EDGE_CURVE('',#2802,#2934,#3381,.T.);
#2228=EDGE_CURVE('',#2934,#2935,#3382,.T.);
#2229=EDGE_CURVE('',#2803,#2935,#3383,.T.);
#2230=EDGE_CURVE('',#2935,#2936,#3384,.T.);
#2231=EDGE_CURVE('',#2804,#2936,#3385,.T.);
#2232=EDGE_CURVE('',#2936,#2931,#208,.F.);
#2233=EDGE_CURVE('',#2937,#2938,#3386,.T.);
#2234=EDGE_CURVE('',#2937,#2939,#3387,.T.);
#2235=EDGE_CURVE('',#2801,#2939,#3388,.T.);
#2236=EDGE_CURVE('',#2938,#2800,#209,.T.);
#2237=EDGE_CURVE('',#2939,#2934,#210,.F.);
#2238=EDGE_CURVE('',#2925,#2937,#211,.F.);
#2239=EDGE_CURVE('',#2930,#2940,#3389,.T.);
#2240=EDGE_CURVE('',#2928,#2940,#3390,.T.);
#2241=EDGE_CURVE('',#2941,#2815,#3391,.T.);
#2242=EDGE_CURVE('',#2941,#2942,#212,.T.);
#2243=EDGE_CURVE('',#2942,#2943,#213,.T.);
#2244=EDGE_CURVE('',#2943,#2944,#214,.T.);
#2245=EDGE_CURVE('',#2944,#2945,#215,.T.);
#2246=EDGE_CURVE('',#2945,#2946,#3392,.T.);
#2247=EDGE_CURVE('',#2946,#2947,#216,.T.);
#2248=EDGE_CURVE('',#2947,#2948,#3393,.T.);
#2249=EDGE_CURVE('',#2949,#2948,#3394,.T.);
#2250=EDGE_CURVE('',#2949,#2950,#217,.T.);
#2251=EDGE_CURVE('',#2951,#2950,#3395,.T.);
#2252=EDGE_CURVE('',#2951,#2952,#218,.T.);
#2253=EDGE_CURVE('',#2952,#2953,#219,.T.);
#2254=EDGE_CURVE('',#2954,#2953,#3396,.T.);
#2255=EDGE_CURVE('',#2954,#2955,#220,.T.);
#2256=EDGE_CURVE('',#2955,#2956,#221,.T.);
#2257=EDGE_CURVE('',#2956,#2957,#222,.T.);
#2258=EDGE_CURVE('',#2957,#2930,#3397,.T.);
#2259=EDGE_CURVE('',#2948,#2958,#3398,.T.);
#2260=EDGE_CURVE('',#2958,#2959,#3399,.T.);
#2261=EDGE_CURVE('',#2833,#2959,#3400,.T.);
#2262=EDGE_CURVE('',#2832,#2960,#3401,.T.);
#2263=EDGE_CURVE('',#2960,#2961,#3402,.T.);
#2264=EDGE_CURVE('',#2962,#2961,#3403,.T.);
#2265=EDGE_CURVE('',#2962,#2963,#3404,.T.);
#2266=EDGE_CURVE('',#2963,#2949,#3405,.F.);
#2267=EDGE_CURVE('',#2964,#2965,#223,.T.);
#2268=EDGE_CURVE('',#2952,#2965,#3406,.T.);
#2269=EDGE_CURVE('',#2964,#2951,#3407,.F.);
#2270=EDGE_CURVE('',#2966,#2962,#224,.T.);
#2271=EDGE_CURVE('',#2966,#2967,#3408,.T.);
#2272=EDGE_CURVE('',#2963,#2967,#225,.T.);
#2273=EDGE_CURVE('',#2964,#2968,#3409,.T.);
#2274=EDGE_CURVE('',#2969,#2968,#3410,.T.);
#2275=EDGE_CURVE('',#2965,#2969,#226,.T.);
#2276=EDGE_CURVE('',#2953,#2969,#3411,.F.);
#2277=EDGE_CURVE('',#2970,#2971,#227,.T.);
#2278=EDGE_CURVE('',#2972,#2970,#228,.T.);
#2279=EDGE_CURVE('',#2971,#2972,#3412,.T.);
#2280=EDGE_CURVE('',#2973,#2957,#3413,.T.);
#2281=EDGE_CURVE('',#2956,#2974,#3414,.F.);
#2282=EDGE_CURVE('',#2973,#2974,#229,.T.);
#2283=EDGE_CURVE('',#2902,#2975,#230,.F.);
#2284=EDGE_CURVE('',#2975,#2976,#3415,.F.);
#2285=EDGE_CURVE('',#2903,#2976,#231,.T.);
#2286=EDGE_CURVE('',#2977,#2960,#3416,.T.);
#2287=EDGE_CURVE('',#2977,#2961,#232,.T.);
#2288=EDGE_CURVE('',#2978,#2958,#3417,.T.);
#2289=EDGE_CURVE('',#2978,#2979,#233,.T.);
#2290=EDGE_CURVE('',#2980,#2979,#3418,.T.);
#2291=EDGE_CURVE('',#2981,#2980,#234,.T.);
#2292=EDGE_CURVE('',#2981,#2900,#235,.T.);
#2293=EDGE_CURVE('',#2899,#2982,#3419,.T.);
#2294=EDGE_CURVE('',#2982,#2983,#3420,.T.);
#2295=EDGE_CURVE('',#2959,#2983,#3421,.T.);
#2296=EDGE_CURVE('',#2984,#2985,#3422,.T.);
#2297=EDGE_CURVE('',#2984,#2973,#3423,.T.);
#2298=EDGE_CURVE('',#2974,#2986,#236,.T.);
#2299=EDGE_CURVE('',#2986,#2987,#237,.T.);
#2300=EDGE_CURVE('',#2987,#2985,#238,.T.);
#2301=EDGE_CURVE('',#2860,#2968,#3424,.T.);
#2302=EDGE_CURVE('',#2859,#2984,#3425,.T.);
#2303=EDGE_CURVE('',#2971,#2985,#3426,.T.);
#2304=EDGE_CURVE('',#2972,#2954,#3427,.T.);
#2305=EDGE_CURVE('',#2988,#2989,#3428,.T.);
#2306=EDGE_CURVE('',#2940,#2989,#3429,.T.);
#2307=EDGE_CURVE('',#2858,#2990,#3430,.T.);
#2308=EDGE_CURVE('',#2990,#2991,#3431,.T.);
#2309=EDGE_CURVE('',#2991,#2992,#3432,.T.);
#2310=EDGE_CURVE('',#2988,#2992,#3433,.T.);
#2311=EDGE_CURVE('',#2913,#2989,#3434,.T.);
#2312=EDGE_CURVE('',#2988,#2993,#3435,.T.);
#2313=EDGE_CURVE('',#2993,#2994,#3436,.T.);
#2314=EDGE_CURVE('',#2990,#2994,#3437,.T.);
#2315=EDGE_CURVE('',#2857,#2995,#3438,.T.);
#2316=EDGE_CURVE('',#2995,#2996,#3439,.T.);
#2317=EDGE_CURVE('',#2941,#2996,#3440,.F.);
#2318=EDGE_CURVE('',#2995,#2904,#3441,.T.);
#2319=EDGE_CURVE('',#2835,#2982,#3442,.T.);
#2320=EDGE_CURVE('',#2834,#2983,#3443,.T.);
#2321=EDGE_CURVE('',#2831,#2997,#3444,.T.);
#2322=EDGE_CURVE('',#2998,#2997,#3445,.T.);
#2323=EDGE_CURVE('',#2998,#2861,#3446,.T.);
#2324=EDGE_CURVE('',#2950,#2967,#3447,.T.);
#2325=EDGE_CURVE('',#2966,#2977,#3448,.T.);
#2326=EDGE_CURVE('',#2976,#2999,#239,.T.);
#2327=EDGE_CURVE('',#2999,#2996,#240,.T.);
#2328=EDGE_CURVE('',#3000,#2901,#241,.F.);
#2329=EDGE_CURVE('',#2975,#3000,#242,.T.);
#2330=EDGE_CURVE('',#2943,#2975,#3449,.F.);
#2331=EDGE_CURVE('',#2944,#3000,#3450,.T.);
#2332=EDGE_CURVE('',#3000,#2981,#3451,.T.);
#2333=EDGE_CURVE('',#2942,#2999,#243,.T.);
#2334=EDGE_CURVE('',#3001,#2987,#244,.F.);
#2335=EDGE_CURVE('',#2970,#3001,#245,.T.);
#2336=EDGE_CURVE('',#2955,#2986,#246,.T.);
#2337=EDGE_CURVE('',#2978,#2947,#3452,.F.);
#2338=EDGE_CURVE('',#2945,#2980,#3453,.T.);
#2339=EDGE_CURVE('',#2979,#2946,#247,.F.);
#2340=EDGE_CURVE('',#2911,#2907,#3454,.T.);
#2341=EDGE_CURVE('',#2908,#2910,#3455,.T.);
#2342=EDGE_CURVE('',#2905,#2909,#3456,.T.);
#2343=EDGE_CURVE('',#2906,#2912,#3457,.T.);
#2344=EDGE_CURVE('',#2997,#3002,#3458,.T.);
#2345=EDGE_CURVE('',#3002,#2998,#3459,.T.);
#2346=EDGE_CURVE('',#2828,#3003,#3460,.T.);
#2347=EDGE_CURVE('',#3003,#3004,#3461,.T.);
#2348=EDGE_CURVE('',#2829,#3004,#3462,.T.);
#2349=EDGE_CURVE('',#3004,#3005,#53,.T.);
#2350=EDGE_CURVE('',#3005,#3006,#248,.T.);
#2351=EDGE_CURVE('',#2830,#3006,#3463,.T.);
#2352=EDGE_CURVE('',#3006,#3007,#249,.T.);
#2353=EDGE_CURVE('',#3007,#3008,#250,.T.);
#2354=EDGE_CURVE('',#3002,#3008,#3464,.T.);
#2355=EDGE_CURVE('',#3008,#3009,#251,.T.);
#2356=EDGE_CURVE('',#3009,#3010,#252,.T.);
#2357=EDGE_CURVE('',#2862,#3010,#3465,.T.);
#2358=EDGE_CURVE('',#3011,#3012,#253,.T.);
#2359=EDGE_CURVE('',#3012,#3013,#254,.T.);
#2360=EDGE_CURVE('',#2863,#3013,#3466,.T.);
#2361=EDGE_CURVE('',#3010,#3011,#255,.T.);
#2362=EDGE_CURVE('',#2884,#3014,#256,.T.);
#2363=EDGE_CURVE('',#3015,#3014,#3467,.T.);
#2364=EDGE_CURVE('',#3016,#3015,#3468,.T.);
#2365=EDGE_CURVE('',#3016,#3017,#3469,.T.);
#2366=EDGE_CURVE('',#3017,#2761,#257,.T.);
#2367=EDGE_CURVE('',#2760,#3018,#258,.T.);
#2368=EDGE_CURVE('',#2869,#3018,#3470,.T.);
#2369=EDGE_CURVE('',#2868,#3019,#3471,.T.);
#2370=EDGE_CURVE('',#3019,#2885,#259,.T.);
#2371=EDGE_CURVE('',#3013,#3019,#260,.T.);
#2372=EDGE_CURVE('',#3018,#3020,#261,.T.);
#2373=EDGE_CURVE('',#3020,#3003,#348,.F.);
#2374=EDGE_CURVE('',#3021,#3022,#262,.T.);
#2375=EDGE_CURVE('',#3022,#3023,#263,.T.);
#2376=EDGE_CURVE('',#2854,#3023,#3472,.T.);
#2377=EDGE_CURVE('',#2853,#3024,#3473,.T.);
#2378=EDGE_CURVE('',#3024,#3021,#264,.T.);
#2379=EDGE_CURVE('',#3023,#3025,#265,.T.);
#2380=EDGE_CURVE('',#3025,#3026,#266,.T.);
#2381=EDGE_CURVE('',#3027,#3026,#3474,.T.);
#2382=EDGE_CURVE('',#3027,#2897,#3475,.T.);
#2383=EDGE_CURVE('',#3026,#3028,#267,.T.);
#2384=EDGE_CURVE('',#3028,#3029,#268,.T.);
#2385=EDGE_CURVE('',#2838,#3029,#3476,.T.);
#2386=EDGE_CURVE('',#2898,#3027,#3477,.T.);
#2387=EDGE_CURVE('',#3029,#3030,#269,.T.);
#2388=EDGE_CURVE('',#3030,#3031,#270,.T.);
#2389=EDGE_CURVE('',#2839,#3031,#3478,.T.);
#2390=EDGE_CURVE('',#3031,#3032,#271,.T.);
#2391=EDGE_CURVE('',#2840,#3032,#3479,.T.);
#2392=EDGE_CURVE('',#3033,#3034,#3480,.T.);
#2393=EDGE_CURVE('',#3034,#2896,#272,.T.);
#2394=EDGE_CURVE('',#2895,#3035,#273,.T.);
#2395=EDGE_CURVE('',#2848,#3035,#3481,.T.);
#2396=EDGE_CURVE('',#2847,#3036,#3482,.T.);
#2397=EDGE_CURVE('',#3033,#3036,#3483,.T.);
#2398=EDGE_CURVE('',#3037,#3038,#274,.T.);
#2399=EDGE_CURVE('',#3038,#3039,#3484,.T.);
#2400=EDGE_CURVE('',#3036,#3039,#3485,.T.);
#2401=EDGE_CURVE('',#3032,#3037,#275,.T.);
#2402=EDGE_CURVE('',#3035,#3024,#276,.T.);
#2403=EDGE_CURVE('',#2740,#2826,#3486,.T.);
#2404=EDGE_CURVE('',#2742,#2827,#3487,.T.);
#2405=EDGE_CURVE('',#2743,#2844,#3488,.T.);
#2406=EDGE_CURVE('',#2741,#2843,#3489,.T.);
#2407=EDGE_CURVE('',#3038,#3040,#277,.T.);
#2408=EDGE_CURVE('',#2748,#3037,#278,.F.);
#2409=EDGE_CURVE('',#2746,#3041,#279,.T.);
#2410=EDGE_CURVE('',#3041,#3042,#280,.T.);
#2411=EDGE_CURVE('',#3042,#3040,#281,.T.);
#2412=EDGE_CURVE('',#2749,#3030,#282,.F.);
#2413=EDGE_CURVE('',#3021,#2894,#283,.T.);
#2414=EDGE_CURVE('',#2750,#3028,#284,.F.);
#2415=EDGE_CURVE('',#3022,#2893,#285,.T.);
#2416=EDGE_CURVE('',#2916,#3025,#286,.T.);
#2417=EDGE_CURVE('',#3020,#2759,#287,.T.);
#2418=EDGE_CURVE('',#3005,#2758,#288,.T.);
#2419=EDGE_CURVE('',#3007,#2757,#289,.T.);
#2420=EDGE_CURVE('',#3009,#2914,#290,.F.);
#2421=EDGE_CURVE('',#3011,#2887,#291,.T.);
#2422=EDGE_CURVE('',#3012,#2886,#292,.T.);
#2423=EDGE_CURVE('',#3043,#2993,#3490,.T.);
#2424=EDGE_CURVE('',#3043,#3044,#3491,.T.);
#2425=EDGE_CURVE('',#3044,#2994,#3492,.T.);
#2426=EDGE_CURVE('',#3045,#3045,#349,.T.);
#2427=EDGE_CURVE('',#3046,#3046,#350,.T.);
#2428=EDGE_CURVE('',#3047,#2992,#3493,.T.);
#2429=EDGE_CURVE('',#3043,#3047,#3494,.T.);
#2430=EDGE_CURVE('',#3047,#3048,#3495,.T.);
#2431=EDGE_CURVE('',#3044,#3048,#3496,.T.);
#2432=EDGE_CURVE('',#3048,#2991,#3497,.T.);
#2433=EDGE_CURVE('',#3049,#3049,#351,.T.);
#2434=EDGE_CURVE('',#3050,#3050,#352,.T.);
#2435=EDGE_CURVE('',#3051,#2796,#3498,.T.);
#2436=EDGE_CURVE('',#2813,#3051,#3499,.T.);
#2437=EDGE_CURVE('',#2927,#3052,#3500,.T.);
#2438=EDGE_CURVE('',#3052,#2812,#3501,.T.);
#2439=EDGE_CURVE('',#3051,#3052,#3502,.T.);
#2440=EDGE_CURVE('',#2813,#2927,#3503,.T.);
#2441=EDGE_CURVE('',#2814,#2928,#293,.T.);
#2442=EDGE_CURVE('',#3053,#3054,#3504,.T.);
#2443=EDGE_CURVE('',#3053,#3055,#294,.T.);
#2444=EDGE_CURVE('',#3055,#3056,#3505,.T.);
#2445=EDGE_CURVE('',#3054,#3056,#295,.T.);
#2446=EDGE_CURVE('',#3055,#3057,#296,.T.);
#2447=EDGE_CURVE('',#3057,#3058,#3506,.T.);
#2448=EDGE_CURVE('',#3058,#3056,#297,.T.);
#2449=EDGE_CURVE('',#3059,#3060,#298,.T.);
#2450=EDGE_CURVE('',#3060,#3061,#299,.T.);
#2451=EDGE_CURVE('',#3061,#3062,#300,.T.);
#2452=EDGE_CURVE('',#3062,#3063,#3507,.T.);
#2453=EDGE_CURVE('',#3064,#3063,#301,.T.);
#2454=EDGE_CURVE('',#3059,#3064,#3508,.T.);
#2455=EDGE_CURVE('',#3062,#3065,#302,.T.);
#2456=EDGE_CURVE('',#3065,#3066,#3509,.T.);
#2457=EDGE_CURVE('',#3066,#3063,#303,.T.);
#2458=EDGE_CURVE('',#3065,#3067,#304,.T.);
#2459=EDGE_CURVE('',#3067,#3068,#3510,.T.);
#2460=EDGE_CURVE('',#3068,#3066,#3511,.T.);
#2461=EDGE_CURVE('',#3057,#3069,#305,.T.);
#2462=EDGE_CURVE('',#3069,#3017,#306,.T.);
#2463=EDGE_CURVE('',#3016,#3058,#3512,.T.);
#2464=EDGE_CURVE('',#3014,#3059,#307,.T.);
#2465=EDGE_CURVE('',#3015,#3064,#3513,.T.);
#2466=EDGE_CURVE('',#3033,#3068,#3514,.T.);
#2467=EDGE_CURVE('',#3070,#3039,#3515,.T.);
#2468=EDGE_CURVE('',#3070,#3054,#3516,.T.);
#2469=EDGE_CURVE('',#3067,#3034,#308,.T.);
#2470=EDGE_CURVE('',#3040,#3070,#3517,.T.);
#2471=EDGE_CURVE('',#3042,#3071,#309,.T.);
#2472=EDGE_CURVE('',#3071,#3053,#310,.T.);
#2473=EDGE_CURVE('',#2882,#3062,#311,.F.);
#2474=EDGE_CURVE('',#2883,#3060,#312,.F.);
#2475=EDGE_CURVE('',#2762,#3069,#313,.F.);
#2476=EDGE_CURVE('',#2744,#3055,#314,.F.);
#2477=EDGE_CURVE('',#2745,#3071,#315,.F.);
#2478=EDGE_CURVE('',#2768,#3072,#3518,.T.);
#2479=EDGE_CURVE('',#3072,#2713,#3519,.T.);
#2480=EDGE_CURVE('',#3073,#2714,#3520,.T.);
#2481=EDGE_CURVE('',#3073,#2767,#3521,.T.);
#2482=EDGE_CURVE('',#3072,#3073,#3522,.T.);
#2483=EDGE_CURVE('',#3074,#3075,#3523,.T.);
#2484=EDGE_CURVE('',#3076,#3074,#3524,.T.);
#2485=EDGE_CURVE('',#3076,#3077,#3525,.T.);
#2486=EDGE_CURVE('',#3077,#3075,#3526,.T.);
#2487=EDGE_CURVE('',#3078,#3074,#3527,.T.);
#2488=EDGE_CURVE('',#3079,#3078,#3528,.T.);
#2489=EDGE_CURVE('',#3079,#3076,#3529,.T.);
#2490=EDGE_CURVE('',#2784,#3080,#3530,.T.);
#2491=EDGE_CURVE('',#3080,#2698,#3531,.T.);
#2492=EDGE_CURVE('',#3081,#2737,#3532,.T.);
#2493=EDGE_CURVE('',#3081,#2783,#3533,.T.);
#2494=EDGE_CURVE('',#3082,#2736,#3534,.T.);
#2495=EDGE_CURVE('',#3082,#3081,#3535,.T.);
#2496=EDGE_CURVE('',#2782,#3082,#3536,.T.);
#2497=EDGE_CURVE('',#3083,#2699,#3537,.T.);
#2498=EDGE_CURVE('',#3083,#2781,#3538,.T.);
#2499=EDGE_CURVE('',#3080,#3083,#3539,.T.);
#2500=EDGE_CURVE('',#3075,#3078,#3540,.T.);
#2501=EDGE_CURVE('',#3077,#3079,#3541,.T.);
#2502=EDGE_CURVE('',#3084,#3085,#3542,.T.);
#2503=EDGE_CURVE('',#3086,#3084,#3543,.T.);
#2504=EDGE_CURVE('',#3086,#3087,#3544,.T.);
#2505=EDGE_CURVE('',#3087,#3085,#3545,.T.);
#2506=EDGE_CURVE('',#3088,#3084,#3546,.T.);
#2507=EDGE_CURVE('',#3089,#3088,#3547,.T.);
#2508=EDGE_CURVE('',#3089,#3086,#3548,.T.);
#2509=EDGE_CURVE('',#2794,#3090,#3549,.T.);
#2510=EDGE_CURVE('',#3090,#2674,#3550,.T.);
#2511=EDGE_CURVE('',#3091,#2733,#3551,.T.);
#2512=EDGE_CURVE('',#3091,#2793,#3552,.T.);
#2513=EDGE_CURVE('',#3092,#2732,#3553,.T.);
#2514=EDGE_CURVE('',#3092,#3091,#3554,.T.);
#2515=EDGE_CURVE('',#2792,#3092,#3555,.T.);
#2516=EDGE_CURVE('',#3093,#2675,#3556,.T.);
#2517=EDGE_CURVE('',#3093,#2791,#3557,.T.);
#2518=EDGE_CURVE('',#3090,#3093,#3558,.T.);
#2519=EDGE_CURVE('',#3085,#3088,#3559,.T.);
#2520=EDGE_CURVE('',#3087,#3089,#3560,.T.);
#2521=EDGE_CURVE('',#2770,#3094,#3561,.T.);
#2522=EDGE_CURVE('',#3094,#2728,#3562,.T.);
#2523=EDGE_CURVE('',#3095,#2710,#3563,.T.);
#2524=EDGE_CURVE('',#3095,#2769,#3564,.T.);
#2525=EDGE_CURVE('',#3096,#2709,#3565,.T.);
#2526=EDGE_CURVE('',#3096,#3095,#3566,.T.);
#2527=EDGE_CURVE('',#3097,#2708,#3567,.T.);
#2528=EDGE_CURVE('',#3097,#3096,#3568,.T.);
#2529=EDGE_CURVE('',#3098,#2707,#3569,.T.);
#2530=EDGE_CURVE('',#3098,#3097,#3570,.T.);
#2531=EDGE_CURVE('',#3099,#2706,#3571,.T.);
#2532=EDGE_CURVE('',#3099,#3098,#3572,.T.);
#2533=EDGE_CURVE('',#2772,#3099,#3573,.T.);
#2534=EDGE_CURVE('',#3100,#2731,#3574,.T.);
#2535=EDGE_CURVE('',#3100,#2771,#3575,.T.);
#2536=EDGE_CURVE('',#3101,#2730,#3576,.T.);
#2537=EDGE_CURVE('',#3101,#3100,#3577,.T.);
#2538=EDGE_CURVE('',#3102,#2729,#3578,.T.);
#2539=EDGE_CURVE('',#3102,#3101,#3579,.T.);
#2540=EDGE_CURVE('',#3094,#3102,#3580,.T.);
#2541=EDGE_CURVE('',#2788,#3103,#3581,.T.);
#2542=EDGE_CURVE('',#3103,#2725,#3582,.T.);
#2543=EDGE_CURVE('',#3104,#2682,#3583,.T.);
#2544=EDGE_CURVE('',#3104,#2787,#3584,.T.);
#2545=EDGE_CURVE('',#3105,#2681,#3585,.T.);
#2546=EDGE_CURVE('',#3105,#3104,#3586,.T.);
#2547=EDGE_CURVE('',#3106,#2680,#3587,.T.);
#2548=EDGE_CURVE('',#3106,#3105,#3588,.T.);
#2549=EDGE_CURVE('',#3107,#2679,#3589,.T.);
#2550=EDGE_CURVE('',#3107,#3106,#3590,.T.);
#2551=EDGE_CURVE('',#3108,#2678,#3591,.T.);
#2552=EDGE_CURVE('',#3108,#3107,#3592,.T.);
#2553=EDGE_CURVE('',#2790,#3108,#3593,.T.);
#2554=EDGE_CURVE('',#3103,#2789,#3594,.T.);
#2555=EDGE_CURVE('',#3109,#3110,#316,.T.);
#2556=EDGE_CURVE('',#3111,#3109,#3595,.T.);
#2557=EDGE_CURVE('',#3111,#3112,#317,.T.);
#2558=EDGE_CURVE('',#3112,#3110,#3596,.T.);
#2559=EDGE_CURVE('',#3113,#3109,#3597,.T.);
#2560=EDGE_CURVE('',#3114,#3113,#3598,.T.);
#2561=EDGE_CURVE('',#3114,#3111,#3599,.T.);
#2562=EDGE_CURVE('',#3115,#3113,#3600,.T.);
#2563=EDGE_CURVE('',#3116,#3115,#3601,.T.);
#2564=EDGE_CURVE('',#3116,#3114,#3602,.T.);
#2565=EDGE_CURVE('',#3117,#3115,#3603,.T.);
#2566=EDGE_CURVE('',#3118,#3117,#3604,.T.);
#2567=EDGE_CURVE('',#3118,#3116,#3605,.T.);
#2568=EDGE_CURVE('',#3119,#3117,#318,.T.);
#2569=EDGE_CURVE('',#3120,#3119,#3606,.T.);
#2570=EDGE_CURVE('',#3120,#3118,#319,.T.);
#2571=EDGE_CURVE('',#3121,#3119,#320,.T.);
#2572=EDGE_CURVE('',#3122,#3121,#3607,.T.);
#2573=EDGE_CURVE('',#3122,#3120,#321,.T.);
#2574=EDGE_CURVE('',#3123,#3121,#353,.T.);
#2575=EDGE_CURVE('',#3124,#3123,#3608,.T.);
#2576=EDGE_CURVE('',#3124,#3122,#354,.T.);
#2577=EDGE_CURVE('',#3125,#3123,#355,.T.);
#2578=EDGE_CURVE('',#3126,#3125,#3609,.T.);
#2579=EDGE_CURVE('',#3126,#3124,#356,.T.);
#2580=EDGE_CURVE('',#3127,#2695,#3610,.T.);
#2581=EDGE_CURVE('',#3127,#2785,#357,.F.);
#2582=EDGE_CURVE('',#3128,#2694,#3611,.T.);
#2583=EDGE_CURVE('',#3128,#3127,#358,.F.);
#2584=EDGE_CURVE('',#3129,#2693,#3612,.T.);
#2585=EDGE_CURVE('',#3129,#3128,#359,.F.);
#2586=EDGE_CURVE('',#3130,#2692,#3613,.T.);
#2587=EDGE_CURVE('',#3130,#3129,#322,.T.);
#2588=EDGE_CURVE('',#3131,#2691,#3614,.T.);
#2589=EDGE_CURVE('',#3131,#3130,#323,.T.);
#2590=EDGE_CURVE('',#3132,#2690,#3615,.T.);
#2591=EDGE_CURVE('',#3132,#3131,#324,.T.);
#2592=EDGE_CURVE('',#3133,#2689,#3616,.T.);
#2593=EDGE_CURVE('',#3133,#3132,#360,.F.);
#2594=EDGE_CURVE('',#3134,#2688,#3617,.T.);
#2595=EDGE_CURVE('',#3134,#3133,#361,.F.);
#2596=EDGE_CURVE('',#3135,#2687,#3618,.T.);
#2597=EDGE_CURVE('',#3135,#3134,#325,.T.);
#2598=EDGE_CURVE('',#3136,#2686,#3619,.T.);
#2599=EDGE_CURVE('',#3136,#3135,#326,.T.);
#2600=EDGE_CURVE('',#3137,#2685,#3620,.T.);
#2601=EDGE_CURVE('',#3137,#3136,#3621,.T.);
#2602=EDGE_CURVE('',#2786,#3137,#3622,.T.);
#2603=EDGE_CURVE('',#3110,#3125,#327,.T.);
#2604=EDGE_CURVE('',#3112,#3126,#328,.T.);
#2605=EDGE_CURVE('',#3138,#3139,#3623,.T.);
#2606=EDGE_CURVE('',#3140,#3138,#3624,.T.);
#2607=EDGE_CURVE('',#3140,#3141,#3625,.T.);
#2608=EDGE_CURVE('',#3141,#3139,#3626,.T.);
#2609=EDGE_CURVE('',#3142,#3138,#3627,.T.);
#2610=EDGE_CURVE('',#3143,#3142,#3628,.T.);
#2611=EDGE_CURVE('',#3143,#3140,#3629,.T.);
#2612=EDGE_CURVE('',#3144,#3142,#3630,.T.);
#2613=EDGE_CURVE('',#3145,#3144,#3631,.T.);
#2614=EDGE_CURVE('',#3145,#3143,#3632,.T.);
#2615=EDGE_CURVE('',#3146,#3144,#329,.T.);
#2616=EDGE_CURVE('',#3147,#3146,#3633,.T.);
#2617=EDGE_CURVE('',#3147,#3145,#330,.T.);
#2618=EDGE_CURVE('',#3148,#3146,#362,.T.);
#2619=EDGE_CURVE('',#3149,#3148,#3634,.T.);
#2620=EDGE_CURVE('',#3149,#3147,#363,.T.);
#2621=EDGE_CURVE('',#3150,#3148,#364,.T.);
#2622=EDGE_CURVE('',#3151,#3150,#3635,.T.);
#2623=EDGE_CURVE('',#3151,#3149,#365,.T.);
#2624=EDGE_CURVE('',#3152,#3150,#366,.T.);
#2625=EDGE_CURVE('',#3153,#3152,#3636,.T.);
#2626=EDGE_CURVE('',#3153,#3151,#367,.T.);
#2627=EDGE_CURVE('',#3154,#3152,#331,.T.);
#2628=EDGE_CURVE('',#3155,#3154,#3637,.T.);
#2629=EDGE_CURVE('',#3155,#3153,#332,.T.);
#2630=EDGE_CURVE('',#3156,#3154,#333,.T.);
#2631=EDGE_CURVE('',#3157,#3156,#3638,.T.);
#2632=EDGE_CURVE('',#3157,#3155,#334,.T.);
#2633=EDGE_CURVE('',#3158,#3156,#368,.T.);
#2634=EDGE_CURVE('',#3159,#3158,#3639,.T.);
#2635=EDGE_CURVE('',#3159,#3157,#369,.T.);
#2636=EDGE_CURVE('',#2764,#3160,#3640,.T.);
#2637=EDGE_CURVE('',#3160,#2666,#3641,.T.);
#2638=EDGE_CURVE('',#3161,#2671,#3642,.T.);
#2639=EDGE_CURVE('',#3161,#2763,#3643,.T.);
#2640=EDGE_CURVE('',#3162,#2670,#3644,.T.);
#2641=EDGE_CURVE('',#3162,#3161,#370,.F.);
#2642=EDGE_CURVE('',#3163,#2722,#3645,.T.);
#2643=EDGE_CURVE('',#3163,#3162,#335,.T.);
#2644=EDGE_CURVE('',#3164,#2721,#3646,.T.);
#2645=EDGE_CURVE('',#3164,#3163,#336,.T.);
#2646=EDGE_CURVE('',#3165,#2720,#3647,.T.);
#2647=EDGE_CURVE('',#3165,#3164,#371,.F.);
#2648=EDGE_CURVE('',#3166,#2719,#3648,.T.);
#2649=EDGE_CURVE('',#3166,#3165,#372,.F.);
#2650=EDGE_CURVE('',#3167,#2718,#3649,.T.);
#2651=EDGE_CURVE('',#3167,#3166,#373,.F.);
#2652=EDGE_CURVE('',#3168,#2717,#3650,.T.);
#2653=EDGE_CURVE('',#3168,#3167,#3651,.T.);
#2654=EDGE_CURVE('',#2766,#3168,#3652,.T.);
#2655=EDGE_CURVE('',#3169,#2669,#3653,.T.);
#2656=EDGE_CURVE('',#3169,#2765,#3654,.T.);
#2657=EDGE_CURVE('',#3170,#2668,#3655,.T.);
#2658=EDGE_CURVE('',#3170,#3169,#3656,.T.);
#2659=EDGE_CURVE('',#3171,#2667,#3657,.T.);
#2660=EDGE_CURVE('',#3171,#3170,#374,.F.);
#2661=EDGE_CURVE('',#3160,#3171,#375,.T.);
#2662=EDGE_CURVE('',#3139,#3158,#376,.T.);
#2663=EDGE_CURVE('',#3141,#3159,#377,.T.);
#2664=VERTEX_POINT('',#6317);
#2665=VERTEX_POINT('',#6318);
#2666=VERTEX_POINT('',#6320);
#2667=VERTEX_POINT('',#6322);
#2668=VERTEX_POINT('',#6324);
#2669=VERTEX_POINT('',#6326);
#2670=VERTEX_POINT('',#6330);
#2671=VERTEX_POINT('',#6331);
#2672=VERTEX_POINT('',#6333);
#2673=VERTEX_POINT('',#6335);
#2674=VERTEX_POINT('',#6337);
#2675=VERTEX_POINT('',#6339);
#2676=VERTEX_POINT('',#6341);
#2677=VERTEX_POINT('',#6343);
#2678=VERTEX_POINT('',#6345);
#2679=VERTEX_POINT('',#6347);
#2680=VERTEX_POINT('',#6349);
#2681=VERTEX_POINT('',#6351);
#2682=VERTEX_POINT('',#6353);
#2683=VERTEX_POINT('',#6355);
#2684=VERTEX_POINT('',#6357);
#2685=VERTEX_POINT('',#6359);
#2686=VERTEX_POINT('',#6361);
#2687=VERTEX_POINT('',#6365);
#2688=VERTEX_POINT('',#6369);
#2689=VERTEX_POINT('',#6371);
#2690=VERTEX_POINT('',#6373);
#2691=VERTEX_POINT('',#6377);
#2692=VERTEX_POINT('',#6381);
#2693=VERTEX_POINT('',#6385);
#2694=VERTEX_POINT('',#6387);
#2695=VERTEX_POINT('',#6389);
#2696=VERTEX_POINT('',#6391);
#2697=VERTEX_POINT('',#6393);
#2698=VERTEX_POINT('',#6395);
#2699=VERTEX_POINT('',#6397);
#2700=VERTEX_POINT('',#6399);
#2701=VERTEX_POINT('',#6401);
#2702=VERTEX_POINT('',#6403);
#2703=VERTEX_POINT('',#6413);
#2704=VERTEX_POINT('',#6415);
#2705=VERTEX_POINT('',#6417);
#2706=VERTEX_POINT('',#6419);
#2707=VERTEX_POINT('',#6421);
#2708=VERTEX_POINT('',#6423);
#2709=VERTEX_POINT('',#6425);
#2710=VERTEX_POINT('',#6427);
#2711=VERTEX_POINT('',#6429);
#2712=VERTEX_POINT('',#6431);
#2713=VERTEX_POINT('',#6433);
#2714=VERTEX_POINT('',#6435);
#2715=VERTEX_POINT('',#6437);
#2716=VERTEX_POINT('',#6439);
#2717=VERTEX_POINT('',#6441);
#2718=VERTEX_POINT('',#6443);
#2719=VERTEX_POINT('',#6445);
#2720=VERTEX_POINT('',#6447);
#2721=VERTEX_POINT('',#6449);
#2722=VERTEX_POINT('',#6453);
#2723=VERTEX_POINT('',#6459);
#2724=VERTEX_POINT('',#6460);
#2725=VERTEX_POINT('',#6462);
#2726=VERTEX_POINT('',#6466);
#2727=VERTEX_POINT('',#6467);
#2728=VERTEX_POINT('',#6469);
#2729=VERTEX_POINT('',#6471);
#2730=VERTEX_POINT('',#6473);
#2731=VERTEX_POINT('',#6475);
#2732=VERTEX_POINT('',#6479);
#2733=VERTEX_POINT('',#6480);
#2734=VERTEX_POINT('',#6482);
#2735=VERTEX_POINT('',#6484);
#2736=VERTEX_POINT('',#6488);
#2737=VERTEX_POINT('',#6489);
#2738=VERTEX_POINT('',#6491);
#2739=VERTEX_POINT('',#6493);
#2740=VERTEX_POINT('',#6524);
#2741=VERTEX_POINT('',#6525);
#2742=VERTEX_POINT('',#6527);
#2743=VERTEX_POINT('',#6537);
#2744=VERTEX_POINT('',#6550);
#2745=VERTEX_POINT('',#6551);
#2746=VERTEX_POINT('',#6556);
#2747=VERTEX_POINT('',#6558);
#2748=VERTEX_POINT('',#6566);
#2749=VERTEX_POINT('',#6571);
#2750=VERTEX_POINT('',#6576);
#2751=VERTEX_POINT('',#6584);
#2752=VERTEX_POINT('',#6594);
#2753=VERTEX_POINT('',#6601);
#2754=VERTEX_POINT('',#6606);
#2755=VERTEX_POINT('',#6608);
#2756=VERTEX_POINT('',#6619);
#2757=VERTEX_POINT('',#6628);
#2758=VERTEX_POINT('',#6633);
#2759=VERTEX_POINT('',#6635);
#2760=VERTEX_POINT('',#6643);
#2761=VERTEX_POINT('',#6645);
#2762=VERTEX_POINT('',#6650);
#2763=VERTEX_POINT('',#6662);
#2764=VERTEX_POINT('',#6663);
#2765=VERTEX_POINT('',#6666);
#2766=VERTEX_POINT('',#6668);
#2767=VERTEX_POINT('',#6671);
#2768=VERTEX_POINT('',#6673);
#2769=VERTEX_POINT('',#6676);
#2770=VERTEX_POINT('',#6678);
#2771=VERTEX_POINT('',#6681);
#2772=VERTEX_POINT('',#6683);
#2773=VERTEX_POINT('',#6686);
#2774=VERTEX_POINT('',#6688);
#2775=VERTEX_POINT('',#6690);
#2776=VERTEX_POINT('',#6692);
#2777=VERTEX_POINT('',#6694);
#2778=VERTEX_POINT('',#6696);
#2779=VERTEX_POINT('',#6698);
#2780=VERTEX_POINT('',#6700);
#2781=VERTEX_POINT('',#6703);
#2782=VERTEX_POINT('',#6705);
#2783=VERTEX_POINT('',#6708);
#2784=VERTEX_POINT('',#6710);
#2785=VERTEX_POINT('',#6713);
#2786=VERTEX_POINT('',#6715);
#2787=VERTEX_POINT('',#6718);
#2788=VERTEX_POINT('',#6720);
#2789=VERTEX_POINT('',#6723);
#2790=VERTEX_POINT('',#6725);
#2791=VERTEX_POINT('',#6728);
#2792=VERTEX_POINT('',#6730);
#2793=VERTEX_POINT('',#6733);
#2794=VERTEX_POINT('',#6735);
#2795=VERTEX_POINT('',#6739);
#2796=VERTEX_POINT('',#6740);
#2797=VERTEX_POINT('',#6772);
#2798=VERTEX_POINT('',#6825);
#2799=VERTEX_POINT('',#6842);
#2800=VERTEX_POINT('',#6867);
#2801=VERTEX_POINT('',#6869);
#2802=VERTEX_POINT('',#6926);
#2803=VERTEX_POINT('',#6928);
#2804=VERTEX_POINT('',#6930);
#2805=VERTEX_POINT('',#6949);
#2806=VERTEX_POINT('',#6956);
#2807=VERTEX_POINT('',#6958);
#2808=VERTEX_POINT('',#6965);
#2809=VERTEX_POINT('',#7013);
#2810=VERTEX_POINT('',#7025);
#2811=VERTEX_POINT('',#7057);
#2812=VERTEX_POINT('',#7059);
#2813=VERTEX_POINT('',#7130);
#2814=VERTEX_POINT('',#7132);
#2815=VERTEX_POINT('',#7180);
#2816=VERTEX_POINT('',#7228);
#2817=VERTEX_POINT('',#7230);
#2818=VERTEX_POINT('',#7237);
#2819=VERTEX_POINT('',#7238);
#2820=VERTEX_POINT('',#7240);
#2821=VERTEX_POINT('',#7242);
#2822=VERTEX_POINT('',#7246);
#2823=VERTEX_POINT('',#7247);
#2824=VERTEX_POINT('',#7249);
#2825=VERTEX_POINT('',#7251);
#2826=VERTEX_POINT('',#7272);
#2827=VERTEX_POINT('',#7273);
#2828=VERTEX_POINT('',#7282);
#2829=VERTEX_POINT('',#7284);
#2830=VERTEX_POINT('',#7289);
#2831=VERTEX_POINT('',#7296);
#2832=VERTEX_POINT('',#7304);
#2833=VERTEX_POINT('',#7311);
#2834=VERTEX_POINT('',#7313);
#2835=VERTEX_POINT('',#7318);
#2836=VERTEX_POINT('',#7325);
#2837=VERTEX_POINT('',#7331);
#2838=VERTEX_POINT('',#7337);
#2839=VERTEX_POINT('',#7342);
#2840=VERTEX_POINT('',#7347);
#2841=VERTEX_POINT('',#7352);
#2842=VERTEX_POINT('',#7354);
#2843=VERTEX_POINT('',#7397);
#2844=VERTEX_POINT('',#7399);
#2845=VERTEX_POINT('',#7404);
#2846=VERTEX_POINT('',#7406);
#2847=VERTEX_POINT('',#7411);
#2848=VERTEX_POINT('',#7413);
#2849=VERTEX_POINT('',#7418);
#2850=VERTEX_POINT('',#7420);
#2851=VERTEX_POINT('',#7425);
#2852=VERTEX_POINT('',#7427);
#2853=VERTEX_POINT('',#7432);
#2854=VERTEX_POINT('',#7437);
#2855=VERTEX_POINT('',#7444);
#2856=VERTEX_POINT('',#7450);
#2857=VERTEX_POINT('',#7463);
#2858=VERTEX_POINT('',#7468);
#2859=VERTEX_POINT('',#7470);
#2860=VERTEX_POINT('',#7482);
#2861=VERTEX_POINT('',#7487);
#2862=VERTEX_POINT('',#7494);
#2863=VERTEX_POINT('',#7499);
#2864=VERTEX_POINT('',#7504);
#2865=VERTEX_POINT('',#7506);
#2866=VERTEX_POINT('',#7511);
#2867=VERTEX_POINT('',#7513);
#2868=VERTEX_POINT('',#7518);
#2869=VERTEX_POINT('',#7520);
#2870=VERTEX_POINT('',#7530);
#2871=VERTEX_POINT('',#7531);
#2872=VERTEX_POINT('',#7534);
#2873=VERTEX_POINT('',#7536);
#2874=VERTEX_POINT('',#7540);
#2875=VERTEX_POINT('',#7542);
#2876=VERTEX_POINT('',#7546);
#2877=VERTEX_POINT('',#7548);
#2878=VERTEX_POINT('',#7550);
#2879=VERTEX_POINT('',#7552);
#2880=VERTEX_POINT('',#7556);
#2881=VERTEX_POINT('',#7558);
#2882=VERTEX_POINT('',#7609);
#2883=VERTEX_POINT('',#7610);
#2884=VERTEX_POINT('',#7615);
#2885=VERTEX_POINT('',#7617);
#2886=VERTEX_POINT('',#7625);
#2887=VERTEX_POINT('',#7630);
#2888=VERTEX_POINT('',#7639);
#2889=VERTEX_POINT('',#7653);
#2890=VERTEX_POINT('',#7655);
#2891=VERTEX_POINT('',#7660);
#2892=VERTEX_POINT('',#7674);
#2893=VERTEX_POINT('',#7683);
#2894=VERTEX_POINT('',#7688);
#2895=VERTEX_POINT('',#7696);
#2896=VERTEX_POINT('',#7698);
#2897=VERTEX_POINT('',#7713);
#2898=VERTEX_POINT('',#7715);
#2899=VERTEX_POINT('',#7718);
#2900=VERTEX_POINT('',#7720);
#2901=VERTEX_POINT('',#7722);
#2902=VERTEX_POINT('',#7724);
#2903=VERTEX_POINT('',#7726);
#2904=VERTEX_POINT('',#7728);
#2905=VERTEX_POINT('',#7741);
#2906=VERTEX_POINT('',#7743);
#2907=VERTEX_POINT('',#7745);
#2908=VERTEX_POINT('',#7747);
#2909=VERTEX_POINT('',#7751);
#2910=VERTEX_POINT('',#7753);
#2911=VERTEX_POINT('',#7755);
#2912=VERTEX_POINT('',#7757);
#2913=VERTEX_POINT('',#7761);
#2914=VERTEX_POINT('',#7768);
#2915=VERTEX_POINT('',#7783);
#2916=VERTEX_POINT('',#7784);
#2917=VERTEX_POINT('',#7958);
#2918=VERTEX_POINT('',#7959);
#2919=VERTEX_POINT('',#7978);
#2920=VERTEX_POINT('',#7979);
#2921=VERTEX_POINT('',#7986);
#2922=VERTEX_POINT('',#8111);
#2923=VERTEX_POINT('',#8161);
#2924=VERTEX_POINT('',#8211);
#2925=VERTEX_POINT('',#8430);
#2926=VERTEX_POINT('',#8432);
#2927=VERTEX_POINT('',#8611);
#2928=VERTEX_POINT('',#8612);
#2929=VERTEX_POINT('',#8615);
#2930=VERTEX_POINT('',#8663);
#2931=VERTEX_POINT('',#8892);
#2932=VERTEX_POINT('',#8932);
#2933=VERTEX_POINT('',#8934);
#2934=VERTEX_POINT('',#9046);
#2935=VERTEX_POINT('',#9048);
#2936=VERTEX_POINT('',#9052);
#2937=VERTEX_POINT('',#9308);
#2938=VERTEX_POINT('',#9309);
#2939=VERTEX_POINT('',#9311);
#2940=VERTEX_POINT('',#9582);
#2941=VERTEX_POINT('',#9586);
#2942=VERTEX_POINT('',#9592);
#2943=VERTEX_POINT('',#9601);
#2944=VERTEX_POINT('',#9621);
#2945=VERTEX_POINT('',#9628);
#2946=VERTEX_POINT('',#9630);
#2947=VERTEX_POINT('',#9636);
#2948=VERTEX_POINT('',#9638);
#2949=VERTEX_POINT('',#9640);
#2950=VERTEX_POINT('',#9645);
#2951=VERTEX_POINT('',#9647);
#2952=VERTEX_POINT('',#9654);
#2953=VERTEX_POINT('',#9660);
#2954=VERTEX_POINT('',#9662);
#2955=VERTEX_POINT('',#9668);
#2956=VERTEX_POINT('',#9673);
#2957=VERTEX_POINT('',#9678);
#2958=VERTEX_POINT('',#9682);
#2959=VERTEX_POINT('',#9684);
#2960=VERTEX_POINT('',#9687);
#2961=VERTEX_POINT('',#9689);
#2962=VERTEX_POINT('',#9691);
#2963=VERTEX_POINT('',#9693);
#2964=VERTEX_POINT('',#9713);
#2965=VERTEX_POINT('',#9714);
#2966=VERTEX_POINT('',#9722);
#2967=VERTEX_POINT('',#9724);
#2968=VERTEX_POINT('',#9731);
#2969=VERTEX_POINT('',#9733);
#2970=VERTEX_POINT('',#9755);
#2971=VERTEX_POINT('',#9756);
#2972=VERTEX_POINT('',#9761);
#2973=VERTEX_POINT('',#9772);
#2974=VERTEX_POINT('',#9774);
#2975=VERTEX_POINT('',#9798);
#2976=VERTEX_POINT('',#9800);
#2977=VERTEX_POINT('',#9808);
#2978=VERTEX_POINT('',#9815);
#2979=VERTEX_POINT('',#9821);
#2980=VERTEX_POINT('',#9823);
#2981=VERTEX_POINT('',#9830);
#2982=VERTEX_POINT('',#9837);
#2983=VERTEX_POINT('',#9839);
#2984=VERTEX_POINT('',#9843);
#2985=VERTEX_POINT('',#9844);
#2986=VERTEX_POINT('',#9850);
#2987=VERTEX_POINT('',#9856);
#2988=VERTEX_POINT('',#9868);
#2989=VERTEX_POINT('',#9869);
#2990=VERTEX_POINT('',#9872);
#2991=VERTEX_POINT('',#9874);
#2992=VERTEX_POINT('',#9876);
#2993=VERTEX_POINT('',#9881);
#2994=VERTEX_POINT('',#9883);
#2995=VERTEX_POINT('',#9886);
#2996=VERTEX_POINT('',#9888);
#2997=VERTEX_POINT('',#9899);
#2998=VERTEX_POINT('',#9901);
#2999=VERTEX_POINT('',#9914);
#3000=VERTEX_POINT('',#9925);
#3001=VERTEX_POINT('',#10064);
#3002=VERTEX_POINT('',#10149);
#3003=VERTEX_POINT('',#10153);
#3004=VERTEX_POINT('',#10155);
#3005=VERTEX_POINT('',#10159);
#3006=VERTEX_POINT('',#10164);
#3007=VERTEX_POINT('',#10171);
#3008=VERTEX_POINT('',#10179);
#3009=VERTEX_POINT('',#10186);
#3010=VERTEX_POINT('',#10193);
#3011=VERTEX_POINT('',#10200);
#3012=VERTEX_POINT('',#10201);
#3013=VERTEX_POINT('',#10206);
#3014=VERTEX_POINT('',#10217);
#3015=VERTEX_POINT('',#10219);
#3016=VERTEX_POINT('',#10221);
#3017=VERTEX_POINT('',#10223);
#3018=VERTEX_POINT('',#10232);
#3019=VERTEX_POINT('',#10235);
#3020=VERTEX_POINT('',#10256);
#3021=VERTEX_POINT('',#10263);
#3022=VERTEX_POINT('',#10264);
#3023=VERTEX_POINT('',#10269);
#3024=VERTEX_POINT('',#10272);
#3025=VERTEX_POINT('',#10284);
#3026=VERTEX_POINT('',#10289);
#3027=VERTEX_POINT('',#10291);
#3028=VERTEX_POINT('',#10301);
#3029=VERTEX_POINT('',#10306);
#3030=VERTEX_POINT('',#10314);
#3031=VERTEX_POINT('',#10319);
#3032=VERTEX_POINT('',#10326);
#3033=VERTEX_POINT('',#10330);
#3034=VERTEX_POINT('',#10331);
#3035=VERTEX_POINT('',#10340);
#3036=VERTEX_POINT('',#10343);
#3037=VERTEX_POINT('',#10353);
#3038=VERTEX_POINT('',#10354);
#3039=VERTEX_POINT('',#10356);
#3040=VERTEX_POINT('',#10407);
#3041=VERTEX_POINT('',#10417);
#3042=VERTEX_POINT('',#10422);
#3043=VERTEX_POINT('',#10747);
#3044=VERTEX_POINT('',#10749);
#3045=VERTEX_POINT('',#10753);
#3046=VERTEX_POINT('',#10755);
#3047=VERTEX_POINT('',#10757);
#3048=VERTEX_POINT('',#10761);
#3049=VERTEX_POINT('',#10768);
#3050=VERTEX_POINT('',#10772);
#3051=VERTEX_POINT('',#10776);
#3052=VERTEX_POINT('',#10780);
#3053=VERTEX_POINT('',#10823);
#3054=VERTEX_POINT('',#10824);
#3055=VERTEX_POINT('',#10836);
#3056=VERTEX_POINT('',#10838);
#3057=VERTEX_POINT('',#10871);
#3058=VERTEX_POINT('',#10873);
#3059=VERTEX_POINT('',#10906);
#3060=VERTEX_POINT('',#10907);
#3061=VERTEX_POINT('',#10912);
#3062=VERTEX_POINT('',#10924);
#3063=VERTEX_POINT('',#10926);
#3064=VERTEX_POINT('',#10934);
#3065=VERTEX_POINT('',#10970);
#3066=VERTEX_POINT('',#10972);
#3067=VERTEX_POINT('',#10989);
#3068=VERTEX_POINT('',#10991);
#3069=VERTEX_POINT('',#10998);
#3070=VERTEX_POINT('',#11013);
#3071=VERTEX_POINT('',#11027);
#3072=VERTEX_POINT('',#11255);
#3073=VERTEX_POINT('',#11259);
#3074=VERTEX_POINT('',#11266);
#3075=VERTEX_POINT('',#11267);
#3076=VERTEX_POINT('',#11269);
#3077=VERTEX_POINT('',#11271);
#3078=VERTEX_POINT('',#11275);
#3079=VERTEX_POINT('',#11277);
#3080=VERTEX_POINT('',#11281);
#3081=VERTEX_POINT('',#11285);
#3082=VERTEX_POINT('',#11289);
#3083=VERTEX_POINT('',#11295);
#3084=VERTEX_POINT('',#11305);
#3085=VERTEX_POINT('',#11306);
#3086=VERTEX_POINT('',#11308);
#3087=VERTEX_POINT('',#11310);
#3088=VERTEX_POINT('',#11314);
#3089=VERTEX_POINT('',#11316);
#3090=VERTEX_POINT('',#11320);
#3091=VERTEX_POINT('',#11324);
#3092=VERTEX_POINT('',#11328);
#3093=VERTEX_POINT('',#11334);
#3094=VERTEX_POINT('',#11344);
#3095=VERTEX_POINT('',#11348);
#3096=VERTEX_POINT('',#11352);
#3097=VERTEX_POINT('',#11356);
#3098=VERTEX_POINT('',#11360);
#3099=VERTEX_POINT('',#11364);
#3100=VERTEX_POINT('',#11370);
#3101=VERTEX_POINT('',#11374);
#3102=VERTEX_POINT('',#11378);
#3103=VERTEX_POINT('',#11385);
#3104=VERTEX_POINT('',#11389);
#3105=VERTEX_POINT('',#11393);
#3106=VERTEX_POINT('',#11397);
#3107=VERTEX_POINT('',#11401);
#3108=VERTEX_POINT('',#11405);
#3109=VERTEX_POINT('',#11423);
#3110=VERTEX_POINT('',#11424);
#3111=VERTEX_POINT('',#11426);
#3112=VERTEX_POINT('',#11430);
#3113=VERTEX_POINT('',#11434);
#3114=VERTEX_POINT('',#11436);
#3115=VERTEX_POINT('',#11440);
#3116=VERTEX_POINT('',#11442);
#3117=VERTEX_POINT('',#11446);
#3118=VERTEX_POINT('',#11448);
#3119=VERTEX_POINT('',#11461);
#3120=VERTEX_POINT('',#11463);
#3121=VERTEX_POINT('',#11478);
#3122=VERTEX_POINT('',#11480);
#3123=VERTEX_POINT('',#11486);
#3124=VERTEX_POINT('',#11488);
#3125=VERTEX_POINT('',#11492);
#3126=VERTEX_POINT('',#11494);
#3127=VERTEX_POINT('',#11498);
#3128=VERTEX_POINT('',#11502);
#3129=VERTEX_POINT('',#11506);
#3130=VERTEX_POINT('',#11517);
#3131=VERTEX_POINT('',#11530);
#3132=VERTEX_POINT('',#11543);
#3133=VERTEX_POINT('',#11549);
#3134=VERTEX_POINT('',#11553);
#3135=VERTEX_POINT('',#11564);
#3136=VERTEX_POINT('',#11577);
#3137=VERTEX_POINT('',#11583);
#3138=VERTEX_POINT('',#11604);
#3139=VERTEX_POINT('',#11605);
#3140=VERTEX_POINT('',#11607);
#3141=VERTEX_POINT('',#11609);
#3142=VERTEX_POINT('',#11613);
#3143=VERTEX_POINT('',#11615);
#3144=VERTEX_POINT('',#11619);
#3145=VERTEX_POINT('',#11621);
#3146=VERTEX_POINT('',#11634);
#3147=VERTEX_POINT('',#11636);
#3148=VERTEX_POINT('',#11642);
#3149=VERTEX_POINT('',#11644);
#3150=VERTEX_POINT('',#11648);
#3151=VERTEX_POINT('',#11650);
#3152=VERTEX_POINT('',#11654);
#3153=VERTEX_POINT('',#11656);
#3154=VERTEX_POINT('',#11669);
#3155=VERTEX_POINT('',#11671);
#3156=VERTEX_POINT('',#11686);
#3157=VERTEX_POINT('',#11688);
#3158=VERTEX_POINT('',#11694);
#3159=VERTEX_POINT('',#11696);
#3160=VERTEX_POINT('',#11700);
#3161=VERTEX_POINT('',#11704);
#3162=VERTEX_POINT('',#11708);
#3163=VERTEX_POINT('',#11719);
#3164=VERTEX_POINT('',#11732);
#3165=VERTEX_POINT('',#11738);
#3166=VERTEX_POINT('',#11742);
#3167=VERTEX_POINT('',#11746);
#3168=VERTEX_POINT('',#11750);
#3169=VERTEX_POINT('',#11756);
#3170=VERTEX_POINT('',#11760);
#3171=VERTEX_POINT('',#11764);
#3172=LINE('',#6316,#3658);
#3173=LINE('',#6319,#3659);
#3174=LINE('',#6325,#3660);
#3175=LINE('',#6327,#3661);
#3176=LINE('',#6332,#3662);
#3177=LINE('',#6334,#3663);
#3178=LINE('',#6336,#3664);
#3179=LINE('',#6338,#3665);
#3180=LINE('',#6340,#3666);
#3181=LINE('',#6342,#3667);
#3182=LINE('',#6344,#3668);
#3183=LINE('',#6346,#3669);
#3184=LINE('',#6348,#3670);
#3185=LINE('',#6350,#3671);
#3186=LINE('',#6352,#3672);
#3187=LINE('',#6354,#3673);
#3188=LINE('',#6356,#3674);
#3189=LINE('',#6358,#3675);
#3190=LINE('',#6360,#3676);
#3191=LINE('',#6392,#3677);
#3192=LINE('',#6394,#3678);
#3193=LINE('',#6396,#3679);
#3194=LINE('',#6398,#3680);
#3195=LINE('',#6400,#3681);
#3196=LINE('',#6402,#3682);
#3197=LINE('',#6414,#3683);
#3198=LINE('',#6416,#3684);
#3199=LINE('',#6418,#3685);
#3200=LINE('',#6420,#3686);
#3201=LINE('',#6422,#3687);
#3202=LINE('',#6424,#3688);
#3203=LINE('',#6426,#3689);
#3204=LINE('',#6428,#3690);
#3205=LINE('',#6430,#3691);
#3206=LINE('',#6432,#3692);
#3207=LINE('',#6434,#3693);
#3208=LINE('',#6436,#3694);
#3209=LINE('',#6438,#3695);
#3210=LINE('',#6440,#3696);
#3211=LINE('',#6442,#3697);
#3212=LINE('',#6458,#3698);
#3213=LINE('',#6461,#3699);
#3214=LINE('',#6463,#3700);
#3215=LINE('',#6465,#3701);
#3216=LINE('',#6468,#3702);
#3217=LINE('',#6470,#3703);
#3218=LINE('',#6472,#3704);
#3219=LINE('',#6474,#3705);
#3220=LINE('',#6476,#3706);
#3221=LINE('',#6478,#3707);
#3222=LINE('',#6481,#3708);
#3223=LINE('',#6483,#3709);
#3224=LINE('',#6485,#3710);
#3225=LINE('',#6487,#3711);
#3226=LINE('',#6490,#3712);
#3227=LINE('',#6492,#3713);
#3228=LINE('',#6494,#3714);
#3229=LINE('',#6526,#3715);
#3230=LINE('',#6538,#3716);
#3231=LINE('',#6557,#3717);
#3232=LINE('',#6607,#3718);
#3233=LINE('',#6634,#3719);
#3234=LINE('',#6644,#3720);
#3235=LINE('',#6661,#3721);
#3236=LINE('',#6664,#3722);
#3237=LINE('',#6665,#3723);
#3238=LINE('',#6667,#3724);
#3239=LINE('',#6669,#3725);
#3240=LINE('',#6670,#3726);
#3241=LINE('',#6672,#3727);
#3242=LINE('',#6674,#3728);
#3243=LINE('',#6675,#3729);
#3244=LINE('',#6677,#3730);
#3245=LINE('',#6679,#3731);
#3246=LINE('',#6680,#3732);
#3247=LINE('',#6682,#3733);
#3248=LINE('',#6684,#3734);
#3249=LINE('',#6685,#3735);
#3250=LINE('',#6687,#3736);
#3251=LINE('',#6689,#3737);
#3252=LINE('',#6691,#3738);
#3253=LINE('',#6693,#3739);
#3254=LINE('',#6695,#3740);
#3255=LINE('',#6697,#3741);
#3256=LINE('',#6699,#3742);
#3257=LINE('',#6701,#3743);
#3258=LINE('',#6702,#3744);
#3259=LINE('',#6704,#3745);
#3260=LINE('',#6706,#3746);
#3261=LINE('',#6707,#3747);
#3262=LINE('',#6709,#3748);
#3263=LINE('',#6711,#3749);
#3264=LINE('',#6712,#3750);
#3265=LINE('',#6714,#3751);
#3266=LINE('',#6716,#3752);
#3267=LINE('',#6717,#3753);
#3268=LINE('',#6719,#3754);
#3269=LINE('',#6721,#3755);
#3270=LINE('',#6722,#3756);
#3271=LINE('',#6724,#3757);
#3272=LINE('',#6726,#3758);
#3273=LINE('',#6727,#3759);
#3274=LINE('',#6729,#3760);
#3275=LINE('',#6731,#3761);
#3276=LINE('',#6732,#3762);
#3277=LINE('',#6734,#3763);
#3278=LINE('',#6736,#3764);
#3279=LINE('',#6737,#3765);
#3280=LINE('',#6738,#3766);
#3281=LINE('',#6868,#3767);
#3282=LINE('',#6927,#3768);
#3283=LINE('',#6929,#3769);
#3284=LINE('',#6957,#3770);
#3285=LINE('',#7058,#3771);
#3286=LINE('',#7060,#3772);
#3287=LINE('',#7129,#3773);
#3288=LINE('',#7131,#3774);
#3289=LINE('',#7229,#3775);
#3290=LINE('',#7236,#3776);
#3291=LINE('',#7239,#3777);
#3292=LINE('',#7241,#3778);
#3293=LINE('',#7243,#3779);
#3294=LINE('',#7245,#3780);
#3295=LINE('',#7248,#3781);
#3296=LINE('',#7250,#3782);
#3297=LINE('',#7252,#3783);
#3298=LINE('',#7271,#3784);
#3299=LINE('',#7283,#3785);
#3300=LINE('',#7312,#3786);
#3301=LINE('',#7353,#3787);
#3302=LINE('',#7398,#3788);
#3303=LINE('',#7405,#3789);
#3304=LINE('',#7412,#3790);
#3305=LINE('',#7419,#3791);
#3306=LINE('',#7426,#3792);
#3307=LINE('',#7469,#3793);
#3308=LINE('',#7505,#3794);
#3309=LINE('',#7512,#3795);
#3310=LINE('',#7519,#3796);
#3311=LINE('',#7526,#3797);
#3312=LINE('',#7527,#3798);
#3313=LINE('',#7529,#3799);
#3314=LINE('',#7532,#3800);
#3315=LINE('',#7533,#3801);
#3316=LINE('',#7535,#3802);
#3317=LINE('',#7537,#3803);
#3318=LINE('',#7539,#3804);
#3319=LINE('',#7541,#3805);
#3320=LINE('',#7543,#3806);
#3321=LINE('',#7545,#3807);
#3322=LINE('',#7547,#3808);
#3323=LINE('',#7549,#3809);
#3324=LINE('',#7551,#3810);
#3325=LINE('',#7553,#3811);
#3326=LINE('',#7555,#3812);
#3327=LINE('',#7557,#3813);
#3328=LINE('',#7559,#3814);
#3329=LINE('',#7616,#3815);
#3330=LINE('',#7654,#3816);
#3331=LINE('',#7697,#3817);
#3332=LINE('',#7712,#3818);
#3333=LINE('',#7714,#3819);
#3334=LINE('',#7716,#3820);
#3335=LINE('',#7717,#3821);
#3336=LINE('',#7719,#3822);
#3337=LINE('',#7721,#3823);
#3338=LINE('',#7723,#3824);
#3339=LINE('',#7725,#3825);
#3340=LINE('',#7727,#3826);
#3341=LINE('',#7729,#3827);
#3342=LINE('',#7731,#3828);
#3343=LINE('',#7732,#3829);
#3344=LINE('',#7734,#3830);
#3345=LINE('',#7735,#3831);
#3346=LINE('',#7737,#3832);
#3347=LINE('',#7738,#3833);
#3348=LINE('',#7740,#3834);
#3349=LINE('',#7742,#3835);
#3350=LINE('',#7744,#3836);
#3351=LINE('',#7746,#3837);
#3352=LINE('',#7748,#3838);
#3353=LINE('',#7750,#3839);
#3354=LINE('',#7752,#3840);
#3355=LINE('',#7754,#3841);
#3356=LINE('',#7756,#3842);
#3357=LINE('',#7758,#3843);
#3358=LINE('',#7760,#3844);
#3359=LINE('',#7762,#3845);
#3360=LINE('',#7773,#3846);
#3361=LINE('',#7775,#3847);
#3362=LINE('',#7777,#3848);
#3363=LINE('',#7789,#3849);
#3364=LINE('',#7795,#3850);
#3365=LINE('',#7797,#3851);
#3366=LINE('',#7799,#3852);
#3367=LINE('',#7801,#3853);
#3368=LINE('',#7977,#3854);
#3369=LINE('',#8210,#3855);
#3370=LINE('',#8431,#3856);
#3371=LINE('',#8433,#3857);
#3372=LINE('',#8540,#3858);
#3373=LINE('',#8541,#3859);
#3374=LINE('',#8610,#3860);
#3375=LINE('',#8613,#3861);
#3376=LINE('',#8614,#3862);
#3377=LINE('',#8836,#3863);
#3378=LINE('',#8863,#3864);
#3379=LINE('',#8891,#3865);
#3380=LINE('',#8933,#3866);
#3381=LINE('',#9045,#3867);
#3382=LINE('',#9047,#3868);
#3383=LINE('',#9049,#3869);
#3384=LINE('',#9051,#3870);
#3385=LINE('',#9053,#3871);
#3386=LINE('',#9307,#3872);
#3387=LINE('',#9310,#3873);
#3388=LINE('',#9312,#3874);
#3389=LINE('',#9581,#3875);
#3390=LINE('',#9583,#3876);
#3391=LINE('',#9585,#3877);
#3392=LINE('',#9629,#3878);
#3393=LINE('',#9637,#3879);
#3394=LINE('',#9639,#3880);
#3395=LINE('',#9646,#3881);
#3396=LINE('',#9661,#3882);
#3397=LINE('',#9679,#3883);
#3398=LINE('',#9681,#3884);
#3399=LINE('',#9683,#3885);
#3400=LINE('',#9685,#3886);
#3401=LINE('',#9686,#3887);
#3402=LINE('',#9688,#3888);
#3403=LINE('',#9690,#3889);
#3404=LINE('',#9692,#3890);
#3405=LINE('',#9694,#3891);
#3406=LINE('',#9715,#3892);
#3407=LINE('',#9716,#3893);
#3408=LINE('',#9723,#3894);
#3409=LINE('',#9730,#3895);
#3410=LINE('',#9732,#3896);
#3411=LINE('',#9749,#3897);
#3412=LINE('',#9762,#3898);
#3413=LINE('',#9771,#3899);
#3414=LINE('',#9773,#3900);
#3415=LINE('',#9799,#3901);
#3416=LINE('',#9807,#3902);
#3417=LINE('',#9814,#3903);
#3418=LINE('',#9822,#3904);
#3419=LINE('',#9836,#3905);
#3420=LINE('',#9838,#3906);
#3421=LINE('',#9840,#3907);
#3422=LINE('',#9842,#3908);
#3423=LINE('',#9845,#3909);
#3424=LINE('',#9862,#3910);
#3425=LINE('',#9863,#3911);
#3426=LINE('',#9864,#3912);
#3427=LINE('',#9865,#3913);
#3428=LINE('',#9867,#3914);
#3429=LINE('',#9870,#3915);
#3430=LINE('',#9871,#3916);
#3431=LINE('',#9873,#3917);
#3432=LINE('',#9875,#3918);
#3433=LINE('',#9877,#3919);
#3434=LINE('',#9879,#3920);
#3435=LINE('',#9880,#3921);
#3436=LINE('',#9882,#3922);
#3437=LINE('',#9884,#3923);
#3438=LINE('',#9885,#3924);
#3439=LINE('',#9887,#3925);
#3440=LINE('',#9889,#3926);
#3441=LINE('',#9891,#3927);
#3442=LINE('',#9893,#3928);
#3443=LINE('',#9895,#3929);
#3444=LINE('',#9898,#3930);
#3445=LINE('',#9900,#3931);
#3446=LINE('',#9902,#3932);
#3447=LINE('',#9903,#3933);
#3448=LINE('',#9904,#3934);
#3449=LINE('',#9999,#3935);
#3450=LINE('',#10000,#3936);
#3451=LINE('',#10011,#3937);
#3452=LINE('',#10092,#3938);
#3453=LINE('',#10104,#3939);
#3454=LINE('',#10138,#3940);
#3455=LINE('',#10139,#3941);
#3456=LINE('',#10143,#3942);
#3457=LINE('',#10144,#3943);
#3458=LINE('',#10148,#3944);
#3459=LINE('',#10150,#3945);
#3460=LINE('',#10152,#3946);
#3461=LINE('',#10154,#3947);
#3462=LINE('',#10156,#3948);
#3463=LINE('',#10165,#3949);
#3464=LINE('',#10180,#3950);
#3465=LINE('',#10194,#3951);
#3466=LINE('',#10207,#3952);
#3467=LINE('',#10218,#3953);
#3468=LINE('',#10220,#3954);
#3469=LINE('',#10222,#3955);
#3470=LINE('',#10233,#3956);
#3471=LINE('',#10234,#3957);
#3472=LINE('',#10270,#3958);
#3473=LINE('',#10271,#3959);
#3474=LINE('',#10290,#3960);
#3475=LINE('',#10292,#3961);
#3476=LINE('',#10307,#3962);
#3477=LINE('',#10308,#3963);
#3478=LINE('',#10320,#3964);
#3479=LINE('',#10327,#3965);
#3480=LINE('',#10329,#3966);
#3481=LINE('',#10341,#3967);
#3482=LINE('',#10342,#3968);
#3483=LINE('',#10344,#3969);
#3484=LINE('',#10355,#3970);
#3485=LINE('',#10357,#3971);
#3486=LINE('',#10372,#3972);
#3487=LINE('',#10373,#3973);
#3488=LINE('',#10375,#3974);
#3489=LINE('',#10376,#3975);
#3490=LINE('',#10746,#3976);
#3491=LINE('',#10748,#3977);
#3492=LINE('',#10750,#3978);
#3493=LINE('',#10756,#3979);
#3494=LINE('',#10758,#3980);
#3495=LINE('',#10760,#3981);
#3496=LINE('',#10762,#3982);
#3497=LINE('',#10764,#3983);
#3498=LINE('',#10775,#3984);
#3499=LINE('',#10777,#3985);
#3500=LINE('',#10779,#3986);
#3501=LINE('',#10781,#3987);
#3502=LINE('',#10783,#3988);
#3503=LINE('',#10785,#3989);
#3504=LINE('',#10822,#3990);
#3505=LINE('',#10837,#3991);
#3506=LINE('',#10872,#3992);
#3507=LINE('',#10925,#3993);
#3508=LINE('',#10935,#3994);
#3509=LINE('',#10971,#3995);
#3510=LINE('',#10990,#3996);
#3511=LINE('',#10992,#3997);
#3512=LINE('',#11003,#3998);
#3513=LINE('',#11009,#3999);
#3514=LINE('',#11011,#4000);
#3515=LINE('',#11012,#4001);
#3516=LINE('',#11014,#4002);
#3517=LINE('',#11021,#4003);
#3518=LINE('',#11254,#4004);
#3519=LINE('',#11256,#4005);
#3520=LINE('',#11258,#4006);
#3521=LINE('',#11260,#4007);
#3522=LINE('',#11262,#4008);
#3523=LINE('',#11265,#4009);
#3524=LINE('',#11268,#4010);
#3525=LINE('',#11270,#4011);
#3526=LINE('',#11272,#4012);
#3527=LINE('',#11274,#4013);
#3528=LINE('',#11276,#4014);
#3529=LINE('',#11278,#4015);
#3530=LINE('',#11280,#4016);
#3531=LINE('',#11282,#4017);
#3532=LINE('',#11284,#4018);
#3533=LINE('',#11286,#4019);
#3534=LINE('',#11288,#4020);
#3535=LINE('',#11290,#4021);
#3536=LINE('',#11292,#4022);
#3537=LINE('',#11294,#4023);
#3538=LINE('',#11296,#4024);
#3539=LINE('',#11298,#4025);
#3540=LINE('',#11300,#4026);
#3541=LINE('',#11301,#4027);
#3542=LINE('',#11304,#4028);
#3543=LINE('',#11307,#4029);
#3544=LINE('',#11309,#4030);
#3545=LINE('',#11311,#4031);
#3546=LINE('',#11313,#4032);
#3547=LINE('',#11315,#4033);
#3548=LINE('',#11317,#4034);
#3549=LINE('',#11319,#4035);
#3550=LINE('',#11321,#4036);
#3551=LINE('',#11323,#4037);
#3552=LINE('',#11325,#4038);
#3553=LINE('',#11327,#4039);
#3554=LINE('',#11329,#4040);
#3555=LINE('',#11331,#4041);
#3556=LINE('',#11333,#4042);
#3557=LINE('',#11335,#4043);
#3558=LINE('',#11337,#4044);
#3559=LINE('',#11339,#4045);
#3560=LINE('',#11340,#4046);
#3561=LINE('',#11343,#4047);
#3562=LINE('',#11345,#4048);
#3563=LINE('',#11347,#4049);
#3564=LINE('',#11349,#4050);
#3565=LINE('',#11351,#4051);
#3566=LINE('',#11353,#4052);
#3567=LINE('',#11355,#4053);
#3568=LINE('',#11357,#4054);
#3569=LINE('',#11359,#4055);
#3570=LINE('',#11361,#4056);
#3571=LINE('',#11363,#4057);
#3572=LINE('',#11365,#4058);
#3573=LINE('',#11367,#4059);
#3574=LINE('',#11369,#4060);
#3575=LINE('',#11371,#4061);
#3576=LINE('',#11373,#4062);
#3577=LINE('',#11375,#4063);
#3578=LINE('',#11377,#4064);
#3579=LINE('',#11379,#4065);
#3580=LINE('',#11381,#4066);
#3581=LINE('',#11384,#4067);
#3582=LINE('',#11386,#4068);
#3583=LINE('',#11388,#4069);
#3584=LINE('',#11390,#4070);
#3585=LINE('',#11392,#4071);
#3586=LINE('',#11394,#4072);
#3587=LINE('',#11396,#4073);
#3588=LINE('',#11398,#4074);
#3589=LINE('',#11400,#4075);
#3590=LINE('',#11402,#4076);
#3591=LINE('',#11404,#4077);
#3592=LINE('',#11406,#4078);
#3593=LINE('',#11408,#4079);
#3594=LINE('',#11410,#4080);
#3595=LINE('',#11425,#4081);
#3596=LINE('',#11431,#4082);
#3597=LINE('',#11433,#4083);
#3598=LINE('',#11435,#4084);
#3599=LINE('',#11437,#4085);
#3600=LINE('',#11439,#4086);
#3601=LINE('',#11441,#4087);
#3602=LINE('',#11443,#4088);
#3603=LINE('',#11445,#4089);
#3604=LINE('',#11447,#4090);
#3605=LINE('',#11449,#4091);
#3606=LINE('',#11462,#4092);
#3607=LINE('',#11479,#4093);
#3608=LINE('',#11487,#4094);
#3609=LINE('',#11493,#4095);
#3610=LINE('',#11497,#4096);
#3611=LINE('',#11501,#4097);
#3612=LINE('',#11505,#4098);
#3613=LINE('',#11516,#4099);
#3614=LINE('',#11529,#4100);
#3615=LINE('',#11542,#4101);
#3616=LINE('',#11548,#4102);
#3617=LINE('',#11552,#4103);
#3618=LINE('',#11563,#4104);
#3619=LINE('',#11576,#4105);
#3620=LINE('',#11582,#4106);
#3621=LINE('',#11584,#4107);
#3622=LINE('',#11586,#4108);
#3623=LINE('',#11603,#4109);
#3624=LINE('',#11606,#4110);
#3625=LINE('',#11608,#4111);
#3626=LINE('',#11610,#4112);
#3627=LINE('',#11612,#4113);
#3628=LINE('',#11614,#4114);
#3629=LINE('',#11616,#4115);
#3630=LINE('',#11618,#4116);
#3631=LINE('',#11620,#4117);
#3632=LINE('',#11622,#4118);
#3633=LINE('',#11635,#4119);
#3634=LINE('',#11643,#4120);
#3635=LINE('',#11649,#4121);
#3636=LINE('',#11655,#4122);
#3637=LINE('',#11670,#4123);
#3638=LINE('',#11687,#4124);
#3639=LINE('',#11695,#4125);
#3640=LINE('',#11699,#4126);
#3641=LINE('',#11701,#4127);
#3642=LINE('',#11703,#4128);
#3643=LINE('',#11705,#4129);
#3644=LINE('',#11707,#4130);
#3645=LINE('',#11718,#4131);
#3646=LINE('',#11731,#4132);
#3647=LINE('',#11737,#4133);
#3648=LINE('',#11741,#4134);
#3649=LINE('',#11745,#4135);
#3650=LINE('',#11749,#4136);
#3651=LINE('',#11751,#4137);
#3652=LINE('',#11753,#4138);
#3653=LINE('',#11755,#4139);
#3654=LINE('',#11757,#4140);
#3655=LINE('',#11759,#4141);
#3656=LINE('',#11761,#4142);
#3657=LINE('',#11763,#4143);
#3658=VECTOR('',#5364,1.);
#3659=VECTOR('',#5365,1.);
#3660=VECTOR('',#5370,1.);
#3661=VECTOR('',#5371,1.);
#3662=VECTOR('',#5376,1.);
#3663=VECTOR('',#5377,1.);
#3664=VECTOR('',#5378,1.);
#3665=VECTOR('',#5379,1.);
#3666=VECTOR('',#5380,1.);
#3667=VECTOR('',#5381,1.);
#3668=VECTOR('',#5382,1.);
#3669=VECTOR('',#5383,1.);
#3670=VECTOR('',#5384,1.);
#3671=VECTOR('',#5385,1.);
#3672=VECTOR('',#5386,1.);
#3673=VECTOR('',#5387,1.);
#3674=VECTOR('',#5388,1.);
#3675=VECTOR('',#5389,1.);
#3676=VECTOR('',#5390,1.);
#3677=VECTOR('',#5401,1.);
#3678=VECTOR('',#5402,1.);
#3679=VECTOR('',#5403,1.);
#3680=VECTOR('',#5404,1.);
#3681=VECTOR('',#5405,1.);
#3682=VECTOR('',#5406,1.);
#3683=VECTOR('',#5407,1.);
#3684=VECTOR('',#5408,1.);
#3685=VECTOR('',#5409,1.);
#3686=VECTOR('',#5410,1.);
#3687=VECTOR('',#5411,1.);
#3688=VECTOR('',#5412,1.);
#3689=VECTOR('',#5413,1.);
#3690=VECTOR('',#5414,1.);
#3691=VECTOR('',#5415,1.);
#3692=VECTOR('',#5416,1.);
#3693=VECTOR('',#5417,1.);
#3694=VECTOR('',#5418,1.);
#3695=VECTOR('',#5419,1.);
#3696=VECTOR('',#5420,1.);
#3697=VECTOR('',#5421,1.);
#3698=VECTOR('',#5430,1.);
#3699=VECTOR('',#5431,1.);
#3700=VECTOR('',#5432,1.);
#3701=VECTOR('',#5435,1.);
#3702=VECTOR('',#5436,1.);
#3703=VECTOR('',#5437,1.);
#3704=VECTOR('',#5438,1.);
#3705=VECTOR('',#5439,1.);
#3706=VECTOR('',#5440,1.);
#3707=VECTOR('',#5443,1.);
#3708=VECTOR('',#5444,1.);
#3709=VECTOR('',#5445,1.);
#3710=VECTOR('',#5446,1.);
#3711=VECTOR('',#5449,1.);
#3712=VECTOR('',#5450,1.);
#3713=VECTOR('',#5451,1.);
#3714=VECTOR('',#5452,1.);
#3715=VECTOR('',#5453,1.);
#3716=VECTOR('',#5454,1.);
#3717=VECTOR('',#5455,1.);
#3718=VECTOR('',#5456,1.);
#3719=VECTOR('',#5457,1.);
#3720=VECTOR('',#5458,1.);
#3721=VECTOR('',#5461,1.);
#3722=VECTOR('',#5462,1.);
#3723=VECTOR('',#5463,1.);
#3724=VECTOR('',#5464,1.);
#3725=VECTOR('',#5465,1.);
#3726=VECTOR('',#5466,1.);
#3727=VECTOR('',#5467,1.);
#3728=VECTOR('',#5468,1.);
#3729=VECTOR('',#5469,1.);
#3730=VECTOR('',#5470,1.);
#3731=VECTOR('',#5471,1.);
#3732=VECTOR('',#5472,1.);
#3733=VECTOR('',#5473,1.);
#3734=VECTOR('',#5474,1.);
#3735=VECTOR('',#5475,1.);
#3736=VECTOR('',#5476,1.);
#3737=VECTOR('',#5477,1.);
#3738=VECTOR('',#5478,1.);
#3739=VECTOR('',#5479,1.);
#3740=VECTOR('',#5480,1.);
#3741=VECTOR('',#5481,1.);
#3742=VECTOR('',#5482,1.);
#3743=VECTOR('',#5483,1.);
#3744=VECTOR('',#5484,1.);
#3745=VECTOR('',#5485,1.);
#3746=VECTOR('',#5486,1.);
#3747=VECTOR('',#5487,1.);
#3748=VECTOR('',#5488,1.);
#3749=VECTOR('',#5489,1.);
#3750=VECTOR('',#5490,1.);
#3751=VECTOR('',#5491,1.);
#3752=VECTOR('',#5492,1.);
#3753=VECTOR('',#5493,1.);
#3754=VECTOR('',#5494,1.);
#3755=VECTOR('',#5495,1.);
#3756=VECTOR('',#5496,1.);
#3757=VECTOR('',#5497,1.);
#3758=VECTOR('',#5498,1.);
#3759=VECTOR('',#5499,1.);
#3760=VECTOR('',#5500,1.);
#3761=VECTOR('',#5501,1.);
#3762=VECTOR('',#5502,1.);
#3763=VECTOR('',#5503,1.);
#3764=VECTOR('',#5504,1.);
#3765=VECTOR('',#5505,1.);
#3766=VECTOR('',#5506,1.);
#3767=VECTOR('',#5507,1.);
#3768=VECTOR('',#5508,1.);
#3769=VECTOR('',#5509,1.);
#3770=VECTOR('',#5510,1.);
#3771=VECTOR('',#5511,1.);
#3772=VECTOR('',#5512,1.);
#3773=VECTOR('',#5513,1.);
#3774=VECTOR('',#5514,1.);
#3775=VECTOR('',#5515,1.);
#3776=VECTOR('',#5518,1.);
#3777=VECTOR('',#5519,1.);
#3778=VECTOR('',#5520,1.);
#3779=VECTOR('',#5521,1.);
#3780=VECTOR('',#5524,1.);
#3781=VECTOR('',#5525,1.);
#3782=VECTOR('',#5526,1.);
#3783=VECTOR('',#5527,1.);
#3784=VECTOR('',#5528,1.);
#3785=VECTOR('',#5529,1.);
#3786=VECTOR('',#5530,1.);
#3787=VECTOR('',#5531,1.);
#3788=VECTOR('',#5532,1.);
#3789=VECTOR('',#5533,1.);
#3790=VECTOR('',#5534,1.);
#3791=VECTOR('',#5535,1.);
#3792=VECTOR('',#5536,1.);
#3793=VECTOR('',#5537,1.);
#3794=VECTOR('',#5538,1.);
#3795=VECTOR('',#5539,1.);
#3796=VECTOR('',#5540,1.);
#3797=VECTOR('',#5543,1.);
#3798=VECTOR('',#5544,1.);
#3799=VECTOR('',#5547,1.);
#3800=VECTOR('',#5548,1.);
#3801=VECTOR('',#5549,1.);
#3802=VECTOR('',#5550,1.);
#3803=VECTOR('',#5551,1.);
#3804=VECTOR('',#5554,1.);
#3805=VECTOR('',#5555,1.);
#3806=VECTOR('',#5556,1.);
#3807=VECTOR('',#5559,1.);
#3808=VECTOR('',#5560,1.);
#3809=VECTOR('',#5561,1.);
#3810=VECTOR('',#5562,1.);
#3811=VECTOR('',#5563,1.);
#3812=VECTOR('',#5566,1.);
#3813=VECTOR('',#5567,1.);
#3814=VECTOR('',#5568,1.);
#3815=VECTOR('',#5569,1.);
#3816=VECTOR('',#5570,1.);
#3817=VECTOR('',#5571,1.);
#3818=VECTOR('',#5574,1.);
#3819=VECTOR('',#5575,1.);
#3820=VECTOR('',#5576,1.);
#3821=VECTOR('',#5577,1.);
#3822=VECTOR('',#5578,1.);
#3823=VECTOR('',#5579,1.);
#3824=VECTOR('',#5580,1.);
#3825=VECTOR('',#5581,1.);
#3826=VECTOR('',#5582,1.);
#3827=VECTOR('',#5583,1.);
#3828=VECTOR('',#5586,1.);
#3829=VECTOR('',#5587,1.);
#3830=VECTOR('',#5590,1.);
#3831=VECTOR('',#5591,1.);
#3832=VECTOR('',#5594,1.);
#3833=VECTOR('',#5595,1.);
#3834=VECTOR('',#5598,1.);
#3835=VECTOR('',#5599,1.);
#3836=VECTOR('',#5600,1.);
#3837=VECTOR('',#5601,1.);
#3838=VECTOR('',#5602,1.);
#3839=VECTOR('',#5605,1.);
#3840=VECTOR('',#5606,1.);
#3841=VECTOR('',#5607,1.);
#3842=VECTOR('',#5608,1.);
#3843=VECTOR('',#5609,1.);
#3844=VECTOR('',#5612,1.);
#3845=VECTOR('',#5613,1.);
#3846=VECTOR('',#5616,1.);
#3847=VECTOR('',#5619,1.);
#3848=VECTOR('',#5622,1.);
#3849=VECTOR('',#5625,1.);
#3850=VECTOR('',#5628,1.);
#3851=VECTOR('',#5631,1.);
#3852=VECTOR('',#5634,1.);
#3853=VECTOR('',#5637,1.);
#3854=VECTOR('',#5644,1.);
#3855=VECTOR('',#5645,1.);
#3856=VECTOR('',#5646,1.);
#3857=VECTOR('',#5647,1.);
#3858=VECTOR('',#5648,1.);
#3859=VECTOR('',#5649,1.);
#3860=VECTOR('',#5650,1.);
#3861=VECTOR('',#5651,1.);
#3862=VECTOR('',#5652,1.);
#3863=VECTOR('',#5653,1.);
#3864=VECTOR('',#5654,1.);
#3865=VECTOR('',#5657,1.);
#3866=VECTOR('',#5658,1.);
#3867=VECTOR('',#5661,1.);
#3868=VECTOR('',#5662,1.);
#3869=VECTOR('',#5663,1.);
#3870=VECTOR('',#5666,1.);
#3871=VECTOR('',#5667,1.);
#3872=VECTOR('',#5670,1.);
#3873=VECTOR('',#5671,1.);
#3874=VECTOR('',#5672,1.);
#3875=VECTOR('',#5675,1.);
#3876=VECTOR('',#5676,1.);
#3877=VECTOR('',#5679,1.);
#3878=VECTOR('',#5680,1.);
#3879=VECTOR('',#5681,1.);
#3880=VECTOR('',#5682,1.);
#3881=VECTOR('',#5683,1.);
#3882=VECTOR('',#5684,1.);
#3883=VECTOR('',#5685,1.);
#3884=VECTOR('',#5688,1.);
#3885=VECTOR('',#5689,1.);
#3886=VECTOR('',#5690,1.);
#3887=VECTOR('',#5691,1.);
#3888=VECTOR('',#5692,1.);
#3889=VECTOR('',#5693,1.);
#3890=VECTOR('',#5694,1.);
#3891=VECTOR('',#5695,1.);
#3892=VECTOR('',#5696,1.);
#3893=VECTOR('',#5697,1.);
#3894=VECTOR('',#5700,1.);
#3895=VECTOR('',#5703,1.);
#3896=VECTOR('',#5704,1.);
#3897=VECTOR('',#5705,1.);
#3898=VECTOR('',#5708,1.);
#3899=VECTOR('',#5709,1.);
#3900=VECTOR('',#5710,1.);
#3901=VECTOR('',#5711,1.);
#3902=VECTOR('',#5714,1.);
#3903=VECTOR('',#5717,1.);
#3904=VECTOR('',#5718,1.);
#3905=VECTOR('',#5719,1.);
#3906=VECTOR('',#5720,1.);
#3907=VECTOR('',#5721,1.);
#3908=VECTOR('',#5724,1.);
#3909=VECTOR('',#5725,1.);
#3910=VECTOR('',#5728,1.);
#3911=VECTOR('',#5729,1.);
#3912=VECTOR('',#5730,1.);
#3913=VECTOR('',#5731,1.);
#3914=VECTOR('',#5734,1.);
#3915=VECTOR('',#5735,1.);
#3916=VECTOR('',#5736,1.);
#3917=VECTOR('',#5737,1.);
#3918=VECTOR('',#5738,1.);
#3919=VECTOR('',#5739,1.);
#3920=VECTOR('',#5742,1.);
#3921=VECTOR('',#5743,1.);
#3922=VECTOR('',#5744,1.);
#3923=VECTOR('',#5745,1.);
#3924=VECTOR('',#5746,1.);
#3925=VECTOR('',#5747,1.);
#3926=VECTOR('',#5748,1.);
#3927=VECTOR('',#5751,1.);
#3928=VECTOR('',#5754,1.);
#3929=VECTOR('',#5757,1.);
#3930=VECTOR('',#5762,1.);
#3931=VECTOR('',#5763,1.);
#3932=VECTOR('',#5764,1.);
#3933=VECTOR('',#5765,1.);
#3934=VECTOR('',#5766,1.);
#3935=VECTOR('',#5771,1.);
#3936=VECTOR('',#5772,1.);
#3937=VECTOR('',#5773,1.);
#3938=VECTOR('',#5776,1.);
#3939=VECTOR('',#5779,1.);
#3940=VECTOR('',#5782,1.);
#3941=VECTOR('',#5783,1.);
#3942=VECTOR('',#5790,1.);
#3943=VECTOR('',#5791,1.);
#3944=VECTOR('',#5798,1.);
#3945=VECTOR('',#5799,1.);
#3946=VECTOR('',#5802,1.);
#3947=VECTOR('',#5803,1.);
#3948=VECTOR('',#5804,1.);
#3949=VECTOR('',#5809,1.);
#3950=VECTOR('',#5812,1.);
#3951=VECTOR('',#5815,1.);
#3952=VECTOR('',#5818,1.);
#3953=VECTOR('',#5821,1.);
#3954=VECTOR('',#5822,1.);
#3955=VECTOR('',#5823,1.);
#3956=VECTOR('',#5824,1.);
#3957=VECTOR('',#5825,1.);
#3958=VECTOR('',#5834,1.);
#3959=VECTOR('',#5835,1.);
#3960=VECTOR('',#5838,1.);
#3961=VECTOR('',#5839,1.);
#3962=VECTOR('',#5842,1.);
#3963=VECTOR('',#5843,1.);
#3964=VECTOR('',#5846,1.);
#3965=VECTOR('',#5849,1.);
#3966=VECTOR('',#5852,1.);
#3967=VECTOR('',#5853,1.);
#3968=VECTOR('',#5854,1.);
#3969=VECTOR('',#5855,1.);
#3970=VECTOR('',#5858,1.);
#3971=VECTOR('',#5859,1.);
#3972=VECTOR('',#5866,1.);
#3973=VECTOR('',#5867,1.);
#3974=VECTOR('',#5870,1.);
#3975=VECTOR('',#5871,1.);
#3976=VECTOR('',#5880,1.);
#3977=VECTOR('',#5881,1.);
#3978=VECTOR('',#5882,1.);
#3979=VECTOR('',#5889,1.);
#3980=VECTOR('',#5890,1.);
#3981=VECTOR('',#5893,1.);
#3982=VECTOR('',#5894,1.);
#3983=VECTOR('',#5897,1.);
#3984=VECTOR('',#5914,1.);
#3985=VECTOR('',#5915,1.);
#3986=VECTOR('',#5918,1.);
#3987=VECTOR('',#5919,1.);
#3988=VECTOR('',#5922,1.);
#3989=VECTOR('',#5925,1.);
#3990=VECTOR('',#5930,1.);
#3991=VECTOR('',#5931,1.);
#3992=VECTOR('',#5932,1.);
#3993=VECTOR('',#5933,1.);
#3994=VECTOR('',#5934,1.);
#3995=VECTOR('',#5935,1.);
#3996=VECTOR('',#5938,1.);
#3997=VECTOR('',#5939,1.);
#3998=VECTOR('',#5942,1.);
#3999=VECTOR('',#5945,1.);
#4000=VECTOR('',#5948,1.);
#4001=VECTOR('',#5949,1.);
#4002=VECTOR('',#5950,1.);
#4003=VECTOR('',#5955,1.);
#4004=VECTOR('',#5960,1.);
#4005=VECTOR('',#5961,1.);
#4006=VECTOR('',#5964,1.);
#4007=VECTOR('',#5965,1.);
#4008=VECTOR('',#5968,1.);
#4009=VECTOR('',#5973,1.);
#4010=VECTOR('',#5974,1.);
#4011=VECTOR('',#5975,1.);
#4012=VECTOR('',#5976,1.);
#4013=VECTOR('',#5979,1.);
#4014=VECTOR('',#5980,1.);
#4015=VECTOR('',#5981,1.);
#4016=VECTOR('',#5984,1.);
#4017=VECTOR('',#5985,1.);
#4018=VECTOR('',#5988,1.);
#4019=VECTOR('',#5989,1.);
#4020=VECTOR('',#5992,1.);
#4021=VECTOR('',#5993,1.);
#4022=VECTOR('',#5996,1.);
#4023=VECTOR('',#5999,1.);
#4024=VECTOR('',#6000,1.);
#4025=VECTOR('',#6003,1.);
#4026=VECTOR('',#6006,1.);
#4027=VECTOR('',#6007,1.);
#4028=VECTOR('',#6012,1.);
#4029=VECTOR('',#6013,1.);
#4030=VECTOR('',#6014,1.);
#4031=VECTOR('',#6015,1.);
#4032=VECTOR('',#6018,1.);
#4033=VECTOR('',#6019,1.);
#4034=VECTOR('',#6020,1.);
#4035=VECTOR('',#6023,1.);
#4036=VECTOR('',#6024,1.);
#4037=VECTOR('',#6027,1.);
#4038=VECTOR('',#6028,1.);
#4039=VECTOR('',#6031,1.);
#4040=VECTOR('',#6032,1.);
#4041=VECTOR('',#6035,1.);
#4042=VECTOR('',#6038,1.);
#4043=VECTOR('',#6039,1.);
#4044=VECTOR('',#6042,1.);
#4045=VECTOR('',#6045,1.);
#4046=VECTOR('',#6046,1.);
#4047=VECTOR('',#6051,1.);
#4048=VECTOR('',#6052,1.);
#4049=VECTOR('',#6055,1.);
#4050=VECTOR('',#6056,1.);
#4051=VECTOR('',#6059,1.);
#4052=VECTOR('',#6060,1.);
#4053=VECTOR('',#6063,1.);
#4054=VECTOR('',#6064,1.);
#4055=VECTOR('',#6067,1.);
#4056=VECTOR('',#6068,1.);
#4057=VECTOR('',#6071,1.);
#4058=VECTOR('',#6072,1.);
#4059=VECTOR('',#6075,1.);
#4060=VECTOR('',#6078,1.);
#4061=VECTOR('',#6079,1.);
#4062=VECTOR('',#6082,1.);
#4063=VECTOR('',#6083,1.);
#4064=VECTOR('',#6086,1.);
#4065=VECTOR('',#6087,1.);
#4066=VECTOR('',#6090,1.);
#4067=VECTOR('',#6095,1.);
#4068=VECTOR('',#6096,1.);
#4069=VECTOR('',#6099,1.);
#4070=VECTOR('',#6100,1.);
#4071=VECTOR('',#6103,1.);
#4072=VECTOR('',#6104,1.);
#4073=VECTOR('',#6107,1.);
#4074=VECTOR('',#6108,1.);
#4075=VECTOR('',#6111,1.);
#4076=VECTOR('',#6112,1.);
#4077=VECTOR('',#6115,1.);
#4078=VECTOR('',#6116,1.);
#4079=VECTOR('',#6119,1.);
#4080=VECTOR('',#6122,1.);
#4081=VECTOR('',#6125,1.);
#4082=VECTOR('',#6126,1.);
#4083=VECTOR('',#6129,1.);
#4084=VECTOR('',#6130,1.);
#4085=VECTOR('',#6131,1.);
#4086=VECTOR('',#6134,1.);
#4087=VECTOR('',#6135,1.);
#4088=VECTOR('',#6136,1.);
#4089=VECTOR('',#6139,1.);
#4090=VECTOR('',#6140,1.);
#4091=VECTOR('',#6141,1.);
#4092=VECTOR('',#6142,1.);
#4093=VECTOR('',#6143,1.);
#4094=VECTOR('',#6148,1.);
#4095=VECTOR('',#6155,1.);
#4096=VECTOR('',#6160,1.);
#4097=VECTOR('',#6165,1.);
#4098=VECTOR('',#6170,1.);
#4099=VECTOR('',#6173,1.);
#4100=VECTOR('',#6174,1.);
#4101=VECTOR('',#6175,1.);
#4102=VECTOR('',#6178,1.);
#4103=VECTOR('',#6183,1.);
#4104=VECTOR('',#6186,1.);
#4105=VECTOR('',#6187,1.);
#4106=VECTOR('',#6190,1.);
#4107=VECTOR('',#6191,1.);
#4108=VECTOR('',#6194,1.);
#4109=VECTOR('',#6199,1.);
#4110=VECTOR('',#6200,1.);
#4111=VECTOR('',#6201,1.);
#4112=VECTOR('',#6202,1.);
#4113=VECTOR('',#6205,1.);
#4114=VECTOR('',#6206,1.);
#4115=VECTOR('',#6207,1.);
#4116=VECTOR('',#6210,1.);
#4117=VECTOR('',#6211,1.);
#4118=VECTOR('',#6212,1.);
#4119=VECTOR('',#6213,1.);
#4120=VECTOR('',#6218,1.);
#4121=VECTOR('',#6225,1.);
#4122=VECTOR('',#6232,1.);
#4123=VECTOR('',#6235,1.);
#4124=VECTOR('',#6236,1.);
#4125=VECTOR('',#6241,1.);
#4126=VECTOR('',#6246,1.);
#4127=VECTOR('',#6247,1.);
#4128=VECTOR('',#6250,1.);
#4129=VECTOR('',#6251,1.);
#4130=VECTOR('',#6254,1.);
#4131=VECTOR('',#6257,1.);
#4132=VECTOR('',#6258,1.);
#4133=VECTOR('',#6261,1.);
#4134=VECTOR('',#6266,1.);
#4135=VECTOR('',#6271,1.);
#4136=VECTOR('',#6276,1.);
#4137=VECTOR('',#6277,1.);
#4138=VECTOR('',#6280,1.);
#4139=VECTOR('',#6283,1.);
#4140=VECTOR('',#6284,1.);
#4141=VECTOR('',#6287,1.);
#4142=VECTOR('',#6288,1.);
#4143=VECTOR('',#6291,1.);
#4144=EDGE_LOOP('',(#378,#379,#380,#381,#382,#383));
#4145=EDGE_LOOP('',(#384,#385,#386,#387,#388,#389,#390,#391,#392,#393,#394,
#395,#396,#397,#398,#399,#400,#401,#402,#403,#404,#405,#406,#407,#408,#409,
#410,#411,#412,#413,#414,#415,#416,#417,#418,#419,#420,#421,#422,#423,#424,
#425,#426,#427,#428,#429,#430,#431,#432,#433,#434,#435,#436));
#4146=EDGE_LOOP('',(#437,#438,#439));
#4147=EDGE_LOOP('',(#440,#441,#442,#443,#444,#445));
#4148=EDGE_LOOP('',(#446,#447,#448,#449));
#4149=EDGE_LOOP('',(#450,#451,#452,#453));
#4150=EDGE_LOOP('',(#454,#455,#456,#457));
#4151=EDGE_LOOP('',(#458,#459,#460,#461,#462,#463,#464,#465,#466,#467,#468,
#469,#470,#471,#472,#473,#474,#475,#476,#477,#478));
#4152=EDGE_LOOP('',(#479,#480,#481,#482,#483,#484,#485,#486,#487,#488,#489,
#490,#491,#492,#493,#494,#495,#496,#497,#498,#499,#500,#501,#502,#503,#504,
#505,#506,#507,#508,#509,#510,#511,#512,#513,#514,#515,#516,#517,#518,#519,
#520,#521,#522,#523,#524,#525,#526,#527,#528,#529,#530,#531,#532,#533,#534,
#535,#536));
#4153=EDGE_LOOP('',(#537,#538,#539,#540,#541,#542,#543,#544,#545,#546,#547,
#548,#549,#550,#551,#552,#553,#554));
#4154=EDGE_LOOP('',(#555,#556,#557,#558,#559,#560,#561));
#4155=EDGE_LOOP('',(#562,#563,#564,#565));
#4156=EDGE_LOOP('',(#566,#567,#568,#569));
#4157=EDGE_LOOP('',(#570,#571,#572,#573,#574,#575,#576,#577,#578,#579,#580,
#581,#582,#583,#584,#585,#586,#587,#588));
#4158=EDGE_LOOP('',(#589,#590,#591,#592,#593,#594,#595,#596,#597,#598,#599,
#600,#601,#602,#603,#604,#605,#606,#607,#608,#609,#610,#611,#612,#613,#614,
#615,#616,#617));
#4159=EDGE_LOOP('',(#618,#619,#620,#621));
#4160=EDGE_LOOP('',(#622,#623,#624,#625,#626,#627));
#4161=EDGE_LOOP('',(#628,#629,#630,#631));
#4162=EDGE_LOOP('',(#632,#633,#634,#635,#636,#637));
#4163=EDGE_LOOP('',(#638,#639,#640,#641));
#4164=EDGE_LOOP('',(#642,#643,#644,#645,#646,#647,#648,#649,#650,#651,#652,
#653,#654,#655,#656));
#4165=EDGE_LOOP('',(#657,#658,#659,#660,#661,#662,#663,#664,#665,#666,#667,
#668));
#4166=EDGE_LOOP('',(#669,#670,#671,#672));
#4167=EDGE_LOOP('',(#673,#674,#675,#676));
#4168=EDGE_LOOP('',(#677,#678,#679,#680));
#4169=EDGE_LOOP('',(#681,#682,#683,#684,#685,#686));
#4170=EDGE_LOOP('',(#687,#688,#689,#690,#691,#692));
#4171=EDGE_LOOP('',(#693,#694,#695));
#4172=EDGE_LOOP('',(#696,#697,#698,#699,#700,#701,#702));
#4173=EDGE_LOOP('',(#703,#704,#705,#706));
#4174=EDGE_LOOP('',(#707,#708,#709,#710));
#4175=EDGE_LOOP('',(#711,#712,#713,#714,#715,#716));
#4176=EDGE_LOOP('',(#717,#718,#719,#720,#721));
#4177=EDGE_LOOP('',(#722,#723,#724,#725));
#4178=EDGE_LOOP('',(#726,#727,#728,#729));
#4179=EDGE_LOOP('',(#730,#731,#732,#733));
#4180=EDGE_LOOP('',(#734,#735,#736,#737));
#4181=EDGE_LOOP('',(#738,#739));
#4182=EDGE_LOOP('',(#740,#741,#742,#743,#744));
#4183=EDGE_LOOP('',(#745,#746,#747,#748,#749));
#4184=EDGE_LOOP('',(#750,#751,#752,#753));
#4185=EDGE_LOOP('',(#754,#755,#756,#757,#758,#759));
#4186=EDGE_LOOP('',(#760,#761,#762,#763,#764,#765));
#4187=EDGE_LOOP('',(#766,#767,#768,#769));
#4188=EDGE_LOOP('',(#770,#771,#772,#773));
#4189=EDGE_LOOP('',(#774,#775,#776,#777));
#4190=EDGE_LOOP('',(#778,#779,#780,#781,#782,#783,#784));
#4191=EDGE_LOOP('',(#785,#786,#787,#788,#789));
#4192=EDGE_LOOP('',(#790,#791,#792,#793));
#4193=EDGE_LOOP('',(#794,#795,#796,#797));
#4194=EDGE_LOOP('',(#798,#799,#800,#801,#802,#803));
#4195=EDGE_LOOP('',(#804,#805,#806,#807,#808));
#4196=EDGE_LOOP('',(#809,#810,#811,#812));
#4197=EDGE_LOOP('',(#813,#814,#815,#816,#817,#818,#819));
#4198=EDGE_LOOP('',(#820,#821,#822));
#4199=EDGE_LOOP('',(#823,#824,#825,#826,#827,#828,#829,#830,#831,#832,#833,
#834,#835,#836,#837,#838,#839,#840,#841,#842,#843,#844,#845,#846,#847,#848,
#849,#850,#851,#852));
#4200=EDGE_LOOP('',(#853,#854,#855,#856,#857,#858,#859,#860,#861,#862));
#4201=EDGE_LOOP('',(#863,#864,#865,#866));
#4202=EDGE_LOOP('',(#867,#868,#869,#870));
#4203=EDGE_LOOP('',(#871,#872,#873,#874));
#4204=EDGE_LOOP('',(#875,#876,#877,#878));
#4205=EDGE_LOOP('',(#879,#880,#881));
#4206=EDGE_LOOP('',(#882,#883,#884,#885));
#4207=EDGE_LOOP('',(#886,#887,#888,#889));
#4208=EDGE_LOOP('',(#890,#891,#892));
#4209=EDGE_LOOP('',(#893,#894,#895,#896,#897,#898,#899,#900,#901,#902));
#4210=EDGE_LOOP('',(#903,#904,#905,#906,#907,#908));
#4211=EDGE_LOOP('',(#909,#910,#911,#912,#913,#914,#915,#916,#917,#918));
#4212=EDGE_LOOP('',(#919,#920,#921,#922,#923,#924,#925,#926,#927,#928,#929,
#930));
#4213=EDGE_LOOP('',(#931,#932,#933,#934,#935,#936,#937,#938,#939,#940,#941,
#942));
#4214=EDGE_LOOP('',(#943,#944,#945,#946));
#4215=EDGE_LOOP('',(#947,#948,#949,#950));
#4216=EDGE_LOOP('',(#951,#952,#953,#954));
#4217=EDGE_LOOP('',(#955,#956,#957,#958));
#4218=EDGE_LOOP('',(#959,#960,#961,#962,#963,#964,#965,#966,#967,#968,#969,
#970,#971,#972));
#4219=EDGE_LOOP('',(#973,#974,#975,#976,#977,#978));
#4220=EDGE_LOOP('',(#979,#980,#981,#982));
#4221=EDGE_LOOP('',(#983,#984,#985,#986));
#4222=EDGE_LOOP('',(#987,#988,#989,#990));
#4223=EDGE_LOOP('',(#991,#992,#993,#994));
#4224=EDGE_LOOP('',(#995,#996,#997,#998,#999));
#4225=EDGE_LOOP('',(#1000,#1001,#1002,#1003));
#4226=EDGE_LOOP('',(#1004,#1005,#1006,#1007,#1008));
#4227=EDGE_LOOP('',(#1009,#1010,#1011,#1012,#1013,#1014,#1015));
#4228=EDGE_LOOP('',(#1016,#1017,#1018,#1019));
#4229=EDGE_LOOP('',(#1020,#1021,#1022,#1023));
#4230=EDGE_LOOP('',(#1024,#1025,#1026,#1027));
#4231=EDGE_LOOP('',(#1028,#1029,#1030,#1031));
#4232=EDGE_LOOP('',(#1032,#1033,#1034,#1035));
#4233=EDGE_LOOP('',(#1036,#1037,#1038,#1039,#1040));
#4234=EDGE_LOOP('',(#1041,#1042,#1043,#1044));
#4235=EDGE_LOOP('',(#1045,#1046,#1047,#1048));
#4236=EDGE_LOOP('',(#1049,#1050,#1051,#1052));
#4237=EDGE_LOOP('',(#1053,#1054,#1055,#1056));
#4238=EDGE_LOOP('',(#1057,#1058,#1059,#1060));
#4239=EDGE_LOOP('',(#1061,#1062,#1063,#1064));
#4240=EDGE_LOOP('',(#1065,#1066,#1067));
#4241=EDGE_LOOP('',(#1068,#1069,#1070,#1071));
#4242=EDGE_LOOP('',(#1072,#1073,#1074,#1075,#1076));
#4243=EDGE_LOOP('',(#1077,#1078,#1079,#1080,#1081,#1082,#1083));
#4244=EDGE_LOOP('',(#1084,#1085,#1086,#1087,#1088,#1089,#1090));
#4245=EDGE_LOOP('',(#1091,#1092,#1093,#1094,#1095,#1096));
#4246=EDGE_LOOP('',(#1097,#1098,#1099,#1100,#1101,#1102,#1103,#1104,#1105,
#1106,#1107,#1108));
#4247=EDGE_LOOP('',(#1109,#1110,#1111,#1112,#1113,#1114,#1115,#1116));
#4248=EDGE_LOOP('',(#1117,#1118,#1119,#1120,#1121,#1122,#1123,#1124,#1125));
#4249=EDGE_LOOP('',(#1126,#1127,#1128,#1129,#1130,#1131));
#4250=EDGE_LOOP('',(#1132,#1133,#1134,#1135,#1136,#1137,#1138));
#4251=EDGE_LOOP('',(#1139,#1140,#1141,#1142,#1143,#1144,#1145));
#4252=EDGE_LOOP('',(#1146,#1147,#1148,#1149,#1150));
#4253=EDGE_LOOP('',(#1151,#1152,#1153,#1154));
#4254=EDGE_LOOP('',(#1155,#1156,#1157,#1158,#1159,#1160,#1161,#1162));
#4255=EDGE_LOOP('',(#1163,#1164,#1165,#1166,#1167,#1168,#1169,#1170,#1171,
#1172,#1173));
#4256=EDGE_LOOP('',(#1174,#1175,#1176,#1177,#1178,#1179,#1180,#1181));
#4257=EDGE_LOOP('',(#1182,#1183,#1184));
#4258=EDGE_LOOP('',(#1185,#1186,#1187,#1188));
#4259=EDGE_LOOP('',(#1189,#1190,#1191,#1192));
#4260=EDGE_LOOP('',(#1193,#1194,#1195,#1196,#1197,#1198,#1199,#1200));
#4261=EDGE_LOOP('',(#1201,#1202,#1203,#1204,#1205,#1206,#1207,#1208));
#4262=EDGE_LOOP('',(#1209,#1210,#1211,#1212,#1213,#1214,#1215,#1216));
#4263=EDGE_LOOP('',(#1217,#1218,#1219,#1220,#1221,#1222));
#4264=EDGE_LOOP('',(#1223,#1224,#1225,#1226,#1227));
#4265=EDGE_LOOP('',(#1228,#1229,#1230,#1231,#1232));
#4266=EDGE_LOOP('',(#1233,#1234,#1235,#1236));
#4267=EDGE_LOOP('',(#1237,#1238,#1239,#1240,#1241,#1242,#1243));
#4268=EDGE_LOOP('',(#1244,#1245,#1246,#1247,#1248,#1249));
#4269=EDGE_LOOP('',(#1250,#1251,#1252,#1253));
#4270=EDGE_LOOP('',(#1254,#1255,#1256,#1257,#1258,#1259));
#4271=EDGE_LOOP('',(#1260,#1261,#1262,#1263,#1264));
#4272=EDGE_LOOP('',(#1265,#1266,#1267,#1268,#1269,#1270));
#4273=EDGE_LOOP('',(#1271,#1272,#1273,#1274,#1275,#1276));
#4274=EDGE_LOOP('',(#1277,#1278,#1279,#1280));
#4275=EDGE_LOOP('',(#1281,#1282,#1283,#1284,#1285));
#4276=EDGE_LOOP('',(#1286,#1287,#1288,#1289));
#4277=EDGE_LOOP('',(#1290));
#4278=EDGE_LOOP('',(#1291));
#4279=EDGE_LOOP('',(#1292,#1293,#1294,#1295,#1296));
#4280=EDGE_LOOP('',(#1297,#1298,#1299,#1300));
#4281=EDGE_LOOP('',(#1301,#1302,#1303,#1304,#1305));
#4282=EDGE_LOOP('',(#1306,#1307,#1308,#1309));
#4283=EDGE_LOOP('',(#1310));
#4284=EDGE_LOOP('',(#1311));
#4285=EDGE_LOOP('',(#1312));
#4286=EDGE_LOOP('',(#1313));
#4287=EDGE_LOOP('',(#1314));
#4288=EDGE_LOOP('',(#1315));
#4289=EDGE_LOOP('',(#1316,#1317,#1318,#1319));
#4290=EDGE_LOOP('',(#1320,#1321,#1322,#1323));
#4291=EDGE_LOOP('',(#1324,#1325,#1326,#1327));
#4292=EDGE_LOOP('',(#1328,#1329,#1330,#1331));
#4293=EDGE_LOOP('',(#1332,#1333,#1334,#1335,#1336));
#4294=EDGE_LOOP('',(#1337,#1338,#1339,#1340));
#4295=EDGE_LOOP('',(#1341,#1342,#1343,#1344));
#4296=EDGE_LOOP('',(#1345,#1346,#1347,#1348));
#4297=EDGE_LOOP('',(#1349,#1350,#1351,#1352,#1353,#1354));
#4298=EDGE_LOOP('',(#1355,#1356,#1357,#1358));
#4299=EDGE_LOOP('',(#1359,#1360,#1361,#1362));
#4300=EDGE_LOOP('',(#1363,#1364,#1365,#1366,#1367));
#4301=EDGE_LOOP('',(#1368,#1369,#1370,#1371));
#4302=EDGE_LOOP('',(#1372,#1373,#1374,#1375,#1376,#1377,#1378,#1379,#1380,
#1381,#1382,#1383,#1384));
#4303=EDGE_LOOP('',(#1385,#1386,#1387,#1388));
#4304=EDGE_LOOP('',(#1389,#1390,#1391,#1392));
#4305=EDGE_LOOP('',(#1393,#1394,#1395,#1396,#1397,#1398));
#4306=EDGE_LOOP('',(#1399,#1400,#1401,#1402,#1403,#1404));
#4307=EDGE_LOOP('',(#1405,#1406,#1407,#1408,#1409));
#4308=EDGE_LOOP('',(#1410,#1411,#1412,#1413,#1414));
#4309=EDGE_LOOP('',(#1415,#1416,#1417,#1418));
#4310=EDGE_LOOP('',(#1419,#1420,#1421,#1422,#1423));
#4311=EDGE_LOOP('',(#1424,#1425,#1426,#1427,#1428));
#4312=EDGE_LOOP('',(#1429,#1430,#1431,#1432,#1433));
#4313=EDGE_LOOP('',(#1434,#1435,#1436,#1437));
#4314=EDGE_LOOP('',(#1438,#1439,#1440,#1441));
#4315=EDGE_LOOP('',(#1442,#1443,#1444,#1445));
#4316=EDGE_LOOP('',(#1446,#1447,#1448,#1449));
#4317=EDGE_LOOP('',(#1450,#1451,#1452,#1453));
#4318=EDGE_LOOP('',(#1454,#1455,#1456,#1457));
#4319=EDGE_LOOP('',(#1458,#1459,#1460,#1461));
#4320=EDGE_LOOP('',(#1462,#1463,#1464,#1465));
#4321=EDGE_LOOP('',(#1466,#1467,#1468,#1469));
#4322=EDGE_LOOP('',(#1470,#1471,#1472,#1473));
#4323=EDGE_LOOP('',(#1474,#1475,#1476,#1477));
#4324=EDGE_LOOP('',(#1478,#1479,#1480,#1481));
#4325=EDGE_LOOP('',(#1482,#1483,#1484,#1485));
#4326=EDGE_LOOP('',(#1486,#1487,#1488,#1489,#1490,#1491,#1492,#1493));
#4327=EDGE_LOOP('',(#1494,#1495,#1496));
#4328=EDGE_LOOP('',(#1497,#1498,#1499,#1500));
#4329=EDGE_LOOP('',(#1501,#1502,#1503,#1504));
#4330=EDGE_LOOP('',(#1505,#1506,#1507,#1508));
#4331=EDGE_LOOP('',(#1509,#1510,#1511,#1512));
#4332=EDGE_LOOP('',(#1513,#1514,#1515,#1516));
#4333=EDGE_LOOP('',(#1517,#1518,#1519,#1520));
#4334=EDGE_LOOP('',(#1521,#1522,#1523,#1524));
#4335=EDGE_LOOP('',(#1525,#1526,#1527,#1528));
#4336=EDGE_LOOP('',(#1529,#1530,#1531,#1532));
#4337=EDGE_LOOP('',(#1533,#1534,#1535,#1536,#1537,#1538,#1539,#1540));
#4338=EDGE_LOOP('',(#1541,#1542,#1543));
#4339=EDGE_LOOP('',(#1544,#1545,#1546,#1547));
#4340=EDGE_LOOP('',(#1548,#1549,#1550,#1551));
#4341=EDGE_LOOP('',(#1552,#1553,#1554,#1555));
#4342=EDGE_LOOP('',(#1556,#1557,#1558,#1559));
#4343=EDGE_LOOP('',(#1560,#1561,#1562,#1563));
#4344=EDGE_LOOP('',(#1564,#1565,#1566,#1567));
#4345=EDGE_LOOP('',(#1568,#1569,#1570,#1571));
#4346=EDGE_LOOP('',(#1572,#1573,#1574,#1575));
#4347=EDGE_LOOP('',(#1576,#1577,#1578,#1579));
#4348=EDGE_LOOP('',(#1580,#1581,#1582,#1583));
#4349=EDGE_LOOP('',(#1584,#1585,#1586,#1587));
#4350=EDGE_LOOP('',(#1588,#1589,#1590,#1591,#1592,#1593,#1594,#1595,#1596,
#1597,#1598,#1599,#1600));
#4351=EDGE_LOOP('',(#1601,#1602,#1603,#1604));
#4352=EDGE_LOOP('',(#1605,#1606,#1607,#1608));
#4353=EDGE_LOOP('',(#1609,#1610,#1611,#1612));
#4354=EDGE_LOOP('',(#1613,#1614,#1615,#1616));
#4355=EDGE_LOOP('',(#1617,#1618,#1619,#1620));
#4356=EDGE_LOOP('',(#1621,#1622,#1623,#1624));
#4357=EDGE_LOOP('',(#1625,#1626,#1627,#1628));
#4358=EDGE_LOOP('',(#1629,#1630,#1631,#1632));
#4359=EDGE_LOOP('',(#1633,#1634,#1635,#1636,#1637,#1638,#1639,#1640,#1641,
#1642));
#4360=EDGE_LOOP('',(#1643,#1644,#1645,#1646));
#4361=EDGE_LOOP('',(#1647,#1648,#1649,#1650));
#4362=EDGE_LOOP('',(#1651,#1652,#1653,#1654));
#4363=EDGE_LOOP('',(#1655,#1656,#1657,#1658));
#4364=EDGE_LOOP('',(#1659,#1660,#1661,#1662));
#4365=EDGE_LOOP('',(#1663,#1664,#1665,#1666));
#4366=EDGE_LOOP('',(#1667,#1668,#1669,#1670));
#4367=EDGE_LOOP('',(#1671,#1672,#1673,#1674));
#4368=EDGE_LOOP('',(#1675,#1676,#1677,#1678));
#4369=EDGE_LOOP('',(#1679,#1680,#1681,#1682));
#4370=EDGE_LOOP('',(#1683,#1684,#1685,#1686));
#4371=EDGE_LOOP('',(#1687,#1688,#1689,#1690));
#4372=EDGE_LOOP('',(#1691,#1692,#1693,#1694));
#4373=EDGE_LOOP('',(#1695,#1696,#1697,#1698));
#4374=EDGE_LOOP('',(#1699,#1700,#1701,#1702));
#4375=EDGE_LOOP('',(#1703,#1704,#1705,#1706));
#4376=EDGE_LOOP('',(#1707,#1708,#1709,#1710));
#4377=EDGE_LOOP('',(#1711,#1712,#1713,#1714));
#4378=EDGE_LOOP('',(#1715,#1716,#1717,#1718));
#4379=EDGE_LOOP('',(#1719,#1720,#1721,#1722));
#4380=EDGE_LOOP('',(#1723,#1724,#1725,#1726));
#4381=EDGE_LOOP('',(#1727,#1728,#1729,#1730,#1731,#1732,#1733,#1734,#1735,
#1736,#1737,#1738,#1739));
#4382=EDGE_LOOP('',(#1740,#1741,#1742,#1743,#1744,#1745,#1746,#1747,#1748));
#4383=EDGE_LOOP('',(#1749,#1750,#1751,#1752));
#4384=EDGE_LOOP('',(#1753,#1754,#1755,#1756));
#4385=EDGE_LOOP('',(#1757,#1758,#1759,#1760));
#4386=EDGE_LOOP('',(#1761,#1762,#1763,#1764));
#4387=EDGE_LOOP('',(#1765,#1766,#1767,#1768));
#4388=EDGE_LOOP('',(#1769,#1770,#1771,#1772));
#4389=EDGE_LOOP('',(#1773,#1774,#1775,#1776));
#4390=EDGE_LOOP('',(#1777,#1778,#1779,#1780));
#4391=EDGE_LOOP('',(#1781,#1782,#1783,#1784));
#4392=EDGE_LOOP('',(#1785,#1786,#1787,#1788));
#4393=EDGE_LOOP('',(#1789,#1790,#1791,#1792));
#4394=EDGE_LOOP('',(#1793,#1794,#1795,#1796));
#4395=EDGE_LOOP('',(#1797,#1798,#1799,#1800));
#4396=EDGE_LOOP('',(#1801,#1802,#1803,#1804));
#4397=EDGE_LOOP('',(#1805,#1806,#1807,#1808));
#4398=EDGE_LOOP('',(#1809,#1810,#1811,#1812));
#4399=EDGE_LOOP('',(#1813,#1814,#1815,#1816));
#4400=EDGE_LOOP('',(#1817,#1818,#1819,#1820));
#4401=EDGE_LOOP('',(#1821,#1822,#1823,#1824));
#4402=EDGE_LOOP('',(#1825,#1826,#1827,#1828));
#4403=EDGE_LOOP('',(#1829,#1830,#1831,#1832));
#4404=EDGE_LOOP('',(#1833,#1834,#1835,#1836));
#4405=EDGE_LOOP('',(#1837,#1838,#1839,#1840));
#4406=EDGE_LOOP('',(#1841,#1842,#1843,#1844));
#4407=EDGE_LOOP('',(#1845,#1846,#1847,#1848));
#4408=EDGE_LOOP('',(#1849,#1850,#1851,#1852,#1853,#1854,#1855,#1856,#1857,
#1858,#1859,#1860,#1861,#1862,#1863,#1864));
#4409=EDGE_LOOP('',(#1865,#1866,#1867,#1868,#1869,#1870,#1871,#1872,#1873,
#1874,#1875));
#4410=EDGE_LOOP('',(#1876,#1877,#1878));
#4411=EDGE_LOOP('',(#1879,#1880,#1881));
#4412=EDGE_LOOP('',(#1882,#1883,#1884,#1885,#1886,#1887,#1888,#1889,#1890));
#4413=EDGE_LOOP('',(#1891,#1892,#1893,#1894,#1895,#1896,#1897,#1898,#1899,
#1900,#1901));
#4414=FACE_BOUND('',#4144,.T.);
#4415=FACE_BOUND('',#4145,.T.);
#4416=FACE_BOUND('',#4146,.T.);
#4417=FACE_BOUND('',#4147,.T.);
#4418=FACE_BOUND('',#4148,.T.);
#4419=FACE_BOUND('',#4149,.T.);
#4420=FACE_BOUND('',#4150,.T.);
#4421=FACE_BOUND('',#4151,.T.);
#4422=FACE_BOUND('',#4152,.T.);
#4423=FACE_BOUND('',#4153,.T.);
#4424=FACE_BOUND('',#4154,.T.);
#4425=FACE_BOUND('',#4155,.T.);
#4426=FACE_BOUND('',#4156,.T.);
#4427=FACE_BOUND('',#4157,.T.);
#4428=FACE_BOUND('',#4158,.T.);
#4429=FACE_BOUND('',#4159,.T.);
#4430=FACE_BOUND('',#4160,.T.);
#4431=FACE_BOUND('',#4161,.T.);
#4432=FACE_BOUND('',#4162,.T.);
#4433=FACE_BOUND('',#4163,.T.);
#4434=FACE_BOUND('',#4164,.T.);
#4435=FACE_BOUND('',#4165,.T.);
#4436=FACE_BOUND('',#4166,.T.);
#4437=FACE_BOUND('',#4167,.T.);
#4438=FACE_BOUND('',#4168,.T.);
#4439=FACE_BOUND('',#4169,.T.);
#4440=FACE_BOUND('',#4170,.T.);
#4441=FACE_BOUND('',#4171,.T.);
#4442=FACE_BOUND('',#4172,.T.);
#4443=FACE_BOUND('',#4173,.T.);
#4444=FACE_BOUND('',#4174,.T.);
#4445=FACE_BOUND('',#4175,.T.);
#4446=FACE_BOUND('',#4176,.T.);
#4447=FACE_BOUND('',#4177,.T.);
#4448=FACE_BOUND('',#4178,.T.);
#4449=FACE_BOUND('',#4179,.T.);
#4450=FACE_BOUND('',#4180,.T.);
#4451=FACE_BOUND('',#4181,.T.);
#4452=FACE_BOUND('',#4182,.T.);
#4453=FACE_BOUND('',#4183,.T.);
#4454=FACE_BOUND('',#4184,.T.);
#4455=FACE_BOUND('',#4185,.T.);
#4456=FACE_BOUND('',#4186,.T.);
#4457=FACE_BOUND('',#4187,.T.);
#4458=FACE_BOUND('',#4188,.T.);
#4459=FACE_BOUND('',#4189,.T.);
#4460=FACE_BOUND('',#4190,.T.);
#4461=FACE_BOUND('',#4191,.T.);
#4462=FACE_BOUND('',#4192,.T.);
#4463=FACE_BOUND('',#4193,.T.);
#4464=FACE_BOUND('',#4194,.T.);
#4465=FACE_BOUND('',#4195,.T.);
#4466=FACE_BOUND('',#4196,.T.);
#4467=FACE_BOUND('',#4197,.T.);
#4468=FACE_BOUND('',#4198,.T.);
#4469=FACE_BOUND('',#4199,.T.);
#4470=FACE_BOUND('',#4200,.T.);
#4471=FACE_BOUND('',#4201,.T.);
#4472=FACE_BOUND('',#4202,.T.);
#4473=FACE_BOUND('',#4203,.T.);
#4474=FACE_BOUND('',#4204,.T.);
#4475=FACE_BOUND('',#4205,.T.);
#4476=FACE_BOUND('',#4206,.T.);
#4477=FACE_BOUND('',#4207,.T.);
#4478=FACE_BOUND('',#4208,.T.);
#4479=FACE_BOUND('',#4209,.T.);
#4480=FACE_BOUND('',#4210,.T.);
#4481=FACE_BOUND('',#4211,.T.);
#4482=FACE_BOUND('',#4212,.T.);
#4483=FACE_BOUND('',#4213,.T.);
#4484=FACE_BOUND('',#4214,.T.);
#4485=FACE_BOUND('',#4215,.T.);
#4486=FACE_BOUND('',#4216,.T.);
#4487=FACE_BOUND('',#4217,.T.);
#4488=FACE_BOUND('',#4218,.T.);
#4489=FACE_BOUND('',#4219,.T.);
#4490=FACE_BOUND('',#4220,.T.);
#4491=FACE_BOUND('',#4221,.T.);
#4492=FACE_BOUND('',#4222,.T.);
#4493=FACE_BOUND('',#4223,.T.);
#4494=FACE_BOUND('',#4224,.T.);
#4495=FACE_BOUND('',#4225,.T.);
#4496=FACE_BOUND('',#4226,.T.);
#4497=FACE_BOUND('',#4227,.T.);
#4498=FACE_BOUND('',#4228,.T.);
#4499=FACE_BOUND('',#4229,.T.);
#4500=FACE_BOUND('',#4230,.T.);
#4501=FACE_BOUND('',#4231,.T.);
#4502=FACE_BOUND('',#4232,.T.);
#4503=FACE_BOUND('',#4233,.T.);
#4504=FACE_BOUND('',#4234,.T.);
#4505=FACE_BOUND('',#4235,.T.);
#4506=FACE_BOUND('',#4236,.T.);
#4507=FACE_BOUND('',#4237,.T.);
#4508=FACE_BOUND('',#4238,.T.);
#4509=FACE_BOUND('',#4239,.T.);
#4510=FACE_BOUND('',#4240,.T.);
#4511=FACE_BOUND('',#4241,.T.);
#4512=FACE_BOUND('',#4242,.T.);
#4513=FACE_BOUND('',#4243,.T.);
#4514=FACE_BOUND('',#4244,.T.);
#4515=FACE_BOUND('',#4245,.T.);
#4516=FACE_BOUND('',#4246,.T.);
#4517=FACE_BOUND('',#4247,.T.);
#4518=FACE_BOUND('',#4248,.T.);
#4519=FACE_BOUND('',#4249,.T.);
#4520=FACE_BOUND('',#4250,.T.);
#4521=FACE_BOUND('',#4251,.T.);
#4522=FACE_BOUND('',#4252,.T.);
#4523=FACE_BOUND('',#4253,.T.);
#4524=FACE_BOUND('',#4254,.T.);
#4525=FACE_BOUND('',#4255,.T.);
#4526=FACE_BOUND('',#4256,.T.);
#4527=FACE_BOUND('',#4257,.T.);
#4528=FACE_BOUND('',#4258,.T.);
#4529=FACE_BOUND('',#4259,.T.);
#4530=FACE_BOUND('',#4260,.T.);
#4531=FACE_BOUND('',#4261,.T.);
#4532=FACE_BOUND('',#4262,.T.);
#4533=FACE_BOUND('',#4263,.T.);
#4534=FACE_BOUND('',#4264,.T.);
#4535=FACE_BOUND('',#4265,.T.);
#4536=FACE_BOUND('',#4266,.T.);
#4537=FACE_BOUND('',#4267,.T.);
#4538=FACE_BOUND('',#4268,.T.);
#4539=FACE_BOUND('',#4269,.T.);
#4540=FACE_BOUND('',#4270,.T.);
#4541=FACE_BOUND('',#4271,.T.);
#4542=FACE_BOUND('',#4272,.T.);
#4543=FACE_BOUND('',#4273,.T.);
#4544=FACE_BOUND('',#4274,.T.);
#4545=FACE_BOUND('',#4275,.T.);
#4546=FACE_BOUND('',#4276,.T.);
#4547=FACE_BOUND('',#4277,.T.);
#4548=FACE_BOUND('',#4278,.T.);
#4549=FACE_BOUND('',#4279,.T.);
#4550=FACE_BOUND('',#4280,.T.);
#4551=FACE_BOUND('',#4281,.T.);
#4552=FACE_BOUND('',#4282,.T.);
#4553=FACE_BOUND('',#4283,.T.);
#4554=FACE_BOUND('',#4284,.T.);
#4555=FACE_BOUND('',#4285,.T.);
#4556=FACE_BOUND('',#4286,.T.);
#4557=FACE_BOUND('',#4287,.T.);
#4558=FACE_BOUND('',#4288,.T.);
#4559=FACE_BOUND('',#4289,.T.);
#4560=FACE_BOUND('',#4290,.T.);
#4561=FACE_BOUND('',#4291,.T.);
#4562=FACE_BOUND('',#4292,.T.);
#4563=FACE_BOUND('',#4293,.T.);
#4564=FACE_BOUND('',#4294,.T.);
#4565=FACE_BOUND('',#4295,.T.);
#4566=FACE_BOUND('',#4296,.T.);
#4567=FACE_BOUND('',#4297,.T.);
#4568=FACE_BOUND('',#4298,.T.);
#4569=FACE_BOUND('',#4299,.T.);
#4570=FACE_BOUND('',#4300,.T.);
#4571=FACE_BOUND('',#4301,.T.);
#4572=FACE_BOUND('',#4302,.T.);
#4573=FACE_BOUND('',#4303,.T.);
#4574=FACE_BOUND('',#4304,.T.);
#4575=FACE_BOUND('',#4305,.T.);
#4576=FACE_BOUND('',#4306,.T.);
#4577=FACE_BOUND('',#4307,.T.);
#4578=FACE_BOUND('',#4308,.T.);
#4579=FACE_BOUND('',#4309,.T.);
#4580=FACE_BOUND('',#4310,.T.);
#4581=FACE_BOUND('',#4311,.T.);
#4582=FACE_BOUND('',#4312,.T.);
#4583=FACE_BOUND('',#4313,.T.);
#4584=FACE_BOUND('',#4314,.T.);
#4585=FACE_BOUND('',#4315,.T.);
#4586=FACE_BOUND('',#4316,.T.);
#4587=FACE_BOUND('',#4317,.T.);
#4588=FACE_BOUND('',#4318,.T.);
#4589=FACE_BOUND('',#4319,.T.);
#4590=FACE_BOUND('',#4320,.T.);
#4591=FACE_BOUND('',#4321,.T.);
#4592=FACE_BOUND('',#4322,.T.);
#4593=FACE_BOUND('',#4323,.T.);
#4594=FACE_BOUND('',#4324,.T.);
#4595=FACE_BOUND('',#4325,.T.);
#4596=FACE_BOUND('',#4326,.T.);
#4597=FACE_BOUND('',#4327,.T.);
#4598=FACE_BOUND('',#4328,.T.);
#4599=FACE_BOUND('',#4329,.T.);
#4600=FACE_BOUND('',#4330,.T.);
#4601=FACE_BOUND('',#4331,.T.);
#4602=FACE_BOUND('',#4332,.T.);
#4603=FACE_BOUND('',#4333,.T.);
#4604=FACE_BOUND('',#4334,.T.);
#4605=FACE_BOUND('',#4335,.T.);
#4606=FACE_BOUND('',#4336,.T.);
#4607=FACE_BOUND('',#4337,.T.);
#4608=FACE_BOUND('',#4338,.T.);
#4609=FACE_BOUND('',#4339,.T.);
#4610=FACE_BOUND('',#4340,.T.);
#4611=FACE_BOUND('',#4341,.T.);
#4612=FACE_BOUND('',#4342,.T.);
#4613=FACE_BOUND('',#4343,.T.);
#4614=FACE_BOUND('',#4344,.T.);
#4615=FACE_BOUND('',#4345,.T.);
#4616=FACE_BOUND('',#4346,.T.);
#4617=FACE_BOUND('',#4347,.T.);
#4618=FACE_BOUND('',#4348,.T.);
#4619=FACE_BOUND('',#4349,.T.);
#4620=FACE_BOUND('',#4350,.T.);
#4621=FACE_BOUND('',#4351,.T.);
#4622=FACE_BOUND('',#4352,.T.);
#4623=FACE_BOUND('',#4353,.T.);
#4624=FACE_BOUND('',#4354,.T.);
#4625=FACE_BOUND('',#4355,.T.);
#4626=FACE_BOUND('',#4356,.T.);
#4627=FACE_BOUND('',#4357,.T.);
#4628=FACE_BOUND('',#4358,.T.);
#4629=FACE_BOUND('',#4359,.T.);
#4630=FACE_BOUND('',#4360,.T.);
#4631=FACE_BOUND('',#4361,.T.);
#4632=FACE_BOUND('',#4362,.T.);
#4633=FACE_BOUND('',#4363,.T.);
#4634=FACE_BOUND('',#4364,.T.);
#4635=FACE_BOUND('',#4365,.T.);
#4636=FACE_BOUND('',#4366,.T.);
#4637=FACE_BOUND('',#4367,.T.);
#4638=FACE_BOUND('',#4368,.T.);
#4639=FACE_BOUND('',#4369,.T.);
#4640=FACE_BOUND('',#4370,.T.);
#4641=FACE_BOUND('',#4371,.T.);
#4642=FACE_BOUND('',#4372,.T.);
#4643=FACE_BOUND('',#4373,.T.);
#4644=FACE_BOUND('',#4374,.T.);
#4645=FACE_BOUND('',#4375,.T.);
#4646=FACE_BOUND('',#4376,.T.);
#4647=FACE_BOUND('',#4377,.T.);
#4648=FACE_BOUND('',#4378,.T.);
#4649=FACE_BOUND('',#4379,.T.);
#4650=FACE_BOUND('',#4380,.T.);
#4651=FACE_BOUND('',#4381,.T.);
#4652=FACE_BOUND('',#4382,.T.);
#4653=FACE_BOUND('',#4383,.T.);
#4654=FACE_BOUND('',#4384,.T.);
#4655=FACE_BOUND('',#4385,.T.);
#4656=FACE_BOUND('',#4386,.T.);
#4657=FACE_BOUND('',#4387,.T.);
#4658=FACE_BOUND('',#4388,.T.);
#4659=FACE_BOUND('',#4389,.T.);
#4660=FACE_BOUND('',#4390,.T.);
#4661=FACE_BOUND('',#4391,.T.);
#4662=FACE_BOUND('',#4392,.T.);
#4663=FACE_BOUND('',#4393,.T.);
#4664=FACE_BOUND('',#4394,.T.);
#4665=FACE_BOUND('',#4395,.T.);
#4666=FACE_BOUND('',#4396,.T.);
#4667=FACE_BOUND('',#4397,.T.);
#4668=FACE_BOUND('',#4398,.T.);
#4669=FACE_BOUND('',#4399,.T.);
#4670=FACE_BOUND('',#4400,.T.);
#4671=FACE_BOUND('',#4401,.T.);
#4672=FACE_BOUND('',#4402,.T.);
#4673=FACE_BOUND('',#4403,.T.);
#4674=FACE_BOUND('',#4404,.T.);
#4675=FACE_BOUND('',#4405,.T.);
#4676=FACE_BOUND('',#4406,.T.);
#4677=FACE_BOUND('',#4407,.T.);
#4678=FACE_BOUND('',#4408,.T.);
#4679=FACE_BOUND('',#4409,.T.);
#4680=FACE_BOUND('',#4410,.T.);
#4681=FACE_BOUND('',#4411,.T.);
#4682=FACE_BOUND('',#4412,.T.);
#4683=FACE_BOUND('',#4413,.T.);
#4684=PLANE('',#5127);
#4685=PLANE('',#5130);
#4686=PLANE('',#5140);
#4687=PLANE('',#5141);
#4688=PLANE('',#5142);
#4689=PLANE('',#5143);
#4690=PLANE('',#5144);
#4691=PLANE('',#5145);
#4692=PLANE('',#5146);
#4693=PLANE('',#5147);
#4694=PLANE('',#5148);
#4695=PLANE('',#5149);
#4696=PLANE('',#5150);
#4697=PLANE('',#5151);
#4698=PLANE('',#5152);
#4699=PLANE('',#5153);
#4700=PLANE('',#5154);
#4701=PLANE('',#5155);
#4702=PLANE('',#5156);
#4703=PLANE('',#5157);
#4704=PLANE('',#5158);
#4705=PLANE('',#5159);
#4706=PLANE('',#5160);
#4707=PLANE('',#5161);
#4708=PLANE('',#5162);
#4709=PLANE('',#5163);
#4710=PLANE('',#5164);
#4711=PLANE('',#5165);
#4712=PLANE('',#5166);
#4713=PLANE('',#5167);
#4714=PLANE('',#5168);
#4715=PLANE('',#5169);
#4716=PLANE('',#5170);
#4717=PLANE('',#5171);
#4718=PLANE('',#5172);
#4719=PLANE('',#5173);
#4720=PLANE('',#5174);
#4721=PLANE('',#5175);
#4722=PLANE('',#5176);
#4723=PLANE('',#5177);
#4724=PLANE('',#5178);
#4725=PLANE('',#5179);
#4726=PLANE('',#5180);
#4727=PLANE('',#5181);
#4728=PLANE('',#5182);
#4729=PLANE('',#5183);
#4730=PLANE('',#5184);
#4731=PLANE('',#5185);
#4732=PLANE('',#5186);
#4733=PLANE('',#5187);
#4734=PLANE('',#5188);
#4735=PLANE('',#5189);
#4736=PLANE('',#5190);
#4737=PLANE('',#5191);
#4738=PLANE('',#5192);
#4739=PLANE('',#5193);
#4740=PLANE('',#5194);
#4741=PLANE('',#5195);
#4742=PLANE('',#5196);
#4743=PLANE('',#5197);
#4744=PLANE('',#5198);
#4745=PLANE('',#5199);
#4746=PLANE('',#5200);
#4747=PLANE('',#5201);
#4748=PLANE('',#5202);
#4749=PLANE('',#5203);
#4750=PLANE('',#5205);
#4751=PLANE('',#5206);
#4752=PLANE('',#5207);
#4753=PLANE('',#5208);
#4754=PLANE('',#5209);
#4755=PLANE('',#5210);
#4756=PLANE('',#5212);
#4757=PLANE('',#5213);
#4758=PLANE('',#5214);
#4759=PLANE('',#5215);
#4760=PLANE('',#5216);
#4761=PLANE('',#5217);
#4762=PLANE('',#5218);
#4763=PLANE('',#5219);
#4764=PLANE('',#5220);
#4765=PLANE('',#5221);
#4766=PLANE('',#5222);
#4767=PLANE('',#5223);
#4768=PLANE('',#5224);
#4769=PLANE('',#5226);
#4770=PLANE('',#5227);
#4771=PLANE('',#5230);
#4772=PLANE('',#5231);
#4773=PLANE('',#5232);
#4774=PLANE('',#5235);
#4775=PLANE('',#5238);
#4776=PLANE('',#5239);
#4777=PLANE('',#5240);
#4778=PLANE('',#5241);
#4779=PLANE('',#5242);
#4780=PLANE('',#5243);
#4781=PLANE('',#5244);
#4782=PLANE('',#5245);
#4783=PLANE('',#5246);
#4784=PLANE('',#5247);
#4785=PLANE('',#5248);
#4786=PLANE('',#5249);
#4787=PLANE('',#5250);
#4788=PLANE('',#5251);
#4789=PLANE('',#5252);
#4790=PLANE('',#5253);
#4791=PLANE('',#5254);
#4792=PLANE('',#5255);
#4793=PLANE('',#5256);
#4794=PLANE('',#5257);
#4795=PLANE('',#5258);
#4796=PLANE('',#5259);
#4797=PLANE('',#5260);
#4798=PLANE('',#5261);
#4799=PLANE('',#5262);
#4800=PLANE('',#5263);
#4801=PLANE('',#5264);
#4802=PLANE('',#5265);
#4803=PLANE('',#5266);
#4804=PLANE('',#5267);
#4805=PLANE('',#5268);
#4806=PLANE('',#5269);
#4807=PLANE('',#5270);
#4808=PLANE('',#5271);
#4809=PLANE('',#5272);
#4810=PLANE('',#5273);
#4811=PLANE('',#5274);
#4812=PLANE('',#5275);
#4813=PLANE('',#5276);
#4814=PLANE('',#5277);
#4815=PLANE('',#5278);
#4816=PLANE('',#5279);
#4817=PLANE('',#5280);
#4818=PLANE('',#5281);
#4819=PLANE('',#5282);
#4820=PLANE('',#5283);
#4821=PLANE('',#5284);
#4822=PLANE('',#5285);
#4823=PLANE('',#5286);
#4824=PLANE('',#5287);
#4825=PLANE('',#5288);
#4826=PLANE('',#5289);
#4827=PLANE('',#5290);
#4828=PLANE('',#5291);
#4829=PLANE('',#5292);
#4830=PLANE('',#5293);
#4831=PLANE('',#5294);
#4832=PLANE('',#5295);
#4833=PLANE('',#5296);
#4834=PLANE('',#5297);
#4835=PLANE('',#5298);
#4836=PLANE('',#5299);
#4837=PLANE('',#5316);
#4838=PLANE('',#5317);
#4839=PLANE('',#5318);
#4840=PLANE('',#5319);
#4841=PLANE('',#5320);
#4842=PLANE('',#5321);
#4843=PLANE('',#5334);
#4844=PLANE('',#5335);
#4845=PLANE('',#5344);
#4846=PLANE('',#5345);
#4847=PLANE('',#5346);
#4848=PLANE('',#5347);
#4849=PLANE('',#5355);
#4850=PLANE('',#5356);
#4851=PLANE('',#5357);
#4852=PLANE('',#5358);
#4853=PLANE('',#5359);
#4854=ADVANCED_FACE('',(#4414),#4684,.T.);
#4855=ADVANCED_FACE('',(#4415),#4685,.T.);
#4856=ADVANCED_FACE('',(#4416),#4686,.T.);
#4857=ADVANCED_FACE('',(#4417),#4687,.T.);
#4858=ADVANCED_FACE('',(#4418),#4688,.T.);
#4859=ADVANCED_FACE('',(#4419),#4689,.T.);
#4860=ADVANCED_FACE('',(#4420,#4421),#54,.F.);
#4861=ADVANCED_FACE('',(#4422,#4423),#4690,.F.);
#4862=ADVANCED_FACE('',(#4424),#55,.F.);
#4863=ADVANCED_FACE('',(#4425),#4691,.T.);
#4864=ADVANCED_FACE('',(#4426),#4692,.T.);
#4865=ADVANCED_FACE('',(#4427),#56,.T.);
#4866=ADVANCED_FACE('',(#4428),#57,.T.);
#4867=ADVANCED_FACE('',(#4429),#4693,.F.);
#4868=ADVANCED_FACE('',(#4430),#4694,.T.);
#4869=ADVANCED_FACE('',(#4431),#4695,.T.);
#4870=ADVANCED_FACE('',(#4432),#4696,.T.);
#4871=ADVANCED_FACE('',(#4433),#4697,.T.);
#4872=ADVANCED_FACE('',(#4434),#58,.F.);
#4873=ADVANCED_FACE('',(#4435),#4698,.T.);
#4874=ADVANCED_FACE('',(#4436),#4699,.F.);
#4875=ADVANCED_FACE('',(#4437),#4700,.F.);
#4876=ADVANCED_FACE('',(#4438),#4701,.T.);
#4877=ADVANCED_FACE('',(#4439),#4702,.T.);
#4878=ADVANCED_FACE('',(#4440),#4703,.T.);
#4879=ADVANCED_FACE('',(#4441),#4704,.F.);
#4880=ADVANCED_FACE('',(#4442),#4705,.T.);
#4881=ADVANCED_FACE('',(#4443),#4706,.F.);
#4882=ADVANCED_FACE('',(#4444),#4707,.T.);
#4883=ADVANCED_FACE('',(#4445),#4708,.F.);
#4884=ADVANCED_FACE('',(#4446),#4709,.F.);
#4885=ADVANCED_FACE('',(#4447),#4710,.F.);
#4886=ADVANCED_FACE('',(#4448),#4711,.F.);
#4887=ADVANCED_FACE('',(#4449),#4712,.T.);
#4888=ADVANCED_FACE('',(#4450),#4713,.T.);
#4889=ADVANCED_FACE('',(#4451),#4714,.F.);
#4890=ADVANCED_FACE('',(#4452),#4715,.F.);
#4891=ADVANCED_FACE('',(#4453),#59,.F.);
#4892=ADVANCED_FACE('',(#4454),#60,.F.);
#4893=ADVANCED_FACE('',(#4455),#61,.F.);
#4894=ADVANCED_FACE('',(#4456),#62,.F.);
#4895=ADVANCED_FACE('',(#4457),#63,.F.);
#4896=ADVANCED_FACE('',(#4458),#64,.F.);
#4897=ADVANCED_FACE('',(#4459),#4716,.F.);
#4898=ADVANCED_FACE('',(#4460),#65,.F.);
#4899=ADVANCED_FACE('',(#4461),#66,.F.);
#4900=ADVANCED_FACE('',(#4462),#4717,.F.);
#4901=ADVANCED_FACE('',(#4463),#4718,.F.);
#4902=ADVANCED_FACE('',(#4464),#67,.F.);
#4903=ADVANCED_FACE('',(#4465),#4719,.F.);
#4904=ADVANCED_FACE('',(#4466),#68,.F.);
#4905=ADVANCED_FACE('',(#4467),#69,.F.);
#4906=ADVANCED_FACE('',(#4468),#4720,.F.);
#4907=ADVANCED_FACE('',(#4469),#4721,.T.);
#4908=ADVANCED_FACE('',(#4470),#4722,.F.);
#4909=ADVANCED_FACE('',(#4471),#70,.T.);
#4910=ADVANCED_FACE('',(#4472),#4723,.T.);
#4911=ADVANCED_FACE('',(#4473),#4724,.T.);
#4912=ADVANCED_FACE('',(#4474),#71,.T.);
#4913=ADVANCED_FACE('',(#4475),#4725,.T.);
#4914=ADVANCED_FACE('',(#4476),#72,.T.);
#4915=ADVANCED_FACE('',(#4477),#73,.T.);
#4916=ADVANCED_FACE('',(#4478),#4726,.T.);
#4917=ADVANCED_FACE('',(#4479),#4727,.T.);
#4918=ADVANCED_FACE('',(#4480),#4728,.T.);
#4919=ADVANCED_FACE('',(#4481),#4729,.F.);
#4920=ADVANCED_FACE('',(#4482),#4730,.T.);
#4921=ADVANCED_FACE('',(#4483),#4731,.F.);
#4922=ADVANCED_FACE('',(#4484),#4732,.T.);
#4923=ADVANCED_FACE('',(#4485),#4733,.T.);
#4924=ADVANCED_FACE('',(#4486),#4734,.T.);
#4925=ADVANCED_FACE('',(#4487),#4735,.F.);
#4926=ADVANCED_FACE('',(#4488),#4736,.F.);
#4927=ADVANCED_FACE('',(#4489),#4737,.T.);
#4928=ADVANCED_FACE('',(#4490),#4738,.T.);
#4929=ADVANCED_FACE('',(#4491),#74,.T.);
#4930=ADVANCED_FACE('',(#4492),#75,.T.);
#4931=ADVANCED_FACE('',(#4493),#76,.T.);
#4932=ADVANCED_FACE('',(#4494),#77,.T.);
#4933=ADVANCED_FACE('',(#4495),#78,.T.);
#4934=ADVANCED_FACE('',(#4496),#79,.T.);
#4935=ADVANCED_FACE('',(#4497),#80,.T.);
#4936=ADVANCED_FACE('',(#4498),#81,.T.);
#4937=ADVANCED_FACE('',(#4499),#4739,.T.);
#4938=ADVANCED_FACE('',(#4500),#82,.T.);
#4939=ADVANCED_FACE('',(#4501),#4740,.T.);
#4940=ADVANCED_FACE('',(#4502),#83,.T.);
#4941=ADVANCED_FACE('',(#4503),#84,.T.);
#4942=ADVANCED_FACE('',(#4504),#4741,.T.);
#4943=ADVANCED_FACE('',(#4505),#4742,.T.);
#4944=ADVANCED_FACE('',(#4506),#4743,.F.);
#4945=ADVANCED_FACE('',(#4507),#4744,.F.);
#4946=ADVANCED_FACE('',(#4508),#4745,.T.);
#4947=ADVANCED_FACE('',(#4509),#4746,.F.);
#4948=ADVANCED_FACE('',(#4510),#4747,.T.);
#4949=ADVANCED_FACE('',(#4511),#4748,.T.);
#4950=ADVANCED_FACE('',(#4512),#4749,.F.);
#4951=ADVANCED_FACE('',(#4513),#4750,.F.);
#4952=ADVANCED_FACE('',(#4514),#4751,.F.);
#4953=ADVANCED_FACE('',(#4515),#4752,.F.);
#4954=ADVANCED_FACE('',(#4516),#4753,.F.);
#4955=ADVANCED_FACE('',(#4517),#4754,.F.);
#4956=ADVANCED_FACE('',(#4518),#4755,.T.);
#4957=ADVANCED_FACE('',(#4519),#4756,.T.);
#4958=ADVANCED_FACE('',(#4520),#4757,.T.);
#4959=ADVANCED_FACE('',(#4521),#4758,.T.);
#4960=ADVANCED_FACE('',(#4522),#4759,.T.);
#4961=ADVANCED_FACE('',(#4523),#4760,.T.);
#4962=ADVANCED_FACE('',(#4524),#4761,.F.);
#4963=ADVANCED_FACE('',(#4525),#4762,.F.);
#4964=ADVANCED_FACE('',(#4526),#4763,.T.);
#4965=ADVANCED_FACE('',(#4527),#4764,.T.);
#4966=ADVANCED_FACE('',(#4528),#4765,.F.);
#4967=ADVANCED_FACE('',(#4529),#4766,.T.);
#4968=ADVANCED_FACE('',(#4530),#4767,.T.);
#4969=ADVANCED_FACE('',(#4531),#4768,.F.);
#4970=ADVANCED_FACE('',(#4532),#33,.T.);
#4971=ADVANCED_FACE('',(#4533),#34,.T.);
#4972=ADVANCED_FACE('',(#4534),#35,.T.);
#4973=ADVANCED_FACE('',(#4535),#36,.T.);
#4974=ADVANCED_FACE('',(#4536),#37,.T.);
#4975=ADVANCED_FACE('',(#4537),#38,.T.);
#4976=ADVANCED_FACE('',(#4538),#39,.T.);
#4977=ADVANCED_FACE('',(#4539),#40,.T.);
#4978=ADVANCED_FACE('',(#4540),#12,.T.);
#4979=ADVANCED_FACE('',(#4541),#41,.T.);
#4980=ADVANCED_FACE('',(#4542),#42,.T.);
#4981=ADVANCED_FACE('',(#4543),#43,.T.);
#4982=ADVANCED_FACE('',(#4544),#44,.T.);
#4983=ADVANCED_FACE('',(#4545),#45,.T.);
#4984=ADVANCED_FACE('',(#4546),#4769,.T.);
#4985=ADVANCED_FACE('',(#4547,#4548,#4549),#4770,.T.);
#4986=ADVANCED_FACE('',(#4550),#4771,.F.);
#4987=ADVANCED_FACE('',(#4551),#4772,.F.);
#4988=ADVANCED_FACE('',(#4552),#4773,.F.);
#4989=ADVANCED_FACE('',(#4553,#4554),#13,.F.);
#4990=ADVANCED_FACE('',(#4555),#4774,.T.);
#4991=ADVANCED_FACE('',(#4556,#4557),#14,.F.);
#4992=ADVANCED_FACE('',(#4558),#4775,.T.);
#4993=ADVANCED_FACE('',(#4559),#4776,.F.);
#4994=ADVANCED_FACE('',(#4560),#4777,.T.);
#4995=ADVANCED_FACE('',(#4561),#4778,.F.);
#4996=ADVANCED_FACE('',(#4562),#4779,.F.);
#4997=ADVANCED_FACE('',(#4563),#4780,.F.);
#4998=ADVANCED_FACE('',(#4564),#4781,.F.);
#4999=ADVANCED_FACE('',(#4565),#85,.T.);
#5000=ADVANCED_FACE('',(#4566),#86,.F.);
#5001=ADVANCED_FACE('',(#4567),#87,.T.);
#5002=ADVANCED_FACE('',(#4568),#88,.F.);
#5003=ADVANCED_FACE('',(#4569),#4782,.F.);
#5004=ADVANCED_FACE('',(#4570),#4783,.F.);
#5005=ADVANCED_FACE('',(#4571),#4784,.T.);
#5006=ADVANCED_FACE('',(#4572),#4785,.T.);
#5007=ADVANCED_FACE('',(#4573),#4786,.F.);
#5008=ADVANCED_FACE('',(#4574),#4787,.F.);
#5009=ADVANCED_FACE('',(#4575),#4788,.T.);
#5010=ADVANCED_FACE('',(#4576),#46,.T.);
#5011=ADVANCED_FACE('',(#4577),#47,.T.);
#5012=ADVANCED_FACE('',(#4578),#48,.T.);
#5013=ADVANCED_FACE('',(#4579),#49,.T.);
#5014=ADVANCED_FACE('',(#4580),#50,.T.);
#5015=ADVANCED_FACE('',(#4581),#51,.T.);
#5016=ADVANCED_FACE('',(#4582),#52,.T.);
#5017=ADVANCED_FACE('',(#4583),#4789,.T.);
#5018=ADVANCED_FACE('',(#4584),#4790,.T.);
#5019=ADVANCED_FACE('',(#4585),#4791,.T.);
#5020=ADVANCED_FACE('',(#4586),#4792,.T.);
#5021=ADVANCED_FACE('',(#4587),#4793,.T.);
#5022=ADVANCED_FACE('',(#4588),#4794,.T.);
#5023=ADVANCED_FACE('',(#4589),#4795,.T.);
#5024=ADVANCED_FACE('',(#4590),#4796,.T.);
#5025=ADVANCED_FACE('',(#4591),#4797,.T.);
#5026=ADVANCED_FACE('',(#4592),#4798,.T.);
#5027=ADVANCED_FACE('',(#4593),#4799,.T.);
#5028=ADVANCED_FACE('',(#4594),#4800,.T.);
#5029=ADVANCED_FACE('',(#4595),#4801,.T.);
#5030=ADVANCED_FACE('',(#4596,#4597),#4802,.T.);
#5031=ADVANCED_FACE('',(#4598),#4803,.T.);
#5032=ADVANCED_FACE('',(#4599),#4804,.T.);
#5033=ADVANCED_FACE('',(#4600),#4805,.T.);
#5034=ADVANCED_FACE('',(#4601),#4806,.T.);
#5035=ADVANCED_FACE('',(#4602),#4807,.T.);
#5036=ADVANCED_FACE('',(#4603),#4808,.T.);
#5037=ADVANCED_FACE('',(#4604),#4809,.T.);
#5038=ADVANCED_FACE('',(#4605),#4810,.T.);
#5039=ADVANCED_FACE('',(#4606),#4811,.T.);
#5040=ADVANCED_FACE('',(#4607,#4608),#4812,.T.);
#5041=ADVANCED_FACE('',(#4609),#4813,.T.);
#5042=ADVANCED_FACE('',(#4610),#4814,.T.);
#5043=ADVANCED_FACE('',(#4611),#4815,.T.);
#5044=ADVANCED_FACE('',(#4612),#4816,.T.);
#5045=ADVANCED_FACE('',(#4613),#4817,.T.);
#5046=ADVANCED_FACE('',(#4614),#4818,.T.);
#5047=ADVANCED_FACE('',(#4615),#4819,.T.);
#5048=ADVANCED_FACE('',(#4616),#4820,.T.);
#5049=ADVANCED_FACE('',(#4617),#4821,.T.);
#5050=ADVANCED_FACE('',(#4618),#4822,.T.);
#5051=ADVANCED_FACE('',(#4619),#4823,.T.);
#5052=ADVANCED_FACE('',(#4620),#4824,.T.);
#5053=ADVANCED_FACE('',(#4621),#4825,.T.);
#5054=ADVANCED_FACE('',(#4622),#4826,.T.);
#5055=ADVANCED_FACE('',(#4623),#4827,.T.);
#5056=ADVANCED_FACE('',(#4624),#4828,.T.);
#5057=ADVANCED_FACE('',(#4625),#4829,.T.);
#5058=ADVANCED_FACE('',(#4626),#4830,.T.);
#5059=ADVANCED_FACE('',(#4627),#4831,.T.);
#5060=ADVANCED_FACE('',(#4628),#4832,.T.);
#5061=ADVANCED_FACE('',(#4629),#4833,.T.);
#5062=ADVANCED_FACE('',(#4630),#89,.T.);
#5063=ADVANCED_FACE('',(#4631),#4834,.T.);
#5064=ADVANCED_FACE('',(#4632),#4835,.T.);
#5065=ADVANCED_FACE('',(#4633),#4836,.T.);
#5066=ADVANCED_FACE('',(#4634),#90,.T.);
#5067=ADVANCED_FACE('',(#4635),#91,.T.);
#5068=ADVANCED_FACE('',(#4636),#15,.T.);
#5069=ADVANCED_FACE('',(#4637),#16,.T.);
#5070=ADVANCED_FACE('',(#4638),#17,.F.);
#5071=ADVANCED_FACE('',(#4639),#18,.F.);
#5072=ADVANCED_FACE('',(#4640),#19,.F.);
#5073=ADVANCED_FACE('',(#4641),#92,.T.);
#5074=ADVANCED_FACE('',(#4642),#93,.T.);
#5075=ADVANCED_FACE('',(#4643),#94,.T.);
#5076=ADVANCED_FACE('',(#4644),#20,.F.);
#5077=ADVANCED_FACE('',(#4645),#21,.F.);
#5078=ADVANCED_FACE('',(#4646),#95,.T.);
#5079=ADVANCED_FACE('',(#4647),#96,.T.);
#5080=ADVANCED_FACE('',(#4648),#4837,.T.);
#5081=ADVANCED_FACE('',(#4649),#4838,.T.);
#5082=ADVANCED_FACE('',(#4650),#97,.T.);
#5083=ADVANCED_FACE('',(#4651,#4652),#4839,.T.);
#5084=ADVANCED_FACE('',(#4653),#4840,.T.);
#5085=ADVANCED_FACE('',(#4654),#4841,.T.);
#5086=ADVANCED_FACE('',(#4655),#4842,.T.);
#5087=ADVANCED_FACE('',(#4656),#98,.T.);
#5088=ADVANCED_FACE('',(#4657),#22,.T.);
#5089=ADVANCED_FACE('',(#4658),#23,.T.);
#5090=ADVANCED_FACE('',(#4659),#24,.T.);
#5091=ADVANCED_FACE('',(#4660),#99,.T.);
#5092=ADVANCED_FACE('',(#4661),#100,.T.);
#5093=ADVANCED_FACE('',(#4662),#25,.T.);
#5094=ADVANCED_FACE('',(#4663),#4843,.T.);
#5095=ADVANCED_FACE('',(#4664),#4844,.T.);
#5096=ADVANCED_FACE('',(#4665),#26,.F.);
#5097=ADVANCED_FACE('',(#4666),#101,.T.);
#5098=ADVANCED_FACE('',(#4667),#102,.T.);
#5099=ADVANCED_FACE('',(#4668),#27,.F.);
#5100=ADVANCED_FACE('',(#4669),#28,.F.);
#5101=ADVANCED_FACE('',(#4670),#29,.F.);
#5102=ADVANCED_FACE('',(#4671),#4845,.T.);
#5103=ADVANCED_FACE('',(#4672),#4846,.T.);
#5104=ADVANCED_FACE('',(#4673),#4847,.T.);
#5105=ADVANCED_FACE('',(#4674),#4848,.T.);
#5106=ADVANCED_FACE('',(#4675),#30,.F.);
#5107=ADVANCED_FACE('',(#4676),#31,.T.);
#5108=ADVANCED_FACE('',(#4677),#32,.T.);
#5109=ADVANCED_FACE('',(#4678,#4679),#4849,.T.);
#5110=ADVANCED_FACE('',(#4680),#4850,.T.);
#5111=ADVANCED_FACE('',(#4681),#4851,.T.);
#5112=ADVANCED_FACE('',(#4682),#4852,.T.);
#5113=ADVANCED_FACE('',(#4683),#4853,.T.);
#5114=CLOSED_SHELL('',(#4854,#4855,#4856,#4857,#4858,#4859,#4860,#4861,
#4862,#4863,#4864,#4865,#4866,#4867,#4868,#4869,#4870,#4871,#4872,#4873,
#4874,#4875,#4876,#4877,#4878,#4879,#4880,#4881,#4882,#4883,#4884,#4885,
#4886,#4887,#4888,#4889,#4890,#4891,#4892,#4893,#4894,#4895,#4896,#4897,
#4898,#4899,#4900,#4901,#4902,#4903,#4904,#4905,#4906,#4907,#4908,#4909,
#4910,#4911,#4912,#4913,#4914,#4915,#4916,#4917,#4918,#4919,#4920,#4921,
#4922,#4923,#4924,#4925,#4926,#4927,#4928,#4929,#4930,#4931,#4932,#4933,
#4934,#4935,#4936,#4937,#4938,#4939,#4940,#4941,#4942,#4943,#4944,#4945,
#4946,#4947,#4948,#4949,#4950,#4951,#4952,#4953,#4954,#4955,#4956,#4957,
#4958,#4959,#4960,#4961,#4962,#4963,#4964,#4965,#4966,#4967,#4968,#4969,
#4970,#4971,#4972,#4973,#4974,#4975,#4976,#4977,#4978,#4979,#4980,#4981,
#4982,#4983,#4984,#4985,#4986,#4987,#4988,#4989,#4990,#4991,#4992,#4993,
#4994,#4995,#4996,#4997,#4998,#4999,#5000,#5001,#5002,#5003,#5004,#5005,
#5006,#5007,#5008,#5009,#5010,#5011,#5012,#5013,#5014,#5015,#5016,#5017,
#5018,#5019,#5020,#5021,#5022,#5023,#5024,#5025,#5026,#5027,#5028,#5029,
#5030,#5031,#5032,#5033,#5034,#5035,#5036,#5037,#5038,#5039,#5040,#5041,
#5042,#5043,#5044,#5045,#5046,#5047,#5048,#5049,#5050,#5051,#5052,#5053,
#5054,#5055,#5056,#5057,#5058,#5059,#5060,#5061,#5062,#5063,#5064,#5065,
#5066,#5067,#5068,#5069,#5070,#5071,#5072,#5073,#5074,#5075,#5076,#5077,
#5078,#5079,#5080,#5081,#5082,#5083,#5084,#5085,#5086,#5087,#5088,#5089,
#5090,#5091,#5092,#5093,#5094,#5095,#5096,#5097,#5098,#5099,#5100,#5101,
#5102,#5103,#5104,#5105,#5106,#5107,#5108,#5109,#5110,#5111,#5112,#5113));
#5115=STYLED_ITEM('',(#5116),#5123);
#5116=PRESENTATION_STYLE_ASSIGNMENT((#5117));
#5117=SURFACE_STYLE_USAGE(.BOTH.,#5118);
#5118=SURFACE_SIDE_STYLE('',(#5119));
#5119=SURFACE_STYLE_FILL_AREA(#5120);
#5120=FILL_AREA_STYLE('',(#5121));
#5121=FILL_AREA_STYLE_COLOUR('',#5122);
#5122=COLOUR_RGB('',0.917647058823529,0.917647058823529,0.917647058823529);
#5123=MANIFOLD_SOLID_BREP('Part 22',#5114);
#5124=SHAPE_DEFINITION_REPRESENTATION(#11782,#5125);
#5125=SHAPE_REPRESENTATION('Part 22',(#5126),#11777);
#5126=AXIS2_PLACEMENT_3D('',#6314,#5360,#5361);
#5127=AXIS2_PLACEMENT_3D('',#6315,#5362,#5363);
#5128=AXIS2_PLACEMENT_3D('',#6321,#5366,#5367);
#5129=AXIS2_PLACEMENT_3D('',#6323,#5368,#5369);
#5130=AXIS2_PLACEMENT_3D('',#6328,#5372,#5373);
#5131=AXIS2_PLACEMENT_3D('',#6329,#5374,#5375);
#5132=AXIS2_PLACEMENT_3D('',#6370,#5391,#5392);
#5133=AXIS2_PLACEMENT_3D('',#6372,#5393,#5394);
#5134=AXIS2_PLACEMENT_3D('',#6386,#5395,#5396);
#5135=AXIS2_PLACEMENT_3D('',#6388,#5397,#5398);
#5136=AXIS2_PLACEMENT_3D('',#6390,#5399,#5400);
#5137=AXIS2_PLACEMENT_3D('',#6444,#5422,#5423);
#5138=AXIS2_PLACEMENT_3D('',#6446,#5424,#5425);
#5139=AXIS2_PLACEMENT_3D('',#6448,#5426,#5427);
#5140=AXIS2_PLACEMENT_3D('',#6457,#5428,#5429);
#5141=AXIS2_PLACEMENT_3D('',#6464,#5433,#5434);
#5142=AXIS2_PLACEMENT_3D('',#6477,#5441,#5442);
#5143=AXIS2_PLACEMENT_3D('',#6486,#5447,#5448);
#5144=AXIS2_PLACEMENT_3D('',#6660,#5459,#5460);
#5145=AXIS2_PLACEMENT_3D('',#7235,#5516,#5517);
#5146=AXIS2_PLACEMENT_3D('',#7244,#5522,#5523);
#5147=AXIS2_PLACEMENT_3D('',#7525,#5541,#5542);
#5148=AXIS2_PLACEMENT_3D('',#7528,#5545,#5546);
#5149=AXIS2_PLACEMENT_3D('',#7538,#5552,#5553);
#5150=AXIS2_PLACEMENT_3D('',#7544,#5557,#5558);
#5151=AXIS2_PLACEMENT_3D('',#7554,#5564,#5565);
#5152=AXIS2_PLACEMENT_3D('',#7711,#5572,#5573);
#5153=AXIS2_PLACEMENT_3D('',#7730,#5584,#5585);
#5154=AXIS2_PLACEMENT_3D('',#7733,#5588,#5589);
#5155=AXIS2_PLACEMENT_3D('',#7736,#5592,#5593);
#5156=AXIS2_PLACEMENT_3D('',#7739,#5596,#5597);
#5157=AXIS2_PLACEMENT_3D('',#7749,#5603,#5604);
#5158=AXIS2_PLACEMENT_3D('',#7759,#5610,#5611);
#5159=AXIS2_PLACEMENT_3D('',#7763,#5614,#5615);
#5160=AXIS2_PLACEMENT_3D('',#7774,#5617,#5618);
#5161=AXIS2_PLACEMENT_3D('',#7776,#5620,#5621);
#5162=AXIS2_PLACEMENT_3D('',#7778,#5623,#5624);
#5163=AXIS2_PLACEMENT_3D('',#7790,#5626,#5627);
#5164=AXIS2_PLACEMENT_3D('',#7796,#5629,#5630);
#5165=AXIS2_PLACEMENT_3D('',#7798,#5632,#5633);
#5166=AXIS2_PLACEMENT_3D('',#7800,#5635,#5636);
#5167=AXIS2_PLACEMENT_3D('',#7802,#5638,#5639);
#5168=AXIS2_PLACEMENT_3D('',#7803,#5640,#5641);
#5169=AXIS2_PLACEMENT_3D('',#7976,#5642,#5643);
#5170=AXIS2_PLACEMENT_3D('',#8864,#5655,#5656);
#5171=AXIS2_PLACEMENT_3D('',#9044,#5659,#5660);
#5172=AXIS2_PLACEMENT_3D('',#9050,#5664,#5665);
#5173=AXIS2_PLACEMENT_3D('',#9306,#5668,#5669);
#5174=AXIS2_PLACEMENT_3D('',#9580,#5673,#5674);
#5175=AXIS2_PLACEMENT_3D('',#9584,#5677,#5678);
#5176=AXIS2_PLACEMENT_3D('',#9680,#5686,#5687);
#5177=AXIS2_PLACEMENT_3D('',#9717,#5698,#5699);
#5178=AXIS2_PLACEMENT_3D('',#9729,#5701,#5702);
#5179=AXIS2_PLACEMENT_3D('',#9750,#5706,#5707);
#5180=AXIS2_PLACEMENT_3D('',#9806,#5712,#5713);
#5181=AXIS2_PLACEMENT_3D('',#9813,#5715,#5716);
#5182=AXIS2_PLACEMENT_3D('',#9841,#5722,#5723);
#5183=AXIS2_PLACEMENT_3D('',#9861,#5726,#5727);
#5184=AXIS2_PLACEMENT_3D('',#9866,#5732,#5733);
#5185=AXIS2_PLACEMENT_3D('',#9878,#5740,#5741);
#5186=AXIS2_PLACEMENT_3D('',#9890,#5749,#5750);
#5187=AXIS2_PLACEMENT_3D('',#9892,#5752,#5753);
#5188=AXIS2_PLACEMENT_3D('',#9894,#5755,#5756);
#5189=AXIS2_PLACEMENT_3D('',#9896,#5758,#5759);
#5190=AXIS2_PLACEMENT_3D('',#9897,#5760,#5761);
#5191=AXIS2_PLACEMENT_3D('',#9905,#5767,#5768);
#5192=AXIS2_PLACEMENT_3D('',#9920,#5769,#5770);
#5193=AXIS2_PLACEMENT_3D('',#10091,#5774,#5775);
#5194=AXIS2_PLACEMENT_3D('',#10103,#5777,#5778);
#5195=AXIS2_PLACEMENT_3D('',#10137,#5780,#5781);
#5196=AXIS2_PLACEMENT_3D('',#10140,#5784,#5785);
#5197=AXIS2_PLACEMENT_3D('',#10141,#5786,#5787);
#5198=AXIS2_PLACEMENT_3D('',#10142,#5788,#5789);
#5199=AXIS2_PLACEMENT_3D('',#10145,#5792,#5793);
#5200=AXIS2_PLACEMENT_3D('',#10146,#5794,#5795);
#5201=AXIS2_PLACEMENT_3D('',#10147,#5796,#5797);
#5202=AXIS2_PLACEMENT_3D('',#10151,#5800,#5801);
#5203=AXIS2_PLACEMENT_3D('',#10157,#5805,#5806);
#5204=AXIS2_PLACEMENT_3D('',#10158,#5807,#5808);
#5205=AXIS2_PLACEMENT_3D('',#10166,#5810,#5811);
#5206=AXIS2_PLACEMENT_3D('',#10181,#5813,#5814);
#5207=AXIS2_PLACEMENT_3D('',#10195,#5816,#5817);
#5208=AXIS2_PLACEMENT_3D('',#10212,#5819,#5820);
#5209=AXIS2_PLACEMENT_3D('',#10240,#5826,#5827);
#5210=AXIS2_PLACEMENT_3D('',#10248,#5828,#5829);
#5211=AXIS2_PLACEMENT_3D('',#10257,#5830,#5831);
#5212=AXIS2_PLACEMENT_3D('',#10258,#5832,#5833);
#5213=AXIS2_PLACEMENT_3D('',#10277,#5836,#5837);
#5214=AXIS2_PLACEMENT_3D('',#10293,#5840,#5841);
#5215=AXIS2_PLACEMENT_3D('',#10309,#5844,#5845);
#5216=AXIS2_PLACEMENT_3D('',#10321,#5847,#5848);
#5217=AXIS2_PLACEMENT_3D('',#10328,#5850,#5851);
#5218=AXIS2_PLACEMENT_3D('',#10345,#5856,#5857);
#5219=AXIS2_PLACEMENT_3D('',#10362,#5860,#5861);
#5220=AXIS2_PLACEMENT_3D('',#10370,#5862,#5863);
#5221=AXIS2_PLACEMENT_3D('',#10371,#5864,#5865);
#5222=AXIS2_PLACEMENT_3D('',#10374,#5868,#5869);
#5223=AXIS2_PLACEMENT_3D('',#10377,#5872,#5873);
#5224=AXIS2_PLACEMENT_3D('',#10378,#5874,#5875);
#5225=AXIS2_PLACEMENT_3D('',#10606,#5876,#5877);
#5226=AXIS2_PLACEMENT_3D('',#10745,#5878,#5879);
#5227=AXIS2_PLACEMENT_3D('',#10751,#5883,#5884);
#5228=AXIS2_PLACEMENT_3D('',#10752,#5885,#5886);
#5229=AXIS2_PLACEMENT_3D('',#10754,#5887,#5888);
#5230=AXIS2_PLACEMENT_3D('',#10759,#5891,#5892);
#5231=AXIS2_PLACEMENT_3D('',#10763,#5895,#5896);
#5232=AXIS2_PLACEMENT_3D('',#10765,#5898,#5899);
#5233=AXIS2_PLACEMENT_3D('',#10766,#5900,#5901);
#5234=AXIS2_PLACEMENT_3D('',#10767,#5902,#5903);
#5235=AXIS2_PLACEMENT_3D('',#10769,#5904,#5905);
#5236=AXIS2_PLACEMENT_3D('',#10770,#5906,#5907);
#5237=AXIS2_PLACEMENT_3D('',#10771,#5908,#5909);
#5238=AXIS2_PLACEMENT_3D('',#10773,#5910,#5911);
#5239=AXIS2_PLACEMENT_3D('',#10774,#5912,#5913);
#5240=AXIS2_PLACEMENT_3D('',#10778,#5916,#5917);
#5241=AXIS2_PLACEMENT_3D('',#10782,#5920,#5921);
#5242=AXIS2_PLACEMENT_3D('',#10784,#5923,#5924);
#5243=AXIS2_PLACEMENT_3D('',#10786,#5926,#5927);
#5244=AXIS2_PLACEMENT_3D('',#10799,#5928,#5929);
#5245=AXIS2_PLACEMENT_3D('',#10980,#5936,#5937);
#5246=AXIS2_PLACEMENT_3D('',#10993,#5940,#5941);
#5247=AXIS2_PLACEMENT_3D('',#11004,#5943,#5944);
#5248=AXIS2_PLACEMENT_3D('',#11010,#5946,#5947);
#5249=AXIS2_PLACEMENT_3D('',#11015,#5951,#5952);
#5250=AXIS2_PLACEMENT_3D('',#11020,#5953,#5954);
#5251=AXIS2_PLACEMENT_3D('',#11022,#5956,#5957);
#5252=AXIS2_PLACEMENT_3D('',#11253,#5958,#5959);
#5253=AXIS2_PLACEMENT_3D('',#11257,#5962,#5963);
#5254=AXIS2_PLACEMENT_3D('',#11261,#5966,#5967);
#5255=AXIS2_PLACEMENT_3D('',#11263,#5969,#5970);
#5256=AXIS2_PLACEMENT_3D('',#11264,#5971,#5972);
#5257=AXIS2_PLACEMENT_3D('',#11273,#5977,#5978);
#5258=AXIS2_PLACEMENT_3D('',#11279,#5982,#5983);
#5259=AXIS2_PLACEMENT_3D('',#11283,#5986,#5987);
#5260=AXIS2_PLACEMENT_3D('',#11287,#5990,#5991);
#5261=AXIS2_PLACEMENT_3D('',#11291,#5994,#5995);
#5262=AXIS2_PLACEMENT_3D('',#11293,#5997,#5998);
#5263=AXIS2_PLACEMENT_3D('',#11297,#6001,#6002);
#5264=AXIS2_PLACEMENT_3D('',#11299,#6004,#6005);
#5265=AXIS2_PLACEMENT_3D('',#11302,#6008,#6009);
#5266=AXIS2_PLACEMENT_3D('',#11303,#6010,#6011);
#5267=AXIS2_PLACEMENT_3D('',#11312,#6016,#6017);
#5268=AXIS2_PLACEMENT_3D('',#11318,#6021,#6022);
#5269=AXIS2_PLACEMENT_3D('',#11322,#6025,#6026);
#5270=AXIS2_PLACEMENT_3D('',#11326,#6029,#6030);
#5271=AXIS2_PLACEMENT_3D('',#11330,#6033,#6034);
#5272=AXIS2_PLACEMENT_3D('',#11332,#6036,#6037);
#5273=AXIS2_PLACEMENT_3D('',#11336,#6040,#6041);
#5274=AXIS2_PLACEMENT_3D('',#11338,#6043,#6044);
#5275=AXIS2_PLACEMENT_3D('',#11341,#6047,#6048);
#5276=AXIS2_PLACEMENT_3D('',#11342,#6049,#6050);
#5277=AXIS2_PLACEMENT_3D('',#11346,#6053,#6054);
#5278=AXIS2_PLACEMENT_3D('',#11350,#6057,#6058);
#5279=AXIS2_PLACEMENT_3D('',#11354,#6061,#6062);
#5280=AXIS2_PLACEMENT_3D('',#11358,#6065,#6066);
#5281=AXIS2_PLACEMENT_3D('',#11362,#6069,#6070);
#5282=AXIS2_PLACEMENT_3D('',#11366,#6073,#6074);
#5283=AXIS2_PLACEMENT_3D('',#11368,#6076,#6077);
#5284=AXIS2_PLACEMENT_3D('',#11372,#6080,#6081);
#5285=AXIS2_PLACEMENT_3D('',#11376,#6084,#6085);
#5286=AXIS2_PLACEMENT_3D('',#11380,#6088,#6089);
#5287=AXIS2_PLACEMENT_3D('',#11382,#6091,#6092);
#5288=AXIS2_PLACEMENT_3D('',#11383,#6093,#6094);
#5289=AXIS2_PLACEMENT_3D('',#11387,#6097,#6098);
#5290=AXIS2_PLACEMENT_3D('',#11391,#6101,#6102);
#5291=AXIS2_PLACEMENT_3D('',#11395,#6105,#6106);
#5292=AXIS2_PLACEMENT_3D('',#11399,#6109,#6110);
#5293=AXIS2_PLACEMENT_3D('',#11403,#6113,#6114);
#5294=AXIS2_PLACEMENT_3D('',#11407,#6117,#6118);
#5295=AXIS2_PLACEMENT_3D('',#11409,#6120,#6121);
#5296=AXIS2_PLACEMENT_3D('',#11411,#6123,#6124);
#5297=AXIS2_PLACEMENT_3D('',#11432,#6127,#6128);
#5298=AXIS2_PLACEMENT_3D('',#11438,#6132,#6133);
#5299=AXIS2_PLACEMENT_3D('',#11444,#6137,#6138);
#5300=AXIS2_PLACEMENT_3D('',#11484,#6144,#6145);
#5301=AXIS2_PLACEMENT_3D('',#11485,#6146,#6147);
#5302=AXIS2_PLACEMENT_3D('',#11489,#6149,#6150);
#5303=AXIS2_PLACEMENT_3D('',#11490,#6151,#6152);
#5304=AXIS2_PLACEMENT_3D('',#11491,#6153,#6154);
#5305=AXIS2_PLACEMENT_3D('',#11495,#6156,#6157);
#5306=AXIS2_PLACEMENT_3D('',#11496,#6158,#6159);
#5307=AXIS2_PLACEMENT_3D('',#11499,#6161,#6162);
#5308=AXIS2_PLACEMENT_3D('',#11500,#6163,#6164);
#5309=AXIS2_PLACEMENT_3D('',#11503,#6166,#6167);
#5310=AXIS2_PLACEMENT_3D('',#11504,#6168,#6169);
#5311=AXIS2_PLACEMENT_3D('',#11507,#6171,#6172);
#5312=AXIS2_PLACEMENT_3D('',#11547,#6176,#6177);
#5313=AXIS2_PLACEMENT_3D('',#11550,#6179,#6180);
#5314=AXIS2_PLACEMENT_3D('',#11551,#6181,#6182);
#5315=AXIS2_PLACEMENT_3D('',#11554,#6184,#6185);
#5316=AXIS2_PLACEMENT_3D('',#11581,#6188,#6189);
#5317=AXIS2_PLACEMENT_3D('',#11585,#6192,#6193);
#5318=AXIS2_PLACEMENT_3D('',#11601,#6195,#6196);
#5319=AXIS2_PLACEMENT_3D('',#11602,#6197,#6198);
#5320=AXIS2_PLACEMENT_3D('',#11611,#6203,#6204);
#5321=AXIS2_PLACEMENT_3D('',#11617,#6208,#6209);
#5322=AXIS2_PLACEMENT_3D('',#11640,#6214,#6215);
#5323=AXIS2_PLACEMENT_3D('',#11641,#6216,#6217);
#5324=AXIS2_PLACEMENT_3D('',#11645,#6219,#6220);
#5325=AXIS2_PLACEMENT_3D('',#11646,#6221,#6222);
#5326=AXIS2_PLACEMENT_3D('',#11647,#6223,#6224);
#5327=AXIS2_PLACEMENT_3D('',#11651,#6226,#6227);
#5328=AXIS2_PLACEMENT_3D('',#11652,#6228,#6229);
#5329=AXIS2_PLACEMENT_3D('',#11653,#6230,#6231);
#5330=AXIS2_PLACEMENT_3D('',#11657,#6233,#6234);
#5331=AXIS2_PLACEMENT_3D('',#11692,#6237,#6238);
#5332=AXIS2_PLACEMENT_3D('',#11693,#6239,#6240);
#5333=AXIS2_PLACEMENT_3D('',#11697,#6242,#6243);
#5334=AXIS2_PLACEMENT_3D('',#11698,#6244,#6245);
#5335=AXIS2_PLACEMENT_3D('',#11702,#6248,#6249);
#5336=AXIS2_PLACEMENT_3D('',#11706,#6252,#6253);
#5337=AXIS2_PLACEMENT_3D('',#11709,#6255,#6256);
#5338=AXIS2_PLACEMENT_3D('',#11736,#6259,#6260);
#5339=AXIS2_PLACEMENT_3D('',#11739,#6262,#6263);
#5340=AXIS2_PLACEMENT_3D('',#11740,#6264,#6265);
#5341=AXIS2_PLACEMENT_3D('',#11743,#6267,#6268);
#5342=AXIS2_PLACEMENT_3D('',#11744,#6269,#6270);
#5343=AXIS2_PLACEMENT_3D('',#11747,#6272,#6273);
#5344=AXIS2_PLACEMENT_3D('',#11748,#6274,#6275);
#5345=AXIS2_PLACEMENT_3D('',#11752,#6278,#6279);
#5346=AXIS2_PLACEMENT_3D('',#11754,#6281,#6282);
#5347=AXIS2_PLACEMENT_3D('',#11758,#6285,#6286);
#5348=AXIS2_PLACEMENT_3D('',#11762,#6289,#6290);
#5349=AXIS2_PLACEMENT_3D('',#11765,#6292,#6293);
#5350=AXIS2_PLACEMENT_3D('',#11766,#6294,#6295);
#5351=AXIS2_PLACEMENT_3D('',#11767,#6296,#6297);
#5352=AXIS2_PLACEMENT_3D('',#11768,#6298,#6299);
#5353=AXIS2_PLACEMENT_3D('',#11769,#6300,#6301);
#5354=AXIS2_PLACEMENT_3D('',#11770,#6302,#6303);
#5355=AXIS2_PLACEMENT_3D('',#11771,#6304,#6305);
#5356=AXIS2_PLACEMENT_3D('',#11772,#6306,#6307);
#5357=AXIS2_PLACEMENT_3D('',#11773,#6308,#6309);
#5358=AXIS2_PLACEMENT_3D('',#11774,#6310,#6311);
#5359=AXIS2_PLACEMENT_3D('',#11775,#6312,#6313);
#5360=DIRECTION('',(0.,0.,1.));
#5361=DIRECTION('',(1.,0.,0.));
#5362=DIRECTION('',(-0.997779661394677,0.0666014061947888,0.));
#5363=DIRECTION('',(-0.0666014061947888,-0.997779661394677,0.));
#5364=DIRECTION('',(0.0666014061947888,0.997779661394677,0.));
#5365=DIRECTION('',(0.0307579410692308,0.460795796645744,0.886973045168113));
#5366=DIRECTION('',(-0.997779661394677,0.0666014061947888,0.));
#5367=DIRECTION('',(-0.0666014061947888,-0.997779661394677,0.));
#5368=DIRECTION('',(-0.997779661394677,0.0666014061947888,0.));
#5369=DIRECTION('',(-0.0666014061947888,-0.997779661394677,0.));
#5370=DIRECTION('',(0.0666014061947888,0.997779661394677,0.));
#5371=DIRECTION('',(0.,0.,-1.));
#5372=DIRECTION('',(-0.997779661394677,0.0666014061947888,0.));
#5373=DIRECTION('',(-0.0666014061947888,-0.997779661394677,0.));
#5374=DIRECTION('',(-0.997779661394677,0.0666014061947888,0.));
#5375=DIRECTION('',(-0.0666014061947888,-0.997779661394677,0.));
#5376=DIRECTION('',(-0.0333784914506701,-0.500055206043391,-0.865350025837741));
#5377=DIRECTION('',(0.0666014061947888,0.997779661394677,0.));
#5378=DIRECTION('',(-0.0220261465862324,-0.32998163760032,0.943730346928175));
#5379=DIRECTION('',(-0.0666014061947888,-0.997779661394677,0.));
#5380=DIRECTION('',(-0.0218799355850796,-0.327791197915071,-0.944496796706159));
#5381=DIRECTION('',(0.0666014061947888,0.997779661394677,0.));
#5382=DIRECTION('',(0.,0.,1.));
#5383=DIRECTION('',(-0.0666014061947888,-0.997779661394677,0.));
#5384=DIRECTION('',(-0.032929597985624,-0.493330171315955,-0.869218605211529));
#5385=DIRECTION('',(0.,0.,1.));
#5386=DIRECTION('',(-0.0666014061947888,-0.997779661394677,0.));
#5387=DIRECTION('',(0.,0.,-1.));
#5388=DIRECTION('',(0.0666014061947888,0.997779661394677,0.));
#5389=DIRECTION('',(0.,0.,1.));
#5390=DIRECTION('',(-0.0666014061947888,-0.997779661394677,0.));
#5391=DIRECTION('',(-0.997779661394677,0.0666014061947888,0.));
#5392=DIRECTION('',(-0.0666014061947888,-0.997779661394677,0.));
#5393=DIRECTION('',(-0.997779661394677,0.0666014061947888,0.));
#5394=DIRECTION('',(-0.0666014061947888,-0.997779661394677,0.));
#5395=DIRECTION('',(-0.997779661394677,0.0666014061947888,0.));
#5396=DIRECTION('',(-0.0666014061947888,-0.997779661394677,0.));
#5397=DIRECTION('',(-0.997779661394677,0.0666014061947888,0.));
#5398=DIRECTION('',(-0.0666014061947888,-0.997779661394677,0.));
#5399=DIRECTION('',(-0.997779661394677,0.0666014061947888,0.));
#5400=DIRECTION('',(-0.0666014061947888,-0.997779661394677,0.));
#5401=DIRECTION('',(0.0666014061947888,0.997779661394677,0.));
#5402=DIRECTION('',(-0.0220261465862324,-0.32998163760032,0.943730346928175));
#5403=DIRECTION('',(-0.0666014061947888,-0.997779661394677,0.));
#5404=DIRECTION('',(-0.0218799355850796,-0.327791197915071,-0.944496796706159));
#5405=DIRECTION('',(0.0666014061947888,0.997779661394677,0.));
#5406=DIRECTION('',(0.,0.,-1.));
#5407=DIRECTION('',(0.,0.,-1.));
#5408=DIRECTION('',(0.0666014061947888,0.997779661394677,0.));
#5409=DIRECTION('',(0.,0.,1.));
#5410=DIRECTION('',(-0.0666014061947888,-0.997779661394677,0.));
#5411=DIRECTION('',(-0.026530188379813,-0.397458310428557,-0.917236632813915));
#5412=DIRECTION('',(-0.0264485368034878,-0.396235058746156,0.917768082426811));
#5413=DIRECTION('',(-0.0666014061947888,-0.997779661394677,0.));
#5414=DIRECTION('',(0.,0.,-1.));
#5415=DIRECTION('',(0.0666014061947888,0.997779661394677,0.));
#5416=DIRECTION('',(0.,0.,1.));
#5417=DIRECTION('',(-0.0666014061947888,-0.997779661394677,0.));
#5418=DIRECTION('',(0.,0.,-1.));
#5419=DIRECTION('',(0.0666014061947888,0.997779661394677,0.));
#5420=DIRECTION('',(0.,0.,1.));
#5421=DIRECTION('',(-0.0666014061947888,-0.997779661394677,0.));
#5422=DIRECTION('',(-0.997779661394677,0.0666014061947888,0.));
#5423=DIRECTION('',(-0.0666014061947888,-0.997779661394677,0.));
#5424=DIRECTION('',(-0.997779661394677,0.0666014061947888,0.));
#5425=DIRECTION('',(-0.0666014061947888,-0.997779661394677,0.));
#5426=DIRECTION('',(-0.997779661394677,0.0666014061947888,0.));
#5427=DIRECTION('',(-0.0666014061947888,-0.997779661394677,0.));
#5428=DIRECTION('',(-0.997779661394677,0.0666014061947888,0.));
#5429=DIRECTION('',(-0.0666014061947888,-0.997779661394677,0.));
#5430=DIRECTION('',(0.0666014061947888,0.997779661394677,0.));
#5431=DIRECTION('',(0.032929597985624,0.493330171315955,0.869218605211529));
#5432=DIRECTION('',(0.,0.,-1.));
#5433=DIRECTION('',(-0.997779661394677,0.0666014061947888,0.));
#5434=DIRECTION('',(-0.0666014061947888,-0.997779661394677,0.));
#5435=DIRECTION('',(0.0666014061947888,0.997779661394677,0.));
#5436=DIRECTION('',(0.,0.,1.));
#5437=DIRECTION('',(0.0248556356933809,0.372371233324373,-0.927750969801036));
#5438=DIRECTION('',(0.0666014061947888,0.997779661394677,0.));
#5439=DIRECTION('',(0.0249799873692536,0.374234190582111,0.926997718891683));
#5440=DIRECTION('',(0.,0.,-1.));
#5441=DIRECTION('',(-0.997779661394677,0.0666014061947888,0.));
#5442=DIRECTION('',(-0.0666014061947888,-0.997779661394677,0.));
#5443=DIRECTION('',(0.0666014061947888,0.997779661394677,0.));
#5444=DIRECTION('',(0.0222006414669722,0.332595808275793,-0.942808124612759));
#5445=DIRECTION('',(0.0666014061947888,0.997779661394677,0.));
#5446=DIRECTION('',(0.0217905456567505,0.326452015193321,0.944962567457675));
#5447=DIRECTION('',(-0.997779661394677,0.0666014061947888,0.));
#5448=DIRECTION('',(-0.0666014061947888,-0.997779661394677,0.));
#5449=DIRECTION('',(0.0666014061947888,0.997779661394677,0.));
#5450=DIRECTION('',(0.0222006414669724,0.332595808275795,-0.942808124612758));
#5451=DIRECTION('',(0.0666014061947888,0.997779661394677,0.));
#5452=DIRECTION('',(0.0217905456567506,0.326452015193323,0.944962567457674));
#5453=DIRECTION('',(1.,0.,0.));
#5454=DIRECTION('',(1.,0.,0.));
#5455=DIRECTION('',(1.,0.,0.));
#5456=DIRECTION('',(1.,0.,0.));
#5457=DIRECTION('',(1.,0.,0.));
#5458=DIRECTION('',(1.,0.,0.));
#5459=DIRECTION('',(0.,0.,1.));
#5460=DIRECTION('',(1.,0.,0.));
#5461=DIRECTION('',(0.0666014061947888,0.997779661394677,0.));
#5462=DIRECTION('',(-0.997779661394677,0.0666014061947888,0.));
#5463=DIRECTION('',(-0.997779661394677,0.0666014061947888,0.));
#5464=DIRECTION('',(0.0666014061947888,0.997779661394677,0.));
#5465=DIRECTION('',(-0.997779661394677,0.0666014061947888,0.));
#5466=DIRECTION('',(-0.997779661394677,0.0666014061947888,0.));
#5467=DIRECTION('',(0.0666014061947888,0.997779661394677,0.));
#5468=DIRECTION('',(-0.997779661394677,0.0666014061947888,0.));
#5469=DIRECTION('',(-0.997779661394677,0.0666014061947888,0.));
#5470=DIRECTION('',(0.0666014061947888,0.997779661394677,0.));
#5471=DIRECTION('',(-0.997779661394677,0.0666014061947888,0.));
#5472=DIRECTION('',(-0.997779661394677,0.0666014061947888,0.));
#5473=DIRECTION('',(0.0666014061947888,0.997779661394677,0.));
#5474=DIRECTION('',(-0.997779661394677,0.0666014061947888,0.));
#5475=DIRECTION('',(0.793170672023335,0.608999413006328,0.));
#5476=DIRECTION('',(1.,0.,0.));
#5477=DIRECTION('',(-0.999849635463771,0.0173408899127102,0.));
#5478=DIRECTION('',(-0.782490815505237,0.622662126397575,0.));
#5479=DIRECTION('',(-0.0492890044398473,0.998784558371488,0.));
#5480=DIRECTION('',(0.182835879075018,0.983143449005721,0.));
#5481=DIRECTION('',(-0.999849635463771,0.0173408899127107,0.));
#5482=DIRECTION('',(1.,0.,0.));
#5483=DIRECTION('',(-0.165759804725244,0.986166155948098,0.));
#5484=DIRECTION('',(-0.997779661394677,0.0666014061947888,0.));
#5485=DIRECTION('',(0.0666014061947888,0.997779661394677,0.));
#5486=DIRECTION('',(-0.997779661394677,0.0666014061947888,0.));
#5487=DIRECTION('',(-0.997779661394677,0.0666014061947888,0.));
#5488=DIRECTION('',(0.0666014061947888,0.997779661394677,0.));
#5489=DIRECTION('',(-0.997779661394677,0.0666014061947888,0.));
#5490=DIRECTION('',(-0.997779661394677,0.0666014061947888,0.));
#5491=DIRECTION('',(0.0666014061947888,0.997779661394677,0.));
#5492=DIRECTION('',(-0.997779661394677,0.0666014061947888,0.));
#5493=DIRECTION('',(-0.997779661394677,0.0666014061947888,0.));
#5494=DIRECTION('',(0.0666014061947888,0.997779661394677,0.));
#5495=DIRECTION('',(-0.997779661394677,0.0666014061947888,0.));
#5496=DIRECTION('',(-0.997779661394677,0.0666014061947888,0.));
#5497=DIRECTION('',(0.0666014061947888,0.997779661394677,0.));
#5498=DIRECTION('',(-0.997779661394677,0.0666014061947888,0.));
#5499=DIRECTION('',(-0.997779661394677,0.0666014061947888,0.));
#5500=DIRECTION('',(0.0666014061947888,0.997779661394677,0.));
#5501=DIRECTION('',(-0.997779661394677,0.0666014061947888,0.));
#5502=DIRECTION('',(-0.997779661394677,0.0666014061947888,0.));
#5503=DIRECTION('',(0.0666014061947888,0.997779661394677,0.));
#5504=DIRECTION('',(-0.997779661394677,0.0666014061947888,0.));
#5505=DIRECTION('',(-0.997779661394677,0.0666014061947888,0.));
#5506=DIRECTION('',(0.,-1.,0.));
#5507=DIRECTION('',(-0.999999936684772,-0.000355851726816781,0.));
#5508=DIRECTION('',(-0.999999978951338,0.000205176325152929,0.));
#5509=DIRECTION('',(-0.793170672023335,-0.608999413006328,0.));
#5510=DIRECTION('',(0.0484339411054643,0.998826387991923,0.));
#5511=DIRECTION('',(0.,-1.,0.));
#5512=DIRECTION('',(-1.,0.,0.));
#5513=DIRECTION('',(0.,0.,-1.));
#5514=DIRECTION('',(0.,0.,-1.));
#5515=DIRECTION('',(0.,0.,-1.));
#5516=DIRECTION('',(0.,0.976020705473793,-0.217677703236781));
#5517=DIRECTION('',(0.,0.217677703236781,0.976020705473793));
#5518=DIRECTION('',(1.,0.,0.));
#5519=DIRECTION('',(0.,-0.217677703236781,-0.976020705473793));
#5520=DIRECTION('',(1.,0.,0.));
#5521=DIRECTION('',(0.,0.217677703236781,0.976020705473793));
#5522=DIRECTION('',(0.,-0.998117111618684,-0.0613370319951654));
#5523=DIRECTION('',(0.,0.0613370319951654,-0.998117111618684));
#5524=DIRECTION('',(1.,0.,0.));
#5525=DIRECTION('',(0.,-0.0613370319951654,0.998117111618684));
#5526=DIRECTION('',(1.,0.,0.));
#5527=DIRECTION('',(0.,0.0613370319951654,-0.998117111618684));
#5528=DIRECTION('',(1.,0.,0.));
#5529=DIRECTION('',(1.,0.,0.));
#5530=DIRECTION('',(1.,0.,0.));
#5531=DIRECTION('',(1.,0.,0.));
#5532=DIRECTION('',(1.,0.,0.));
#5533=DIRECTION('',(1.,0.,0.));
#5534=DIRECTION('',(1.,0.,0.));
#5535=DIRECTION('',(1.,0.,0.));
#5536=DIRECTION('',(1.,0.,0.));
#5537=DIRECTION('',(1.,0.,0.));
#5538=DIRECTION('',(1.,0.,0.));
#5539=DIRECTION('',(1.,0.,0.));
#5540=DIRECTION('',(1.,0.,0.));
#5541=DIRECTION('',(0.,0.323053315908681,0.946380766436219));
#5542=DIRECTION('',(0.,-0.94638076643622,0.323053315908681));
#5543=DIRECTION('',(0.,0.94638076643622,-0.323053315908681));
#5544=DIRECTION('',(0.,-0.94638076643622,0.323053315908681));
#5545=DIRECTION('',(0.,0.976020705473793,-0.217677703236781));
#5546=DIRECTION('',(0.,0.217677703236781,0.976020705473793));
#5547=DIRECTION('',(1.,0.,0.));
#5548=DIRECTION('',(0.,0.217677703236781,0.976020705473793));
#5549=DIRECTION('',(0.,-0.217677703236781,-0.976020705473793));
#5550=DIRECTION('',(-1.,0.,0.));
#5551=DIRECTION('',(0.,0.217677703236781,0.976020705473793));
#5552=DIRECTION('',(0.,0.976020705473793,-0.217677703236781));
#5553=DIRECTION('',(0.,0.217677703236781,0.976020705473793));
#5554=DIRECTION('',(0.,-0.217677703236781,-0.976020705473793));
#5555=DIRECTION('',(0.,0.217677703236781,0.976020705473793));
#5556=DIRECTION('',(1.,0.,0.));
#5557=DIRECTION('',(0.,-0.998117111618684,-0.0613370319951654));
#5558=DIRECTION('',(0.,0.0613370319951654,-0.998117111618684));
#5559=DIRECTION('',(0.,0.0613370319951654,-0.998117111618684));
#5560=DIRECTION('',(1.,0.,0.));
#5561=DIRECTION('',(0.,0.0613370319951672,-0.998117111618684));
#5562=DIRECTION('',(-1.,0.,0.));
#5563=DIRECTION('',(0.,-0.0613370319951654,0.998117111618684));
#5564=DIRECTION('',(0.,-0.998117111618684,-0.0613370319951654));
#5565=DIRECTION('',(0.,0.0613370319951654,-0.998117111618684));
#5566=DIRECTION('',(0.,-0.0613370319951654,0.998117111618684));
#5567=DIRECTION('',(1.,0.,0.));
#5568=DIRECTION('',(0.,0.0613370319951654,-0.998117111618684));
#5569=DIRECTION('',(1.,0.,0.));
#5570=DIRECTION('',(1.,0.,0.));
#5571=DIRECTION('',(1.,0.,0.));
#5572=DIRECTION('',(-0.998784558371488,-0.0492890044398473,0.));
#5573=DIRECTION('',(0.0492890044398473,-0.998784558371488,0.));
#5574=DIRECTION('',(0.,0.,-1.));
#5575=DIRECTION('',(-0.0492890044398473,0.998784558371488,0.));
#5576=DIRECTION('',(0.,0.,1.));
#5577=DIRECTION('',(0.,0.,-1.));
#5578=DIRECTION('',(-0.0492890044398473,0.998784558371488,0.));
#5579=DIRECTION('',(1.53530429026806E-14,-1.66938676608702E-14,-1.));
#5580=DIRECTION('',(-0.0492890044398473,0.998784558371488,0.));
#5581=DIRECTION('',(1.53530429026806E-14,-1.66938676608702E-14,-1.));
#5582=DIRECTION('',(-0.0492890044398473,0.998784558371488,0.));
#5583=DIRECTION('',(0.,0.,-1.));
#5584=DIRECTION('',(0.,0.323053315908681,0.946380766436219));
#5585=DIRECTION('',(0.,-0.94638076643622,0.323053315908681));
#5586=DIRECTION('',(0.,-0.94638076643622,0.323053315908681));
#5587=DIRECTION('',(0.,-0.94638076643622,0.323053315908681));
#5588=DIRECTION('',(0.,0.323053315908681,0.946380766436219));
#5589=DIRECTION('',(0.,-0.94638076643622,0.323053315908681));
#5590=DIRECTION('',(0.,0.94638076643622,-0.323053315908681));
#5591=DIRECTION('',(0.,-0.94638076643622,0.323053315908681));
#5592=DIRECTION('',(0.,0.,-1.));
#5593=DIRECTION('',(-1.,0.,0.));
#5594=DIRECTION('',(0.,1.,-4.96728179001582E-16));
#5595=DIRECTION('',(0.,-1.,0.));
#5596=DIRECTION('',(0.,0.976020705473793,-0.217677703236781));
#5597=DIRECTION('',(0.,0.217677703236781,0.976020705473793));
#5598=DIRECTION('',(0.,0.217677703236781,0.976020705473793));
#5599=DIRECTION('',(1.,0.,0.));
#5600=DIRECTION('',(0.,0.217677703236781,0.976020705473793));
#5601=DIRECTION('',(-1.,0.,0.));
#5602=DIRECTION('',(0.,-0.217677703236781,-0.976020705473793));
#5603=DIRECTION('',(0.,-0.998117111618684,-0.0613370319951654));
#5604=DIRECTION('',(0.,0.0613370319951654,-0.998117111618684));
#5605=DIRECTION('',(0.,0.0613370319951654,-0.998117111618684));
#5606=DIRECTION('',(0.,-0.0613370319951654,0.998117111618684));
#5607=DIRECTION('',(-1.,0.,0.));
#5608=DIRECTION('',(0.,0.0613370319951672,-0.998117111618684));
#5609=DIRECTION('',(1.,0.,0.));
#5610=DIRECTION('',(0.,0.,1.));
#5611=DIRECTION('',(1.,0.,0.));
#5612=DIRECTION('',(-0.999849635463771,0.0173408899127107,0.));
#5613=DIRECTION('',(0.,-1.,0.));
#5614=DIRECTION('',(-0.986166155948099,-0.165759804725244,0.));
#5615=DIRECTION('',(0.165759804725244,-0.986166155948099,0.));
#5616=DIRECTION('',(0.,0.,-1.));
#5617=DIRECTION('',(0.,1.,0.));
#5618=DIRECTION('',(0.,0.,1.));
#5619=DIRECTION('',(0.,0.,-1.));
#5620=DIRECTION('',(-0.0173408899127107,-0.999849635463771,0.));
#5621=DIRECTION('',(0.999849635463771,-0.0173408899127107,0.));
#5622=DIRECTION('',(0.,0.,-1.));
#5623=DIRECTION('',(-0.983143449005721,0.182835879075018,0.));
#5624=DIRECTION('',(-0.182835879075018,-0.983143449005721,0.));
#5625=DIRECTION('',(0.,0.,-1.));
#5626=DIRECTION('',(-0.998784558371488,-0.0492890044398473,0.));
#5627=DIRECTION('',(0.0492890044398473,-0.998784558371488,0.));
#5628=DIRECTION('',(0.,0.,-1.));
#5629=DIRECTION('',(-0.622662126397575,-0.782490815505237,0.));
#5630=DIRECTION('',(0.782490815505237,-0.622662126397575,0.));
#5631=DIRECTION('',(0.,0.,-1.));
#5632=DIRECTION('',(-0.0173408899127102,-0.999849635463771,0.));
#5633=DIRECTION('',(0.999849635463771,-0.0173408899127102,0.));
#5634=DIRECTION('',(0.,0.,-1.));
#5635=DIRECTION('',(0.,1.,0.));
#5636=DIRECTION('',(0.,0.,1.));
#5637=DIRECTION('',(0.,0.,-1.));
#5638=DIRECTION('',(-0.608999413006328,0.793170672023335,0.));
#5639=DIRECTION('',(-0.793170672023335,-0.608999413006328,0.));
#5640=DIRECTION('',(0.,0.,1.));
#5641=DIRECTION('',(1.,0.,0.));
#5642=DIRECTION('',(0.,0.,1.));
#5643=DIRECTION('',(1.,0.,0.));
#5644=DIRECTION('',(0.0484339411054643,0.998826387991923,0.));
#5645=DIRECTION('',(0.,0.,-1.));
#5646=DIRECTION('',(0.,0.,-1.));
#5647=DIRECTION('',(2.11270122683604E-7,2.94867140644372E-7,0.999999999999934));
#5648=DIRECTION('',(7.50700009719138E-8,-8.63648549507255E-8,1.));
#5649=DIRECTION('',(0.,0.,-1.));
#5650=DIRECTION('',(0.,0.,1.));
#5651=DIRECTION('',(0.,0.,-1.));
#5652=DIRECTION('',(0.,0.,-1.));
#5653=DIRECTION('',(0.,0.,-1.));
#5654=DIRECTION('',(0.,0.,-1.));
#5655=DIRECTION('',(-0.998826387991923,0.0484339411054643,0.));
#5656=DIRECTION('',(-0.0484339411054643,-0.998826387991923,0.));
#5657=DIRECTION('',(0.,0.,-1.));
#5658=DIRECTION('',(0.,0.,-1.));
#5659=DIRECTION('',(0.000205176325152929,0.999999978951338,0.));
#5660=DIRECTION('',(-0.999999978951338,0.000205176325152929,0.));
#5661=DIRECTION('',(0.,0.,1.));
#5662=DIRECTION('',(-0.999999978951338,0.000205176325152929,0.));
#5663=DIRECTION('',(0.,0.,1.));
#5664=DIRECTION('',(-0.608999413006328,0.793170672023335,0.));
#5665=DIRECTION('',(-0.793170672023335,-0.608999413006328,0.));
#5666=DIRECTION('',(-0.793170672023335,-0.608999413006328,0.));
#5667=DIRECTION('',(0.,0.,1.));
#5668=DIRECTION('',(-0.000355851726816781,0.999999936684772,0.));
#5669=DIRECTION('',(-0.999999936684772,-0.000355851726816781,0.));
#5670=DIRECTION('',(0.,0.,-1.));
#5671=DIRECTION('',(-0.999999936684772,-0.000355851726816781,0.));
#5672=DIRECTION('',(0.,0.,1.));
#5673=DIRECTION('',(0.,0.,1.));
#5674=DIRECTION('',(1.,0.,0.));
#5675=DIRECTION('',(1.,0.,0.));
#5676=DIRECTION('',(0.,1.,0.));
#5677=DIRECTION('',(0.,0.,1.));
#5678=DIRECTION('',(1.,0.,0.));
#5679=DIRECTION('',(-0.999849635463771,0.0173408899127107,0.));
#5680=DIRECTION('',(-0.999999936684772,-0.000355851726816781,0.));
#5681=DIRECTION('',(-0.999999978951338,0.000205176325152929,0.));
#5682=DIRECTION('',(0.793170672023335,0.608999413006328,0.));
#5683=DIRECTION('',(0.0666014061947888,0.997779661394677,0.));
#5684=DIRECTION('',(-0.165759804725244,0.986166155948099,0.));
#5685=DIRECTION('',(1.,0.,0.));
#5686=DIRECTION('',(-0.608999413006328,0.793170672023335,0.));
#5687=DIRECTION('',(-0.793170672023335,-0.608999413006328,0.));
#5688=DIRECTION('',(0.,0.,-1.));
#5689=DIRECTION('',(0.793170672023335,0.608999413006328,0.));
#5690=DIRECTION('',(0.,0.,-1.));
#5691=DIRECTION('',(0.,0.,-1.));
#5692=DIRECTION('',(0.793170672023335,0.608999413006328,0.));
#5693=DIRECTION('',(2.67608079977975E-15,5.51873347123092E-14,-1.));
#5694=DIRECTION('',(0.793170672023335,0.608999413006328,0.));
#5695=DIRECTION('',(5.67026329839681E-16,1.99025549970276E-15,-1.));
#5696=DIRECTION('',(5.67026329839681E-16,1.99025549970276E-15,-1.));
#5697=DIRECTION('',(5.67026329839681E-16,1.99025549970276E-15,-1.));
#5698=DIRECTION('',(0.,0.,1.));
#5699=DIRECTION('',(1.,0.,0.));
#5700=DIRECTION('',(-0.0666014061947888,-0.997779661394677,0.));
#5701=DIRECTION('',(0.,0.,1.));
#5702=DIRECTION('',(1.,0.,0.));
#5703=DIRECTION('',(-0.0666014061947888,-0.997779661394677,0.));
#5704=DIRECTION('',(-0.165759804725244,0.986166155948099,0.));
#5705=DIRECTION('',(2.65468018538845E-15,6.79201906057923E-14,1.));
#5706=DIRECTION('',(0.,0.,1.));
#5707=DIRECTION('',(1.,0.,0.));
#5708=DIRECTION('',(-0.165759804725244,0.986166155948099,0.));
#5709=DIRECTION('',(-2.55635791945595E-14,5.4970378948569E-14,1.));
#5710=DIRECTION('',(0.,0.,1.));
#5711=DIRECTION('',(0.,0.,1.));
#5712=DIRECTION('',(0.,0.,1.));
#5713=DIRECTION('',(1.,0.,0.));
#5714=DIRECTION('',(0.0666014061947888,0.997779661394677,0.));
#5715=DIRECTION('',(0.,0.,1.));
#5716=DIRECTION('',(1.,0.,0.));
#5717=DIRECTION('',(-0.999999978951338,0.000205176325152929,0.));
#5718=DIRECTION('',(-0.999999936684772,-0.000355851726816781,0.));
#5719=DIRECTION('',(-0.782490815505237,0.622662126397575,0.));
#5720=DIRECTION('',(-0.999849635463771,0.0173408899127102,0.));
#5721=DIRECTION('',(1.,0.,0.));
#5722=DIRECTION('',(0.,0.,1.));
#5723=DIRECTION('',(1.,0.,0.));
#5724=DIRECTION('',(-0.165759804725244,0.986166155948099,0.));
#5725=DIRECTION('',(1.,0.,0.));
#5726=DIRECTION('',(-0.986166155948099,-0.165759804725244,0.));
#5727=DIRECTION('',(0.165759804725244,-0.986166155948099,0.));
#5728=DIRECTION('',(0.,0.,-1.));
#5729=DIRECTION('',(0.,0.,-1.));
#5730=DIRECTION('',(0.,0.,-1.));
#5731=DIRECTION('',(2.65468018538845E-15,6.79201906057923E-14,1.));
#5732=DIRECTION('',(0.,1.,0.));
#5733=DIRECTION('',(0.,0.,1.));
#5734=DIRECTION('',(0.,0.,-1.));
#5735=DIRECTION('',(1.,0.,0.));
#5736=DIRECTION('',(0.,0.,-1.));
#5737=DIRECTION('',(-1.,0.,0.));
#5738=DIRECTION('',(0.,0.,-1.));
#5739=DIRECTION('',(-1.,0.,0.));
#5740=DIRECTION('',(-0.0173408899127107,-0.999849635463771,0.));
#5741=DIRECTION('',(0.999849635463771,-0.0173408899127107,0.));
#5742=DIRECTION('',(-0.999849635463771,0.0173408899127107,0.));
#5743=DIRECTION('',(0.999849635463771,-0.0173408899127107,0.));
#5744=DIRECTION('',(0.,0.,1.));
#5745=DIRECTION('',(0.999849627059511,-0.0173408897669514,-0.000129657422942376));
#5746=DIRECTION('',(0.,0.,-1.));
#5747=DIRECTION('',(-0.999849635463771,0.0173408899127107,0.));
#5748=DIRECTION('',(-2.55635791945595E-14,5.4970378948569E-14,1.));
#5749=DIRECTION('',(-0.983143449005721,0.182835879075018,0.));
#5750=DIRECTION('',(-0.182835879075018,-0.983143449005721,0.));
#5751=DIRECTION('',(0.182835879075018,0.983143449005721,0.));
#5752=DIRECTION('',(-0.622662126397575,-0.782490815505237,0.));
#5753=DIRECTION('',(0.782490815505237,-0.622662126397575,0.));
#5754=DIRECTION('',(0.,0.,-1.));
#5755=DIRECTION('',(-0.0173408899127102,-0.999849635463771,0.));
#5756=DIRECTION('',(0.999849635463771,-0.0173408899127102,0.));
#5757=DIRECTION('',(0.,0.,-1.));
#5758=DIRECTION('',(0.,1.,0.));
#5759=DIRECTION('',(0.,0.,1.));
#5760=DIRECTION('',(-0.997779661394677,0.0666014061947888,0.));
#5761=DIRECTION('',(-0.0666014061947888,-0.997779661394677,0.));
#5762=DIRECTION('',(0.,0.,-1.));
#5763=DIRECTION('',(0.0666014061947888,0.997779661394677,0.));
#5764=DIRECTION('',(0.,0.,1.));
#5765=DIRECTION('',(5.67026329839681E-16,1.99025549970276E-15,-1.));
#5766=DIRECTION('',(2.67608079977975E-15,5.51873347123092E-14,-1.));
#5767=DIRECTION('',(0.,0.,1.));
#5768=DIRECTION('',(1.,0.,0.));
#5769=DIRECTION('',(0.,0.,1.));
#5770=DIRECTION('',(1.,0.,0.));
#5771=DIRECTION('',(0.,0.,1.));
#5772=DIRECTION('',(5.67026329839681E-16,1.99025549970276E-15,-1.));
#5773=DIRECTION('',(0.,0.,-1.));
#5774=DIRECTION('',(0.000205176325152929,0.999999978951338,0.));
#5775=DIRECTION('',(-0.999999978951338,0.000205176325152929,0.));
#5776=DIRECTION('',(5.67026329839681E-16,1.99025549970276E-15,-1.));
#5777=DIRECTION('',(-0.000355851726816781,0.999999936684772,0.));
#5778=DIRECTION('',(-0.999999936684772,-0.000355851726816781,0.));
#5779=DIRECTION('',(0.,0.,-1.));
#5780=DIRECTION('',(0.,0.,-1.));
#5781=DIRECTION('',(-1.,0.,0.));
#5782=DIRECTION('',(0.,1.,-4.96728179001582E-16));
#5783=DIRECTION('',(0.,-1.,0.));
#5784=DIRECTION('',(1.,0.,0.));
#5785=DIRECTION('',(0.,1.,0.));
#5786=DIRECTION('',(1.,0.,0.));
#5787=DIRECTION('',(0.,1.,0.));
#5788=DIRECTION('',(0.,0.323053315908681,0.946380766436219));
#5789=DIRECTION('',(0.,-0.94638076643622,0.323053315908681));
#5790=DIRECTION('',(0.,-0.94638076643622,0.323053315908681));
#5791=DIRECTION('',(0.,-0.94638076643622,0.323053315908681));
#5792=DIRECTION('',(1.,0.,0.));
#5793=DIRECTION('',(0.,1.,0.));
#5794=DIRECTION('',(1.,0.,0.));
#5795=DIRECTION('',(0.,1.,0.));
#5796=DIRECTION('',(0.,0.,1.));
#5797=DIRECTION('',(1.,0.,0.));
#5798=DIRECTION('',(-0.12348919619176,-0.992345916716501,0.));
#5799=DIRECTION('',(0.147347898472071,0.989084726813565,0.));
#5800=DIRECTION('',(0.,-1.,0.));
#5801=DIRECTION('',(0.,0.,-1.));
#5802=DIRECTION('',(0.,0.,1.));
#5803=DIRECTION('',(-1.,0.,0.));
#5804=DIRECTION('',(0.,0.,1.));
#5805=DIRECTION('',(-0.5625308481003,0.826776296791071,0.));
#5806=DIRECTION('',(-0.826776296791071,-0.5625308481003,0.));
#5807=DIRECTION('',(-0.5625308481003,0.826776296791071,0.));
#5808=DIRECTION('',(0.826776296791071,0.5625308481003,0.));
#5809=DIRECTION('',(0.,0.,1.));
#5810=DIRECTION('',(-0.992345916716501,0.12348919619176,0.));
#5811=DIRECTION('',(-0.12348919619176,-0.992345916716501,0.));
#5812=DIRECTION('',(0.,0.,1.));
#5813=DIRECTION('',(0.989084726813565,-0.147347898472071,0.));
#5814=DIRECTION('',(0.147347898472071,0.989084726813565,0.));
#5815=DIRECTION('',(0.,0.,1.));
#5816=DIRECTION('',(0.571752904313844,-0.820425875023871,0.));
#5817=DIRECTION('',(0.820425875023871,0.571752904313844,0.));
#5818=DIRECTION('',(0.,0.,1.));
#5819=DIRECTION('',(0.,-1.,0.));
#5820=DIRECTION('',(0.,0.,-1.));
#5821=DIRECTION('',(0.,0.,1.));
#5822=DIRECTION('',(-1.,0.,0.));
#5823=DIRECTION('',(0.,0.,1.));
#5824=DIRECTION('',(0.,0.,1.));
#5825=DIRECTION('',(0.,0.,1.));
#5826=DIRECTION('',(-1.,0.,0.));
#5827=DIRECTION('',(0.,0.,1.));
#5828=DIRECTION('',(-1.,0.,0.));
#5829=DIRECTION('',(0.,0.,1.));
#5830=DIRECTION('',(-1.,0.,0.));
#5831=DIRECTION('',(0.,0.,1.));
#5832=DIRECTION('',(0.573863798702644,0.818950755869101,0.));
#5833=DIRECTION('',(-0.818950755869101,0.573863798702644,0.));
#5834=DIRECTION('',(0.,0.,1.));
#5835=DIRECTION('',(0.,0.,1.));
#5836=DIRECTION('',(0.991281634394153,0.131760089985006,0.));
#5837=DIRECTION('',(-0.131760089985006,0.991281634394153,0.));
#5838=DIRECTION('',(0.,0.,1.));
#5839=DIRECTION('',(-0.131760089985006,0.991281634394153,0.));
#5840=DIRECTION('',(-0.993961418101212,-0.109730120414719,0.));
#5841=DIRECTION('',(0.109730120414719,-0.993961418101212,0.));
#5842=DIRECTION('',(0.,0.,1.));
#5843=DIRECTION('',(0.109730120414719,-0.993961418101212,0.));
#5844=DIRECTION('',(-0.569867920038729,-0.821736304242871,0.));
#5845=DIRECTION('',(0.821736304242871,-0.569867920038729,0.));
#5846=DIRECTION('',(0.,0.,1.));
#5847=DIRECTION('',(0.00133168176188764,-0.999999113311449,0.));
#5848=DIRECTION('',(0.999999113311449,0.00133168176188764,0.));
#5849=DIRECTION('',(0.,0.,1.));
#5850=DIRECTION('',(0.,-1.,0.));
#5851=DIRECTION('',(0.,0.,-1.));
#5852=DIRECTION('',(0.,0.,1.));
#5853=DIRECTION('',(0.,0.,1.));
#5854=DIRECTION('',(0.,0.,1.));
#5855=DIRECTION('',(-1.,0.,0.));
#5856=DIRECTION('',(-1.,0.,0.));
#5857=DIRECTION('',(0.,0.,1.));
#5858=DIRECTION('',(0.,0.,-1.));
#5859=DIRECTION('',(0.,1.,0.));
#5860=DIRECTION('',(-1.,0.,0.));
#5861=DIRECTION('',(0.,0.,1.));
#5862=DIRECTION('',(0.,0.,1.));
#5863=DIRECTION('',(1.,0.,0.));
#5864=DIRECTION('',(0.,1.,0.));
#5865=DIRECTION('',(0.,0.,1.));
#5866=DIRECTION('',(0.,0.,-1.));
#5867=DIRECTION('',(0.,0.,-1.));
#5868=DIRECTION('',(0.,1.,0.));
#5869=DIRECTION('',(0.,0.,1.));
#5870=DIRECTION('',(0.,0.,-1.));
#5871=DIRECTION('',(0.,0.,-1.));
#5872=DIRECTION('',(1.,0.,0.));
#5873=DIRECTION('',(0.,0.,-1.));
#5874=DIRECTION('',(1.,0.,0.));
#5875=DIRECTION('',(0.,0.,-1.));
#5876=DIRECTION('',(1.,0.,0.));
#5877=DIRECTION('',(0.,0.,-1.));
#5878=DIRECTION('',(1.,0.,0.));
#5879=DIRECTION('',(0.,1.,0.));
#5880=DIRECTION('',(0.,-1.,0.));
#5881=DIRECTION('',(0.,0.,1.));
#5882=DIRECTION('',(0.,-0.999972048584182,-0.00747676737331721));
#5883=DIRECTION('',(0.,0.,-1.));
#5884=DIRECTION('',(-1.,0.,0.));
#5885=DIRECTION('',(0.,0.,-1.));
#5886=DIRECTION('',(-1.,0.,0.));
#5887=DIRECTION('',(0.,0.,-1.));
#5888=DIRECTION('',(-1.,0.,0.));
#5889=DIRECTION('',(0.,-1.,0.));
#5890=DIRECTION('',(-1.,0.,0.));
#5891=DIRECTION('',(0.,-1.,0.));
#5892=DIRECTION('',(0.,0.,-1.));
#5893=DIRECTION('',(0.,0.,1.));
#5894=DIRECTION('',(-1.,0.,0.));
#5895=DIRECTION('',(0.,0.00747676737331721,-0.999972048584182));
#5896=DIRECTION('',(0.,0.999972048584182,0.00747676737331721));
#5897=DIRECTION('',(0.,-0.999972048584182,-0.00747676737331721));
#5898=DIRECTION('',(1.,0.,0.));
#5899=DIRECTION('',(0.,1.,0.));
#5900=DIRECTION('',(0.,0.,-1.));
#5901=DIRECTION('',(-1.,0.,0.));
#5902=DIRECTION('',(0.,0.,-1.));
#5903=DIRECTION('',(-1.,0.,0.));
#5904=DIRECTION('',(0.,0.,-1.));
#5905=DIRECTION('',(1.,0.,0.));
#5906=DIRECTION('',(0.,0.,-1.));
#5907=DIRECTION('',(-1.,0.,0.));
#5908=DIRECTION('',(0.,0.,-1.));
#5909=DIRECTION('',(-1.,0.,0.));
#5910=DIRECTION('',(0.,0.,-1.));
#5911=DIRECTION('',(1.,0.,0.));
#5912=DIRECTION('',(1.,0.,0.));
#5913=DIRECTION('',(0.,0.,-1.));
#5914=DIRECTION('',(0.,0.,-1.));
#5915=DIRECTION('',(0.,-1.,0.));
#5916=DIRECTION('',(1.,0.,0.));
#5917=DIRECTION('',(0.,0.,-1.));
#5918=DIRECTION('',(0.,-1.,0.));
#5919=DIRECTION('',(0.,0.,-1.));
#5920=DIRECTION('',(0.,-1.,0.));
#5921=DIRECTION('',(0.,0.,-1.));
#5922=DIRECTION('',(-1.,0.,0.));
#5923=DIRECTION('',(0.,0.,1.));
#5924=DIRECTION('',(1.,0.,0.));
#5925=DIRECTION('',(-0.999999961180844,-0.000278636519188556,0.));
#5926=DIRECTION('',(0.,0.,1.));
#5927=DIRECTION('',(1.,0.,0.));
#5928=DIRECTION('',(0.000278636519188556,-0.999999961180844,0.));
#5929=DIRECTION('',(0.999999961180844,0.000278636519188556,0.));
#5930=DIRECTION('',(0.,0.,-1.));
#5931=DIRECTION('',(0.,0.,-1.));
#5932=DIRECTION('',(0.,0.,-1.));
#5933=DIRECTION('',(0.,0.,-1.));
#5934=DIRECTION('',(0.,0.,-1.));
#5935=DIRECTION('',(0.,0.,-1.));
#5936=DIRECTION('',(0.999831637225512,-0.0183493106941869,0.));
#5937=DIRECTION('',(0.0183493106941869,0.999831637225512,0.));
#5938=DIRECTION('',(0.,0.,-1.));
#5939=DIRECTION('',(-0.0183493106941869,-0.999831637225512,0.));
#5940=DIRECTION('',(0.999328336924453,0.036645259172327,0.));
#5941=DIRECTION('',(-0.036645259172327,0.999328336924453,0.));
#5942=DIRECTION('',(0.036645259172327,-0.999328336924453,0.));
#5943=DIRECTION('',(0.999915412403492,0.0130064613924718,0.));
#5944=DIRECTION('',(-0.0130064613924718,0.999915412403492,0.));
#5945=DIRECTION('',(0.0130064613924718,-0.999915412403492,0.));
#5946=DIRECTION('',(0.,0.,1.));
#5947=DIRECTION('',(1.,0.,0.));
#5948=DIRECTION('',(0.99931483905745,-0.0370115176611707,0.));
#5949=DIRECTION('',(0.99931483905745,-0.0370115176611707,0.));
#5950=DIRECTION('',(0.0612869995918628,-0.998120184988274,0.));
#5951=DIRECTION('',(0.0370115176611707,0.99931483905745,0.));
#5952=DIRECTION('',(-0.99931483905745,0.0370115176611707,0.));
#5953=DIRECTION('',(0.0370115176611707,0.99931483905745,0.));
#5954=DIRECTION('',(-0.99931483905745,0.0370115176611707,0.));
#5955=DIRECTION('',(0.,0.,-1.));
#5956=DIRECTION('',(0.998120184988274,0.0612869995918628,0.));
#5957=DIRECTION('',(-0.0612869995918628,0.998120184988274,0.));
#5958=DIRECTION('',(-0.0666014061947888,-0.997779661394677,0.));
#5959=DIRECTION('',(0.997779661394677,-0.0666014061947888,0.));
#5960=DIRECTION('',(0.,0.,1.));
#5961=DIRECTION('',(-0.997779661394677,0.0666014061947888,0.));
#5962=DIRECTION('',(0.0666014061947888,0.997779661394677,0.));
#5963=DIRECTION('',(-0.997779661394677,0.0666014061947888,0.));
#5964=DIRECTION('',(-0.997779661394677,0.0666014061947888,0.));
#5965=DIRECTION('',(0.,0.,-1.));
#5966=DIRECTION('',(0.,0.,-1.));
#5967=DIRECTION('',(-1.,0.,0.));
#5968=DIRECTION('',(-0.0666014061947888,-0.997779661394677,0.));
#5969=DIRECTION('',(-0.997779661394677,0.0666014061947888,0.));
#5970=DIRECTION('',(-0.0666014061947888,-0.997779661394677,0.));
#5971=DIRECTION('',(0.,0.,-1.));
#5972=DIRECTION('',(-1.,0.,0.));
#5973=DIRECTION('',(-0.0666014061947888,-0.997779661394677,0.));
#5974=DIRECTION('',(-0.997779661394677,0.0666014061947888,0.));
#5975=DIRECTION('',(-0.0666014061947888,-0.997779661394677,0.));
#5976=DIRECTION('',(-0.997779661394677,0.0666014061947888,0.));
#5977=DIRECTION('',(0.0628864330771683,0.942124310687085,0.329313042176004));
#5978=DIRECTION('',(0.,-0.329966147659065,0.943992765543802));
#5979=DIRECTION('',(0.0219327116872057,0.328581855715225,-0.944220800582568));
#5980=DIRECTION('',(-0.997779661394677,0.0666014061947888,0.));
#5981=DIRECTION('',(0.0219327116872057,0.328581855715225,-0.944220800582568));
#5982=DIRECTION('',(-0.0628537681741124,-0.941634946005875,-0.330715938967003));
#5983=DIRECTION('',(0.,0.331371143505325,-0.943500485030068));
#5984=DIRECTION('',(-0.0220261465862324,-0.32998163760032,0.943730346928175));
#5985=DIRECTION('',(-0.997779661394677,0.0666014061947888,0.));
#5986=DIRECTION('',(0.0627923468710814,0.940714771336268,0.333335926902839));
#5987=DIRECTION('',(0.,-0.33399502819591,0.942574835830245));
#5988=DIRECTION('',(-0.997779661394677,0.0666014061947888,0.));
#5989=DIRECTION('',(0.0222006414669724,0.332595808275795,-0.942808124612758));
#5990=DIRECTION('',(0.,0.,1.));
#5991=DIRECTION('',(1.,0.,0.));
#5992=DIRECTION('',(-0.997779661394677,0.0666014061947888,0.));
#5993=DIRECTION('',(0.0666014061947888,0.997779661394677,0.));
#5994=DIRECTION('',(-0.0629358357941191,-0.942864430588563,0.327178462163695));
#5995=DIRECTION('',(0.,-0.327828357202088,-0.944737301165875));
#5996=DIRECTION('',(0.0217905456567506,0.326452015193323,0.944962567457674));
#5997=DIRECTION('',(0.0629048148071038,0.942399694005829,-0.328520624941272));
#5998=DIRECTION('',(0.,0.329172540951537,0.944269791046769));
#5999=DIRECTION('',(-0.997779661394677,0.0666014061947888,0.));
#6000=DIRECTION('',(-0.0218799355850796,-0.327791197915071,-0.944496796706159));
#6001=DIRECTION('',(0.,0.,-1.));
#6002=DIRECTION('',(-1.,0.,0.));
#6003=DIRECTION('',(-0.0666014061947888,-0.997779661394677,0.));
#6004=DIRECTION('',(-0.0629941014049908,-0.943737328696998,0.324640720816154));
#6005=DIRECTION('',(0.,-0.325286773105193,-0.945615416140627));
#6006=DIRECTION('',(0.0216215285144458,0.323919908490867,0.945837408008357));
#6007=DIRECTION('',(0.0216215285144458,0.323919908490867,0.945837408008357));
#6008=DIRECTION('',(-0.997779661394677,0.0666014061947888,0.));
#6009=DIRECTION('',(-0.0666014061947888,-0.997779661394677,0.));
#6010=DIRECTION('',(0.,0.,-1.));
#6011=DIRECTION('',(-1.,0.,0.));
#6012=DIRECTION('',(-0.0666014061947888,-0.997779661394677,0.));
#6013=DIRECTION('',(-0.997779661394677,0.0666014061947888,0.));
#6014=DIRECTION('',(-0.0666014061947888,-0.997779661394677,0.));
#6015=DIRECTION('',(-0.997779661394677,0.0666014061947888,0.));
#6016=DIRECTION('',(0.0628864330771683,0.942124310687086,0.329313042176004));
#6017=DIRECTION('',(0.,-0.329966147659064,0.943992765543803));
#6018=DIRECTION('',(0.0219327116872057,0.328581855715224,-0.944220800582568));
#6019=DIRECTION('',(-0.997779661394677,0.0666014061947888,0.));
#6020=DIRECTION('',(0.0219327116872057,0.328581855715224,-0.944220800582568));
#6021=DIRECTION('',(-0.0628537681741123,-0.941634946005875,-0.330715938967004));
#6022=DIRECTION('',(0.,0.331371143505326,-0.943500485030068));
#6023=DIRECTION('',(-0.0220261465862324,-0.32998163760032,0.943730346928175));
#6024=DIRECTION('',(-0.997779661394677,0.0666014061947888,0.));
#6025=DIRECTION('',(0.0627923468710814,0.940714771336269,0.333335926902836));
#6026=DIRECTION('',(0.,-0.333995028195908,0.942574835830246));
#6027=DIRECTION('',(-0.997779661394677,0.0666014061947888,0.));
#6028=DIRECTION('',(0.0222006414669722,0.332595808275793,-0.942808124612759));
#6029=DIRECTION('',(0.,0.,1.));
#6030=DIRECTION('',(1.,0.,0.));
#6031=DIRECTION('',(-0.997779661394677,0.0666014061947888,0.));
#6032=DIRECTION('',(0.0666014061947888,0.997779661394677,0.));
#6033=DIRECTION('',(-0.0629358357941192,-0.942864430588564,0.327178462163693));
#6034=DIRECTION('',(0.,-0.327828357202086,-0.944737301165876));
#6035=DIRECTION('',(0.0217905456567505,0.326452015193321,0.944962567457675));
#6036=DIRECTION('',(0.0629048148071038,0.942399694005829,-0.328520624941272));
#6037=DIRECTION('',(0.,0.329172540951537,0.944269791046769));
#6038=DIRECTION('',(-0.997779661394677,0.0666014061947888,0.));
#6039=DIRECTION('',(-0.0218799355850796,-0.327791197915071,-0.944496796706159));
#6040=DIRECTION('',(0.,0.,-1.));
#6041=DIRECTION('',(-1.,0.,0.));
#6042=DIRECTION('',(-0.0666014061947888,-0.997779661394677,0.));
#6043=DIRECTION('',(-0.0629941014049908,-0.943737328696997,0.324640720816156));
#6044=DIRECTION('',(0.,-0.325286773105194,-0.945615416140626));
#6045=DIRECTION('',(0.0216215285144459,0.323919908490868,0.945837408008357));
#6046=DIRECTION('',(0.0216215285144459,0.323919908490868,0.945837408008357));
#6047=DIRECTION('',(-0.997779661394677,0.0666014061947888,0.));
#6048=DIRECTION('',(-0.0666014061947888,-0.997779661394677,0.));
#6049=DIRECTION('',(-0.0666014061947888,-0.997779661394677,0.));
#6050=DIRECTION('',(0.997779661394677,-0.0666014061947888,0.));
#6051=DIRECTION('',(0.,0.,1.));
#6052=DIRECTION('',(-0.997779661394677,0.0666014061947888,0.));
#6053=DIRECTION('',(0.0666014061947888,0.997779661394677,0.));
#6054=DIRECTION('',(-0.997779661394677,0.0666014061947888,0.));
#6055=DIRECTION('',(-0.997779661394677,0.0666014061947888,0.));
#6056=DIRECTION('',(0.,0.,-1.));
#6057=DIRECTION('',(0.,0.,-1.));
#6058=DIRECTION('',(-1.,0.,0.));
#6059=DIRECTION('',(-0.997779661394677,0.0666014061947888,0.));
#6060=DIRECTION('',(-0.0666014061947888,-0.997779661394677,0.));
#6061=DIRECTION('',(-0.0611246448503204,-0.915730326522665,-0.397116792491347));
#6062=DIRECTION('',(0.,0.397860736085209,-0.917445821115196));
#6063=DIRECTION('',(-0.997779661394677,0.0666014061947888,0.));
#6064=DIRECTION('',(-0.0264485368034878,-0.396235058746156,0.917768082426811));
#6065=DIRECTION('',(0.0610892495587799,0.915200056907862,-0.398342766250614));
#6066=DIRECTION('',(0.,0.399088140114156,0.91691256748952));
#6067=DIRECTION('',(-0.997779661394677,0.0666014061947888,0.));
#6068=DIRECTION('',(-0.026530188379813,-0.397458310428557,-0.917236632813915));
#6069=DIRECTION('',(0.,0.,-1.));
#6070=DIRECTION('',(-1.,0.,0.));
#6071=DIRECTION('',(-0.997779661394677,0.0666014061947888,0.));
#6072=DIRECTION('',(-0.0666014061947888,-0.997779661394677,0.));
#6073=DIRECTION('',(-0.0666014061947888,-0.997779661394677,0.));
#6074=DIRECTION('',(0.997779661394677,-0.0666014061947888,0.));
#6075=DIRECTION('',(0.,0.,1.));
#6076=DIRECTION('',(0.0666014061947888,0.997779661394677,0.));
#6077=DIRECTION('',(-0.997779661394677,0.0666014061947888,0.));
#6078=DIRECTION('',(-0.997779661394677,0.0666014061947888,0.));
#6079=DIRECTION('',(0.,0.,-1.));
#6080=DIRECTION('',(-0.0617393516175477,-0.924939470069382,0.37506696624685));
#6081=DIRECTION('',(0.,-0.375783846616941,-0.926707343567415));
#6082=DIRECTION('',(-0.997779661394677,0.0666014061947888,0.));
#6083=DIRECTION('',(0.0249799873692536,0.374234190582111,0.926997718891683));
#6084=DIRECTION('',(0.,0.,1.));
#6085=DIRECTION('',(1.,0.,0.));
#6086=DIRECTION('',(-0.997779661394677,0.0666014061947888,0.));
#6087=DIRECTION('',(0.0666014061947888,0.997779661394677,0.));
#6088=DIRECTION('',(0.0617895191873281,0.925691048506661,0.373199863388556));
#6089=DIRECTION('',(0.,-0.37391433812625,0.927463243338305));
#6090=DIRECTION('',(0.0248556356933809,0.372371233324373,-0.927750969801036));
#6091=DIRECTION('',(-0.997779661394677,0.0666014061947888,0.));
#6092=DIRECTION('',(-0.0666014061947888,-0.997779661394677,0.));
#6093=DIRECTION('',(-0.0578911813977608,-0.867288645585913,0.494427968822684));
#6094=DIRECTION('',(0.,-0.49525856734997,-0.868745619537995));
#6095=DIRECTION('',(0.032929597985624,0.493330171315955,0.869218605211529));
#6096=DIRECTION('',(-0.997779661394677,0.0666014061947888,0.));
#6097=DIRECTION('',(0.0666014061947888,0.997779661394677,0.));
#6098=DIRECTION('',(-0.997779661394677,0.0666014061947888,0.));
#6099=DIRECTION('',(-0.997779661394677,0.0666014061947888,0.));
#6100=DIRECTION('',(0.,0.,-1.));
#6101=DIRECTION('',(0.,0.,-1.));
#6102=DIRECTION('',(-1.,0.,0.));
#6103=DIRECTION('',(-0.997779661394677,0.0666014061947888,0.));
#6104=DIRECTION('',(-0.0666014061947888,-0.997779661394677,0.));
#6105=DIRECTION('',(-0.0666014061947888,-0.997779661394677,0.));
#6106=DIRECTION('',(0.997779661394677,-0.0666014061947888,0.));
#6107=DIRECTION('',(-0.997779661394677,0.0666014061947888,0.));
#6108=DIRECTION('',(0.,0.,1.));
#6109=DIRECTION('',(0.0578911813977608,0.867288645585913,-0.494427968822684));
#6110=DIRECTION('',(0.,0.49525856734997,0.868745619537995));
#6111=DIRECTION('',(-0.997779661394677,0.0666014061947888,0.));
#6112=DIRECTION('',(-0.032929597985624,-0.493330171315955,-0.869218605211529));
#6113=DIRECTION('',(0.,0.,-1.));
#6114=DIRECTION('',(-1.,0.,0.));
#6115=DIRECTION('',(-0.997779661394677,0.0666014061947888,0.));
#6116=DIRECTION('',(-0.0666014061947888,-0.997779661394677,0.));
#6117=DIRECTION('',(-0.0666014061947888,-0.997779661394677,0.));
#6118=DIRECTION('',(0.997779661394677,-0.0666014061947888,0.));
#6119=DIRECTION('',(0.,0.,1.));
#6120=DIRECTION('',(0.0666014061947888,0.997779661394677,0.));
#6121=DIRECTION('',(-0.997779661394677,0.0666014061947888,0.));
#6122=DIRECTION('',(0.,0.,-1.));
#6123=DIRECTION('',(-0.997779661394677,0.0666014061947888,0.));
#6124=DIRECTION('',(-0.0666014061947888,-0.997779661394677,0.));
#6125=DIRECTION('',(-0.997779661394677,0.0666014061947888,0.));
#6126=DIRECTION('',(-0.997779661394677,0.0666014061947888,0.));
#6127=DIRECTION('',(0.,0.,-1.));
#6128=DIRECTION('',(-1.,0.,0.));
#6129=DIRECTION('',(-0.0666014061947888,-0.997779661394677,0.));
#6130=DIRECTION('',(-0.997779661394677,0.0666014061947888,0.));
#6131=DIRECTION('',(-0.0666014061947888,-0.997779661394677,0.));
#6132=DIRECTION('',(0.0666014061947888,0.997779661394677,0.));
#6133=DIRECTION('',(-0.997779661394677,0.0666014061947888,0.));
#6134=DIRECTION('',(0.,0.,-1.));
#6135=DIRECTION('',(-0.997779661394677,0.0666014061947888,0.));
#6136=DIRECTION('',(0.,0.,-1.));
#6137=DIRECTION('',(0.,0.,1.));
#6138=DIRECTION('',(1.,0.,0.));
#6139=DIRECTION('',(0.0666014061947888,0.997779661394677,0.));
#6140=DIRECTION('',(-0.997779661394677,0.0666014061947888,0.));
#6141=DIRECTION('',(0.0666014061947888,0.997779661394677,0.));
#6142=DIRECTION('',(-0.997779661394677,0.0666014061947888,0.));
#6143=DIRECTION('',(-0.997779661394677,0.0666014061947888,0.));
#6144=DIRECTION('',(-0.997779661394677,0.0666014061947888,0.));
#6145=DIRECTION('',(-0.0591032677131782,-0.885447347368264,0.460966157959702));
#6146=DIRECTION('',(-0.997779661394677,0.0666014061947888,0.));
#6147=DIRECTION('',(-0.0666014061947888,-0.997779661394677,0.));
#6148=DIRECTION('',(-0.997779661394677,0.0666014061947888,0.));
#6149=DIRECTION('',(-0.997779661394677,0.0666014061947888,0.));
#6150=DIRECTION('',(-0.0666014061947888,-0.997779661394677,0.));
#6151=DIRECTION('',(-0.997779661394677,0.0666014061947888,0.));
#6152=DIRECTION('',(-0.0661246442491942,-0.990637118919686,0.119438812960537));
#6153=DIRECTION('',(-0.997779661394677,0.0666014061947888,0.));
#6154=DIRECTION('',(-0.0666014061947888,-0.997779661394677,0.));
#6155=DIRECTION('',(-0.997779661394677,0.0666014061947888,0.));
#6156=DIRECTION('',(-0.997779661394677,0.0666014061947888,0.));
#6157=DIRECTION('',(-0.0666014061947888,-0.997779661394677,0.));
#6158=DIRECTION('',(-0.997779661394677,0.0666014061947888,0.));
#6159=DIRECTION('',(-0.00503966488206895,-0.0755010352914702,-0.997132987844547));
#6160=DIRECTION('',(-0.997779661394677,0.0666014061947888,0.));
#6161=DIRECTION('',(-0.997779661394677,0.0666014061947888,0.));
#6162=DIRECTION('',(-0.0666014061947888,-0.997779661394677,0.));
#6163=DIRECTION('',(-0.997779661394677,0.0666014061947888,0.));
#6164=DIRECTION('',(-0.015872986693838,-0.237798932388604,-0.971184697185997));
#6165=DIRECTION('',(-0.997779661394677,0.0666014061947888,0.));
#6166=DIRECTION('',(-0.997779661394677,0.0666014061947888,0.));
#6167=DIRECTION('',(-0.0666014061947888,-0.997779661394677,0.));
#6168=DIRECTION('',(-0.997779661394677,0.0666014061947888,0.));
#6169=DIRECTION('',(-0.0303832772943273,-0.455182823649837,-0.889879460104017));
#6170=DIRECTION('',(-0.997779661394677,0.0666014061947888,0.));
#6171=DIRECTION('',(-0.997779661394677,0.0666014061947888,0.));
#6172=DIRECTION('',(-0.0666014061947888,-0.997779661394677,0.));
#6173=DIRECTION('',(-0.997779661394677,0.0666014061947888,0.));
#6174=DIRECTION('',(-0.997779661394677,0.0666014061947888,0.));
#6175=DIRECTION('',(-0.997779661394677,0.0666014061947888,0.));
#6176=DIRECTION('',(-0.997779661394677,0.0666014061947888,0.));
#6177=DIRECTION('',(-0.0655596776626838,-0.982173150940693,0.176175566512487));
#6178=DIRECTION('',(-0.997779661394677,0.0666014061947888,0.));
#6179=DIRECTION('',(-0.997779661394677,0.0666014061947888,0.));
#6180=DIRECTION('',(-0.0666014061947888,-0.997779661394677,0.));
#6181=DIRECTION('',(-0.997779661394677,0.0666014061947888,0.));
#6182=DIRECTION('',(-0.0565367639525189,-0.846997629868513,0.528581695974141));
#6183=DIRECTION('',(-0.997779661394677,0.0666014061947888,0.));
#6184=DIRECTION('',(-0.997779661394677,0.0666014061947888,0.));
#6185=DIRECTION('',(-0.0666014061947888,-0.997779661394677,0.));
#6186=DIRECTION('',(-0.997779661394677,0.0666014061947888,0.));
#6187=DIRECTION('',(-0.997779661394677,0.0666014061947888,0.));
#6188=DIRECTION('',(0.,0.,-1.));
#6189=DIRECTION('',(-1.,0.,0.));
#6190=DIRECTION('',(-0.997779661394677,0.0666014061947888,0.));
#6191=DIRECTION('',(-0.0666014061947888,-0.997779661394677,0.));
#6192=DIRECTION('',(-0.0666014061947888,-0.997779661394677,0.));
#6193=DIRECTION('',(0.997779661394677,-0.0666014061947888,0.));
#6194=DIRECTION('',(0.,0.,1.));
#6195=DIRECTION('',(-0.997779661394677,0.0666014061947888,0.));
#6196=DIRECTION('',(-0.0666014061947888,-0.997779661394677,0.));
#6197=DIRECTION('',(0.,0.,-1.));
#6198=DIRECTION('',(-1.,0.,0.));
#6199=DIRECTION('',(-0.0666014061947888,-0.997779661394677,0.));
#6200=DIRECTION('',(-0.997779661394677,0.0666014061947888,0.));
#6201=DIRECTION('',(-0.0666014061947888,-0.997779661394677,0.));
#6202=DIRECTION('',(-0.997779661394677,0.0666014061947888,0.));
#6203=DIRECTION('',(0.0666014061947888,0.997779661394677,0.));
#6204=DIRECTION('',(-0.997779661394677,0.0666014061947888,0.));
#6205=DIRECTION('',(0.,0.,-1.));
#6206=DIRECTION('',(-0.997779661394677,0.0666014061947888,0.));
#6207=DIRECTION('',(0.,0.,-1.));
#6208=DIRECTION('',(0.,0.,1.));
#6209=DIRECTION('',(1.,0.,0.));
#6210=DIRECTION('',(0.0666014061947888,0.997779661394677,0.));
#6211=DIRECTION('',(-0.997779661394677,0.0666014061947888,0.));
#6212=DIRECTION('',(0.0666014061947888,0.997779661394677,0.));
#6213=DIRECTION('',(-0.997779661394677,0.0666014061947888,0.));
#6214=DIRECTION('',(-0.997779661394677,0.0666014061947888,0.));
#6215=DIRECTION('',(-0.0428652371522942,-0.642179561289294,0.765354808246585));
#6216=DIRECTION('',(-0.997779661394677,0.0666014061947888,0.));
#6217=DIRECTION('',(-0.0666014061947888,-0.997779661394677,0.));
#6218=DIRECTION('',(-0.997779661394677,0.0666014061947888,0.));
#6219=DIRECTION('',(-0.997779661394677,0.0666014061947888,0.));
#6220=DIRECTION('',(-0.0666014061947888,-0.997779661394677,0.));
#6221=DIRECTION('',(-0.997779661394677,0.0666014061947888,0.));
#6222=DIRECTION('',(-0.0607015133153425,-0.909391240551106,0.411488636404637));
#6223=DIRECTION('',(-0.997779661394677,0.0666014061947888,0.));
#6224=DIRECTION('',(-0.0666014061947888,-0.997779661394677,0.));
#6225=DIRECTION('',(-0.997779661394677,0.0666014061947888,0.));
#6226=DIRECTION('',(-0.997779661394677,0.0666014061947888,0.));
#6227=DIRECTION('',(-0.0666014061947888,-0.997779661394677,0.));
#6228=DIRECTION('',(-0.997779661394677,0.0666014061947888,0.));
#6229=DIRECTION('',(-0.0661562267922718,-0.991110268376119,0.115428720758859));
#6230=DIRECTION('',(-0.997779661394677,0.0666014061947888,0.));
#6231=DIRECTION('',(-0.0666014061947888,-0.997779661394677,0.));
#6232=DIRECTION('',(-0.997779661394677,0.0666014061947888,0.));
#6233=DIRECTION('',(-0.997779661394677,0.0666014061947888,0.));
#6234=DIRECTION('',(-0.0666014061947888,-0.997779661394677,0.));
#6235=DIRECTION('',(-0.997779661394677,0.0666014061947888,0.));
#6236=DIRECTION('',(-0.997779661394677,0.0666014061947888,0.));
#6237=DIRECTION('',(-0.997779661394677,0.0666014061947888,0.));
#6238=DIRECTION('',(-0.0346272647603578,-0.518763528904518,-0.854216221816086));
#6239=DIRECTION('',(-0.997779661394677,0.0666014061947888,0.));
#6240=DIRECTION('',(-0.0666014061947888,-0.997779661394677,0.));
#6241=DIRECTION('',(-0.997779661394677,0.0666014061947888,0.));
#6242=DIRECTION('',(-0.997779661394677,0.0666014061947888,0.));
#6243=DIRECTION('',(-0.0666014061947888,-0.997779661394677,0.));
#6244=DIRECTION('',(-0.0590736520650703,-0.885003664674046,0.461821196076148));
#6245=DIRECTION('',(0.,-0.462629119122119,-0.886551915084668));
#6246=DIRECTION('',(0.0307579410692308,0.460795796645744,0.886973045168113));
#6247=DIRECTION('',(-0.997779661394677,0.0666014061947888,0.));
#6248=DIRECTION('',(0.0576335285714904,0.863428655768256,-0.501167968631896));
#6249=DIRECTION('',(0.,0.502002393622562,0.864866230579746));
#6250=DIRECTION('',(-0.997779661394677,0.0666014061947888,0.));
#6251=DIRECTION('',(-0.0333784914506701,-0.500055206043391,-0.865350025837741));
#6252=DIRECTION('',(-0.997779661394677,0.0666014061947888,0.));
#6253=DIRECTION('',(-0.0425696768235143,-0.637751665519176,-0.769064779939023));
#6254=DIRECTION('',(-0.997779661394677,0.0666014061947888,0.));
#6255=DIRECTION('',(-0.997779661394677,0.0666014061947888,0.));
#6256=DIRECTION('',(-0.0666014061947888,-0.997779661394677,0.));
#6257=DIRECTION('',(-0.997779661394677,0.0666014061947888,0.));
#6258=DIRECTION('',(-0.997779661394677,0.0666014061947888,0.));
#6259=DIRECTION('',(-0.997779661394677,0.0666014061947888,0.));
#6260=DIRECTION('',(-0.0516147206166104,-0.773258725336807,0.631986443134793));
#6261=DIRECTION('',(-0.997779661394677,0.0666014061947888,0.));
#6262=DIRECTION('',(-0.997779661394677,0.0666014061947888,0.));
#6263=DIRECTION('',(-0.0666014061947888,-0.997779661394677,0.));
#6264=DIRECTION('',(-0.997779661394677,0.0666014061947888,0.));
#6265=DIRECTION('',(-0.0318946861656516,-0.477825784482381,0.877875417515601));
#6266=DIRECTION('',(-0.997779661394677,0.0666014061947888,0.));
#6267=DIRECTION('',(-0.997779661394677,0.0666014061947888,0.));
#6268=DIRECTION('',(-0.0666014061947888,-0.997779661394677,0.));
#6269=DIRECTION('',(-0.997779661394677,0.0666014061947888,0.));
#6270=DIRECTION('',(-0.0105359041832898,-0.157842176451098,0.987408143604366));
#6271=DIRECTION('',(-0.997779661394677,0.0666014061947888,0.));
#6272=DIRECTION('',(-0.997779661394677,0.0666014061947888,0.));
#6273=DIRECTION('',(-0.0666014061947888,-0.997779661394677,0.));
#6274=DIRECTION('',(0.,0.,-1.));
#6275=DIRECTION('',(-1.,0.,0.));
#6276=DIRECTION('',(-0.997779661394677,0.0666014061947888,0.));
#6277=DIRECTION('',(-0.0666014061947888,-0.997779661394677,0.));
#6278=DIRECTION('',(-0.0666014061947888,-0.997779661394677,0.));
#6279=DIRECTION('',(0.997779661394677,-0.0666014061947888,0.));
#6280=DIRECTION('',(0.,0.,1.));
#6281=DIRECTION('',(0.0666014061947888,0.997779661394677,0.));
#6282=DIRECTION('',(-0.997779661394677,0.0666014061947888,0.));
#6283=DIRECTION('',(-0.997779661394677,0.0666014061947888,0.));
#6284=DIRECTION('',(0.,0.,-1.));
#6285=DIRECTION('',(0.,0.,1.));
#6286=DIRECTION('',(1.,0.,0.));
#6287=DIRECTION('',(-0.997779661394677,0.0666014061947888,0.));
#6288=DIRECTION('',(0.0666014061947888,0.997779661394677,0.));
#6289=DIRECTION('',(-0.997779661394677,0.0666014061947888,0.));
#6290=DIRECTION('',(-0.00238943538943946,-0.0357969924362323,-0.999356225742873));
#6291=DIRECTION('',(-0.997779661394677,0.0666014061947888,0.));
#6292=DIRECTION('',(-0.997779661394677,0.0666014061947888,0.));
#6293=DIRECTION('',(-0.0666014061947888,-0.997779661394677,0.));
#6294=DIRECTION('',(-0.997779661394677,0.0666014061947888,0.));
#6295=DIRECTION('',(0.00375019486511913,0.0561830203966149,0.998413443548106));
#6296=DIRECTION('',(-0.997779661394677,0.0666014061947888,0.));
#6297=DIRECTION('',(-0.0666014061947888,-0.997779661394677,0.));
#6298=DIRECTION('',(-0.997779661394677,0.0666014061947888,0.));
#6299=DIRECTION('',(-0.011018587842261,-0.165073434247642,-0.986219728066546));
#6300=DIRECTION('',(-0.997779661394677,0.0666014061947888,0.));
#6301=DIRECTION('',(-0.0666014061947888,-0.997779661394677,0.));
#6302=DIRECTION('',(-0.997779661394677,0.0666014061947888,0.));
#6303=DIRECTION('',(-0.0666014061947888,-0.997779661394677,0.));
#6304=DIRECTION('',(-0.997779661394677,0.0666014061947888,0.));
#6305=DIRECTION('',(-0.0666014061947888,-0.997779661394677,0.));
#6306=DIRECTION('',(-0.997779661394677,0.0666014061947888,0.));
#6307=DIRECTION('',(-0.0666014061947888,-0.997779661394677,0.));
#6308=DIRECTION('',(-0.997779661394677,0.0666014061947888,0.));
#6309=DIRECTION('',(-0.0666014061947888,-0.997779661394677,0.));
#6310=DIRECTION('',(-0.997779661394677,0.0666014061947888,0.));
#6311=DIRECTION('',(-0.0666014061947888,-0.997779661394677,0.));
#6312=DIRECTION('',(-0.997779661394677,0.0666014061947888,0.));
#6313=DIRECTION('',(-0.0666014061947888,-0.997779661394677,0.));
#6314=CARTESIAN_POINT('',(0.,0.,0.));
#6315=CARTESIAN_POINT('',(0.0378607456078714,0.0281484688134599,0.0025));
#6316=CARTESIAN_POINT('',(0.0378607456078714,0.0281484688134599,0.));
#6317=CARTESIAN_POINT('',(0.0375809523441548,0.0239567851256527,0.));
#6318=CARTESIAN_POINT('',(0.0377315019553967,0.0262122230917635,0.));
#6319=CARTESIAN_POINT('',(0.037622327300565,0.0245766382542265,0.00119313809069036));
#6320=CARTESIAN_POINT('',(0.037663704768392,0.0251965290072377,0.00238634860424276));
#6321=CARTESIAN_POINT('',(0.0376628078863689,0.0251830924945219,0.00158936190501459));
#6322=CARTESIAN_POINT('',(0.0376684630468245,0.0252678144907516,0.00238188756169197));
#6323=CARTESIAN_POINT('',(0.0376762439015955,0.0253843822793656,0.00405472543646519));
#6324=CARTESIAN_POINT('',(0.037677652553485,0.0254054858008316,0.002377772342184));
#6325=CARTESIAN_POINT('',(0.0377118024292578,0.0259170973933199,0.00237769759714568));
#6326=CARTESIAN_POINT('',(0.0377315019553967,0.0262122230917635,0.00237769759714568));
#6327=CARTESIAN_POINT('',(0.0377315019553967,0.0262122230917635,0.00118884879857284));
#6328=CARTESIAN_POINT('',(0.0378607456078714,0.0281484688134599,0.0025));
#6329=CARTESIAN_POINT('',(0.0376558758660823,0.0250792414011352,0.00441721327076601));
#6330=CARTESIAN_POINT('',(0.0375458621912499,0.0234310869026851,0.00333277997531363));
#6331=CARTESIAN_POINT('',(0.037605329763812,0.0243219920322463,0.00259216220302171));
#6332=CARTESIAN_POINT('',(0.0375553370086557,0.0235730325558338,0.00129608110151086));
#6333=CARTESIAN_POINT('',(0.0375053442534994,0.0228240730794213,0.));
#6334=CARTESIAN_POINT('',(0.0378607456078714,0.0281484688134599,0.));
#6335=CARTESIAN_POINT('',(0.0374262128639093,0.0216385772224712,0.));
#6336=CARTESIAN_POINT('',(0.0373494620817075,0.0204887461024932,0.00328845729009925));
#6337=CARTESIAN_POINT('',(0.0372727112995058,0.0193389149825152,0.0065769145801985));
#6338=CARTESIAN_POINT('',(0.0372372878615665,0.0188082236963715,0.0065769145801985));
#6339=CARTESIAN_POINT('',(0.0372018644236271,0.018277532410228,0.0065769145801985));
#6340=CARTESIAN_POINT('',(0.0371256849871986,0.0171362608271231,0.00328845729009925));
#6341=CARTESIAN_POINT('',(0.0370495055507701,0.0159949892440184,0.));
#6342=CARTESIAN_POINT('',(0.0378607456078714,0.0281484688134599,0.));
#6343=CARTESIAN_POINT('',(0.036957233208396,0.0146126240389828,0.));
#6344=CARTESIAN_POINT('',(0.036957233208396,0.0146126240389828,0.00329274658221677));
#6345=CARTESIAN_POINT('',(0.036957233208396,0.0146126240389828,0.00658549316443354));
#6346=CARTESIAN_POINT('',(0.0369209051396491,0.0140683801527897,0.00658549316443354));
#6347=CARTESIAN_POINT('',(0.0368845770709022,0.0135241362665969,0.00658549316443354));
#6348=CARTESIAN_POINT('',(0.0367985895320335,0.0122359259671672,0.00431574275224547));
#6349=CARTESIAN_POINT('',(0.0367126019931647,0.0109477156677377,0.0020459923400574));
#6350=CARTESIAN_POINT('',(0.0367126019931647,0.0109477156677377,0.00431574275224547));
#6351=CARTESIAN_POINT('',(0.0367126019931647,0.0109477156677377,0.00658549316443354));
#6352=CARTESIAN_POINT('',(0.0366763215365657,0.0104041850762841,0.00658549316443354));
#6353=CARTESIAN_POINT('',(0.0366400410799665,0.00986065448483047,0.00658549316443354));
#6354=CARTESIAN_POINT('',(0.0366400410799665,0.00986065448483047,0.00329274658221677));
#6355=CARTESIAN_POINT('',(0.0366400410799665,0.00986065448483047,0.));
#6356=CARTESIAN_POINT('',(0.0378607456078714,0.0281484688134599,0.));
#6357=CARTESIAN_POINT('',(0.0365287238784853,0.00819297138401869,0.));
#6358=CARTESIAN_POINT('',(0.0365287238784853,0.00819297138401869,0.00329274658221677));
#6359=CARTESIAN_POINT('',(0.0365287238784853,0.00819297138401869,0.00658549316443354));
#6360=CARTESIAN_POINT('',(0.0364626382173835,0.00720291828567534,0.00658549316443354));
#6361=CARTESIAN_POINT('',(0.0363965525562817,0.00621286518733219,0.00658549316443354));
#6362=CARTESIAN_POINT('',(0.0363965525562817,0.00621286518733199,0.00658549316443354));
#6363=CARTESIAN_POINT('',(0.0363412272405755,0.00538401670010218,0.00658549316443354));
#6364=CARTESIAN_POINT('',(0.036299280938392,0.00475560403465514,0.0063224165812256));
#6365=CARTESIAN_POINT('',(0.036299280938392,0.00475560403465514,0.0063224165812256));
#6366=CARTESIAN_POINT('',(0.036299280938392,0.00475560403465514,0.0063224165812256));
#6367=CARTESIAN_POINT('',(0.0362573346362086,0.0041271913692081,0.00605933999801766));
#6368=CARTESIAN_POINT('',(0.0362296719783554,0.0037127671255932,0.00562111732001096));
#6369=CARTESIAN_POINT('',(0.0362296719783554,0.0037127671255932,0.00562111732001096));
#6370=CARTESIAN_POINT('',(0.0363686657047235,0.00579508221704783,0.00362734828957805));
#6371=CARTESIAN_POINT('',(0.0361882996910013,0.00309295398311119,0.00462455672779091));
#6372=CARTESIAN_POINT('',(0.0363939471243668,0.00617383227312819,0.00347793592331016));
#6373=CARTESIAN_POINT('',(0.0361745846243303,0.00288748362804173,0.00347575637824677));
#6374=CARTESIAN_POINT('',(0.036174584723388,0.00288748511206059,0.00347575637923099));
#6375=CARTESIAN_POINT('',(0.036174584723388,0.00288748511206059,0.0026636504049804));
#6376=CARTESIAN_POINT('',(0.0361862020874434,0.00306152902848406,0.00208674061517385));
#6377=CARTESIAN_POINT('',(0.0361862020874434,0.00306152902848406,0.00208674061517385));
#6378=CARTESIAN_POINT('',(0.0361862020874434,0.00306152902848406,0.00208674061517385));
#6379=CARTESIAN_POINT('',(0.0361978194514987,0.00323557294490753,0.00150983082536731));
#6380=CARTESIAN_POINT('',(0.0362156740069117,0.0035030584721977,0.00112164988873168));
#6381=CARTESIAN_POINT('',(0.0362156740069117,0.0035030584721977,0.00112164988873168));
#6382=CARTESIAN_POINT('',(0.0362156740069117,0.0035030584721977,0.00112164988873168));
#6383=CARTESIAN_POINT('',(0.0362335285623246,0.00377054399948787,0.00073346895209605));
#6384=CARTESIAN_POINT('',(0.0362558586596278,0.00410507923228545,0.000509710879965384));
#6385=CARTESIAN_POINT('',(0.0362558586596278,0.00410507923228545,0.000509710879965384));
#6386=CARTESIAN_POINT('',(0.0363689191783671,0.00579887959702494,0.00298252231313277));
#6387=CARTESIAN_POINT('',(0.036298993803583,0.00475130236463218,0.000174373380800917));
#6388=CARTESIAN_POINT('',(0.0363616865426633,0.00569052487576767,0.00269952838146171));
#6389=CARTESIAN_POINT('',(0.0363370844899949,0.00532194890742796,3.13764303961433E-5));
#6390=CARTESIAN_POINT('',(0.0363709742891772,0.00582966795248609,0.00373860979714388));
#6391=CARTESIAN_POINT('',(0.036362010333994,0.0056953757103488,-6.40772410666988E-11));
#6392=CARTESIAN_POINT('',(0.0378607456078714,0.0281484688134599,0.));
#6393=CARTESIAN_POINT('',(0.0360900255489523,0.00162067365481433,0.));
#6394=CARTESIAN_POINT('',(0.0360132747667505,0.000470842534836331,0.00328845729009925));
#6395=CARTESIAN_POINT('',(0.0359365239845488,-0.00067898858514168,0.0065769145801985));
#6396=CARTESIAN_POINT('',(0.0359011005466095,-0.00120967987128538,0.0065769145801985));
#6397=CARTESIAN_POINT('',(0.0358656771086702,-0.00174037115742876,0.0065769145801985));
#6398=CARTESIAN_POINT('',(0.0357894976722416,-0.0028816427405338,0.00328845729009925));
#6399=CARTESIAN_POINT('',(0.035713318235813,-0.00402291432363854,0.));
#6400=CARTESIAN_POINT('',(0.0378607456078714,0.0281484688134599,0.));
#6401=CARTESIAN_POINT('',(0.0356725622373238,-0.00463349462059955,0.));
#6402=CARTESIAN_POINT('',(0.0356725622373238,-0.00463349462059955,0.0025));
#6403=CARTESIAN_POINT('',(0.0356725622373238,-0.00463349462059957,0.0294436465993232));
#6404=CARTESIAN_POINT('',(0.0400489289784191,0.0609304322475196,0.0182954915633503));
#6405=CARTESIAN_POINT('',(0.0398750225808366,0.058325077850245,0.0193496312036915));
#6406=CARTESIAN_POINT('',(0.0395246970422509,0.0530767247412186,0.0212880821245948));
#6407=CARTESIAN_POINT('',(0.0389898005504234,0.0450632476843542,0.0235591856487008));
#6408=CARTESIAN_POINT('',(0.0384459394002631,0.0369154678512136,0.0252256549705829));
#6409=CARTESIAN_POINT('',(0.0377135448769858,0.0259432016305035,0.0269501409738671));
#6410=CARTESIAN_POINT('',(0.0367872737167524,0.0120663996615742,0.0284295135896973));
#6411=CARTESIAN_POINT('',(0.0360444549885181,0.000937964670763352,0.0291621957656683));
#6412=CARTESIAN_POINT('',(0.0356725622373238,-0.00463349462059957,0.0294436465993232));
#6413=CARTESIAN_POINT('',(0.0400489289784191,0.0609304322475196,0.0182954915633503));
#6414=CARTESIAN_POINT('',(0.0400489289784191,0.0609304322475196,0.0025));
#6415=CARTESIAN_POINT('',(0.0400489289784191,0.0609304322475196,0.));
#6416=CARTESIAN_POINT('',(0.0378607456078714,0.0281484688134599,0.));
#6417=CARTESIAN_POINT('',(0.0384998667960743,0.0377233735968535,0.));
#6418=CARTESIAN_POINT('',(0.0384998667960744,0.0377233735968535,0.00329274658221677));
#6419=CARTESIAN_POINT('',(0.0384998667960744,0.0377233735968535,0.00658549316443354));
#6420=CARTESIAN_POINT('',(0.0384635387273275,0.0371791297106604,0.00658549316443354));
#6421=CARTESIAN_POINT('',(0.0384272106585806,0.0366348858244674,0.00658549316443354));
#6422=CARTESIAN_POINT('',(0.0383620772404341,0.0356590986209128,0.00433361480273514));
#6423=CARTESIAN_POINT('',(0.0382969438222877,0.0346833114173582,0.00208173644103674));
#6424=CARTESIAN_POINT('',(0.0382320484648802,0.033711090687501,0.00433361480273514));
#6425=CARTESIAN_POINT('',(0.0381671531074726,0.0327388699576436,0.00658549316443354));
#6426=CARTESIAN_POINT('',(0.0381308726508735,0.0321953393661899,0.00658549316443354));
#6427=CARTESIAN_POINT('',(0.0380945921942744,0.0316518087747363,0.00658549316443354));
#6428=CARTESIAN_POINT('',(0.0380945921942744,0.0316518087747363,0.00329274658221677));
#6429=CARTESIAN_POINT('',(0.0380945921942744,0.0316518087747363,0.));
#6430=CARTESIAN_POINT('',(0.0378607456078714,0.0281484688134599,0.));
#6431=CARTESIAN_POINT('',(0.0379838463385664,0.0299926852107978,0.));
#6432=CARTESIAN_POINT('',(0.0379838463385664,0.0299926852107978,0.00329274658221677));
#6433=CARTESIAN_POINT('',(0.0379838463385664,0.0299926852107978,0.00658549316443354));
#6434=CARTESIAN_POINT('',(0.0379475658819673,0.0294491546193442,0.00658549316443354));
#6435=CARTESIAN_POINT('',(0.0379112854253682,0.0289056240278909,0.00658549316443354));
#6436=CARTESIAN_POINT('',(0.0379112854253682,0.0289056240278906,0.00329274658221677));
#6437=CARTESIAN_POINT('',(0.0379112854253682,0.0289056240278906,0.));
#6438=CARTESIAN_POINT('',(0.0378607456078714,0.0281484688134599,0.));
#6439=CARTESIAN_POINT('',(0.0378029201770485,0.0272821652009241,0.));
#6440=CARTESIAN_POINT('',(0.0378029201770485,0.0272821652009241,0.00329274658221677));
#6441=CARTESIAN_POINT('',(0.0378029201770485,0.0272821652009241,0.00658549316443354));
#6442=CARTESIAN_POINT('',(0.0377398340812561,0.0263370496711655,0.00658549316443354));
#6443=CARTESIAN_POINT('',(0.0376767479760534,0.0253919340004277,0.0065855669107407));
#6444=CARTESIAN_POINT('',(0.0376770884152862,0.0253970342432276,0.00391762789307324));
#6445=CARTESIAN_POINT('',(0.0376214859890198,0.0245640342628587,0.00645166373367418));
#6446=CARTESIAN_POINT('',(0.0376671529003113,0.0252481867138168,0.00431228072595178));
#6447=CARTESIAN_POINT('',(0.0375723324479679,0.0238276473552963,0.00605008494819914));
#6448=CARTESIAN_POINT('',(0.0376608999468048,0.0251545089645176,0.00442889368657831));
#6449=CARTESIAN_POINT('',(0.0375371967803561,0.023301267260107,0.0054023634220174));
#6450=CARTESIAN_POINT('',(0.0375371967803561,0.023301267260107,0.0054023634220174));
#6451=CARTESIAN_POINT('',(0.0375238177668334,0.0231008314383242,0.00502276106961681));
#6452=CARTESIAN_POINT('',(0.0375238177668334,0.0231008314383242,0.00454807940861118));
#6453=CARTESIAN_POINT('',(0.0375238177668334,0.0231008314383242,0.00454807940861118));
#6454=CARTESIAN_POINT('',(0.0375238177668334,0.0231008314383242,0.00454807940861118));
#6455=CARTESIAN_POINT('',(0.0375238177668334,0.0231008314383242,0.00383319738902439));
#6456=CARTESIAN_POINT('',(0.0375458621912499,0.0234310869026851,0.00333277997531363));
#6457=CARTESIAN_POINT('',(0.0378607456078714,0.0281484688134599,0.0025));
#6458=CARTESIAN_POINT('',(0.0378607456078714,0.0281484688134599,0.));
#6459=CARTESIAN_POINT('',(0.0367126019931647,0.0109477156677377,-8.67361737988404E-19));
#6460=CARTESIAN_POINT('',(0.0368845770709022,0.0135241362665966,0.));
#6461=CARTESIAN_POINT('',(0.0367985895320335,0.0122359259671672,0.00226975041218807));
#6462=CARTESIAN_POINT('',(0.0368845770709022,0.0135241362665966,0.00453950082437614));
#6463=CARTESIAN_POINT('',(0.0368845770709022,0.0135241362665966,0.00226975041218807));
#6464=CARTESIAN_POINT('',(0.0378607456078714,0.0281484688134599,0.0025));
#6465=CARTESIAN_POINT('',(0.0378607456078714,0.0281484688134599,0.));
#6466=CARTESIAN_POINT('',(0.0381671531074725,0.0327388699576436,0.));
#6467=CARTESIAN_POINT('',(0.0384272106585805,0.0366348858244674,0.));
#6468=CARTESIAN_POINT('',(0.0381671531074726,0.0327388699576436,0.00226546112007055));
#6469=CARTESIAN_POINT('',(0.0381671531074726,0.0327388699576436,0.0045309222401411));
#6470=CARTESIAN_POINT('',(0.0382162412318212,0.0334742768340067,0.00269867962394015));
#6471=CARTESIAN_POINT('',(0.0382653293561698,0.0342096837103698,0.000866437007739194));
#6472=CARTESIAN_POINT('',(0.03829689621014,0.0346825981226189,0.000866437007739194));
#6473=CARTESIAN_POINT('',(0.0383284630641101,0.0351555125348679,0.000866437007739192));
#6474=CARTESIAN_POINT('',(0.0383778368613453,0.0358951991796676,0.00269867962394015));
#6475=CARTESIAN_POINT('',(0.0384272106585806,0.0366348858244674,0.0045309222401411));
#6476=CARTESIAN_POINT('',(0.0384272106585806,0.0366348858244674,0.00226546112007055));
#6477=CARTESIAN_POINT('',(0.0378607456078714,0.0281484688134599,0.0025));
#6478=CARTESIAN_POINT('',(0.0372372402494187,0.0188075104016321,0.00136685442144995));
#6479=CARTESIAN_POINT('',(0.0371548236216325,0.0175727972076607,0.00136685442144995));
#6480=CARTESIAN_POINT('',(0.0373196568772049,0.0200422235956035,0.00136685442144995));
#6481=CARTESIAN_POINT('',(0.0373357497831503,0.0202833172175344,0.000683427210724976));
#6482=CARTESIAN_POINT('',(0.0373518426890959,0.0205244108394653,0.));
#6483=CARTESIAN_POINT('',(0.0378607456078714,0.0281484688134599,0.));
#6484=CARTESIAN_POINT('',(0.0371233043798102,0.0171005960901511,2.16840434497101E-19));
#6485=CARTESIAN_POINT('',(0.0371390640007214,0.0173366966489058,0.000683427210724977));
#6486=CARTESIAN_POINT('',(0.0378607456078714,0.0281484688134599,0.0025));
#6487=CARTESIAN_POINT('',(0.0359010529344617,-0.00121039316602482,0.00136685442144995));
#6488=CARTESIAN_POINT('',(0.0358186363066755,-0.00244510635999625,0.00136685442144995));
#6489=CARTESIAN_POINT('',(0.0359834695622478,2.43200279466045E-5,0.00136685442144995));
#6490=CARTESIAN_POINT('',(0.0359995624681934,0.000265413649877479,0.000683427210724975));
#6491=CARTESIAN_POINT('',(0.0360156553741389,0.00050650727180835,0.));
#6492=CARTESIAN_POINT('',(0.0378607456078714,0.0281484688134599,0.));
#6493=CARTESIAN_POINT('',(0.0357871170648532,-0.00291730747750582,5.42101086242752E-20));
#6494=CARTESIAN_POINT('',(0.0358028766857644,-0.00268120691875104,0.000683427210724973));
#6495=CARTESIAN_POINT('',(0.0352532538973846,-0.00594608228937142,0.0295080732514077));
#6496=CARTESIAN_POINT('',(0.105976593900382,-0.00594608228937142,0.0295080732514077));
#6497=CARTESIAN_POINT('',(0.0352532538973846,0.00196359875811528,0.0291323075137285));
#6498=CARTESIAN_POINT('',(0.105976593900382,0.00196359875811528,0.0291323075137285));
#6499=CARTESIAN_POINT('',(0.0352532538973846,0.0154451763212577,0.0282219413047466));
#6500=CARTESIAN_POINT('',(0.105976593900382,0.0154451763212577,0.0282219413047466));
#6501=CARTESIAN_POINT('',(0.0352532538973846,0.0330955909477473,0.0259451415142827));
#6502=CARTESIAN_POINT('',(0.105976593900382,0.0330955909477473,0.0259451415142827));
#6503=CARTESIAN_POINT('',(0.0352532538973846,0.0452801860998293,0.023605950849951));
#6504=CARTESIAN_POINT('',(0.105976593900382,0.0452801860998293,0.023605950849951));
#6505=CARTESIAN_POINT('',(0.0352532538973846,0.055469437207011,0.0205171433377705));
#6506=CARTESIAN_POINT('',(0.105976593900382,0.055469437207011,0.0205171433377705));
#6507=CARTESIAN_POINT('',(0.0352532538973846,0.0639659720548117,0.0170984528220696));
#6508=CARTESIAN_POINT('',(0.105976593900382,0.0639659720548117,0.0170984528220696));
#6509=CARTESIAN_POINT('',(0.0352532538973846,0.0711603877666207,0.0138221255098395));
#6510=CARTESIAN_POINT('',(0.105976593900382,0.0711603877666207,0.0138221255098395));
#6511=CARTESIAN_POINT('',(0.0352532538973846,0.0753055989436662,0.0119937327924004));
#6512=CARTESIAN_POINT('',(0.105976593900382,0.0753055989436662,0.0119937327924004));
#6513=CARTESIAN_POINT('',(0.0352532538973846,0.0771728764754984,0.0110767831743695));
#6514=CARTESIAN_POINT('',(0.105976593900382,0.0771728764754984,0.0110767831743695));
#6515=CARTESIAN_POINT('',(0.0658369958400726,-0.0495408686463234,-1.60649470894121E-17));
#6516=CARTESIAN_POINT('',(0.0658369958400726,-0.0489321927993887,0.00337555558227729));
#6517=CARTESIAN_POINT('',(0.0658369958400726,-0.047918388842853,0.0133635098055311));
#6518=CARTESIAN_POINT('',(0.0658369958400726,-0.0342138396309781,0.0302124706581885));
#6519=CARTESIAN_POINT('',(0.0658369958400726,-0.00368991186083518,0.0299313737999836));
#6520=CARTESIAN_POINT('',(0.0658369958400726,0.0454317069135722,0.0256874384332427));
#6521=CARTESIAN_POINT('',(0.0658369958400726,0.0692980734014659,0.0145786784554474));
#6522=CARTESIAN_POINT('',(0.0658369958400726,0.078644908953646,0.0105492596509511));
#6523=CARTESIAN_POINT('',(0.0658369958400726,0.0815518516645107,0.00863566615017499));
#6524=CARTESIAN_POINT('',(0.0658369958400726,0.0587275661528111,0.0191646174587318));
#6525=CARTESIAN_POINT('',(0.0658369958400726,0.0334349684417248,0.025757163375602));
#6526=CARTESIAN_POINT('',(0.0706777554288585,0.0587275661528111,0.019164617459344));
#6527=CARTESIAN_POINT('',(0.0771259889006615,0.0587275661528111,0.0191646174587318));
#6528=CARTESIAN_POINT('',(0.0771259889006615,-0.0495408686463234,-1.60649470894121E-17));
#6529=CARTESIAN_POINT('',(0.0771259889006615,-0.0489321927993887,0.00337555558227729));
#6530=CARTESIAN_POINT('',(0.0771259889006615,-0.047918388842853,0.0133635098055311));
#6531=CARTESIAN_POINT('',(0.0771259889006615,-0.0342138396309781,0.0302124706581885));
#6532=CARTESIAN_POINT('',(0.0771259889006615,-0.00368991186083518,0.0299313737999836));
#6533=CARTESIAN_POINT('',(0.0771259889006615,0.0454317069135722,0.0256874384332427));
#6534=CARTESIAN_POINT('',(0.0771259889006615,0.0692980734014659,0.0145786784554474));
#6535=CARTESIAN_POINT('',(0.0771259889006615,0.078644908953646,0.0105492596509511));
#6536=CARTESIAN_POINT('',(0.0771259889006615,0.0815518516645107,0.00863566615017499));
#6537=CARTESIAN_POINT('',(0.0771259889006615,0.0334349684440932,0.0257571633752186));
#6538=CARTESIAN_POINT('',(0.0706777554288585,0.0334349684417248,0.025757163375602));
#6539=CARTESIAN_POINT('',(0.0713317476530077,0.0226012424437454,0.0272523229281554));
#6540=CARTESIAN_POINT('',(0.0721913850769313,0.0226178238241936,0.0272503809561466));
#6541=CARTESIAN_POINT('',(0.0734870233322885,0.0226761317495368,0.0272435962009302));
#6542=CARTESIAN_POINT('',(0.0751583223268429,0.0230202746687867,0.0272030024560956));
#6543=CARTESIAN_POINT('',(0.0763919367763441,0.0233905861205568,0.0271589246928856));
#6544=CARTESIAN_POINT('',(0.0775658183927868,0.0239157294106201,0.0270956094709438));
#6545=CARTESIAN_POINT('',(0.0786233795634572,0.0247064640804674,0.0269987191383507));
#6546=CARTESIAN_POINT('',(0.0790361180907696,0.0257249927952498,0.0268699578594257));
#6547=CARTESIAN_POINT('',(0.079172719582079,0.0265580566792704,0.0267614389487873));
#6548=CARTESIAN_POINT('',(0.0791642433291981,0.0269841431891817,0.026704912820292));
#6549=CARTESIAN_POINT('',(0.0791671304008298,0.0271962383823657,0.0266765025472668));
#6550=CARTESIAN_POINT('',(0.0713317476530077,0.0226012424437454,0.0272523229281554));
#6551=CARTESIAN_POINT('',(0.0791671304008299,0.0271962383823657,0.0266765025472668));
#6552=CARTESIAN_POINT('',(0.0791671304008296,0.0271962383823657,0.0266765025472668));
#6553=CARTESIAN_POINT('',(0.0791523471909106,0.0274374633082834,0.0266441903297999));
#6554=CARTESIAN_POINT('',(0.0791375671270699,0.0276786427706388,0.0266115382262874));
#6555=CARTESIAN_POINT('',(0.0791227903418485,0.0279197748750448,0.0265785375751713));
#6556=CARTESIAN_POINT('',(0.0791227903348609,0.0279197748750448,0.0265785357533231));
#6557=CARTESIAN_POINT('',(0.0706777554288585,0.0279197748750448,0.0265785375751713));
#6558=CARTESIAN_POINT('',(0.0791208903193474,0.0279197748750448,0.0265785375751713));
#6559=CARTESIAN_POINT('',(0.0791208903193474,0.0279197748750448,0.0265785375751713));
#6560=CARTESIAN_POINT('',(0.0791208903193474,0.0313759466665259,0.0261055357748968));
#6561=CARTESIAN_POINT('',(0.0791208903193474,0.0382594694749073,0.0250249462512326));
#6562=CARTESIAN_POINT('',(0.0791208903193474,0.0484869543401022,0.0227449169902463));
#6563=CARTESIAN_POINT('',(0.0791208903193474,0.05842496722174,0.0194434050614114));
#6564=CARTESIAN_POINT('',(0.0791208903193474,0.0648363371834425,0.0166719753351362));
#6565=CARTESIAN_POINT('',(0.0791208903193474,0.0680215852621466,0.0152457227508811));
#6566=CARTESIAN_POINT('',(0.0791208903193474,0.0680215852621466,0.0152457227508811));
#6567=CARTESIAN_POINT('',(0.0791208903193474,0.0680215852621466,0.0152457227508811));
#6568=CARTESIAN_POINT('',(0.0796615398575308,0.0680223058180299,0.0152454001089187));
#6569=CARTESIAN_POINT('',(0.0802021893957139,0.0680230263734561,0.0152450774655059));
#6570=CARTESIAN_POINT('',(0.0807428389338968,0.0680237469284249,0.0152447548206453));
#6571=CARTESIAN_POINT('',(0.0807428389338968,0.0680237469284249,0.0152447548206453));
#6572=CARTESIAN_POINT('',(0.0807428389338968,0.0680237469284249,0.0152447548206453));
#6573=CARTESIAN_POINT('',(0.086861930513086,0.0637767775257181,0.0171464318753301));
#6574=CARTESIAN_POINT('',(0.092994662695812,0.0595062650396267,0.0189568110424155));
#6575=CARTESIAN_POINT('',(0.0991814812868242,0.0551969145269402,0.0204588184240709));
#6576=CARTESIAN_POINT('',(0.0991814812868242,0.0551969145269402,0.0204588184240709));
#6577=CARTESIAN_POINT('',(0.0991814812868242,0.0551969145269402,0.0204588184240709));
#6578=CARTESIAN_POINT('',(0.0994365085599888,0.0528766740355412,0.0212675292344444));
#6579=CARTESIAN_POINT('',(0.0999505797731464,0.0481979997402315,0.0227317633725343));
#6580=CARTESIAN_POINT('',(0.100997932811914,0.0386682298803872,0.0249830669274441));
#6581=CARTESIAN_POINT('',(0.102867748850807,0.0216942374197796,0.027651543730343));
#6582=CARTESIAN_POINT('',(0.104479229481658,0.00708042099013444,0.028812573642352));
#6583=CARTESIAN_POINT('',(0.105557285560444,-0.00269414517252251,0.0293421323684136));
#6584=CARTESIAN_POINT('',(0.105557285560443,-0.0026941451725226,0.0293421323684136));
#6585=CARTESIAN_POINT('',(0.102444176767718,0.060389397009768,0.0185130946694279));
#6586=CARTESIAN_POINT('',(0.102568115278922,0.0578779267014347,0.0195170993694465));
#6587=CARTESIAN_POINT('',(0.10281773037552,0.0528197660254082,0.0213632076484432));
#6588=CARTESIAN_POINT('',(0.103198485638314,0.0451042018479695,0.0235416395665906));
#6589=CARTESIAN_POINT('',(0.103585290072933,0.0372660582133567,0.0251581351090001));
#6590=CARTESIAN_POINT('',(0.104105970572736,0.026715071254728,0.0268437805850222));
#6591=CARTESIAN_POINT('',(0.104764388665015,0.0133729915963127,0.0283095894880692));
#6592=CARTESIAN_POINT('',(0.10529280040203,0.00266534007462838,0.0290517704093663));
#6593=CARTESIAN_POINT('',(0.105557285560444,-0.00269414517252259,0.0293421323684136));
#6594=CARTESIAN_POINT('',(0.102444176767718,0.060389397009768,0.0185130946694279));
#6595=CARTESIAN_POINT('',(0.0815745943839268,0.0769962354372972,0.0111632331657266));
#6596=CARTESIAN_POINT('',(0.0833012774371051,0.0756222382986695,0.0118334519515363));
#6597=CARTESIAN_POINT('',(0.0867744938782281,0.0728584482428433,0.0130818352526129));
#6598=CARTESIAN_POINT('',(0.0937253786297473,0.0673273255843224,0.0155579566826154));
#6599=CARTESIAN_POINT('',(0.0989420008931026,0.0631762313519685,0.0173990083238881));
#6600=CARTESIAN_POINT('',(0.102444176767718,0.0603893970097679,0.0185130946694279));
#6601=CARTESIAN_POINT('',(0.0815745943839268,0.0769962354372972,0.0111632331657266));
#6602=CARTESIAN_POINT('',(0.071389738364746,0.0771728764648488,0.0110767831795991));
#6603=CARTESIAN_POINT('',(0.0747846895459386,0.0771139961366435,0.0111056970895641));
#6604=CARTESIAN_POINT('',(0.0781796415667111,0.077055115793877,0.0111345120570827));
#6605=CARTESIAN_POINT('',(0.0815745943839268,0.0769962354372973,0.0111632331657266));
#6606=CARTESIAN_POINT('',(0.071389738364746,0.0771728764648488,0.011076783179599));
#6607=CARTESIAN_POINT('',(0.0319,0.0771728764648489,0.011076783179599));
#6608=CARTESIAN_POINT('',(0.0612033506741043,0.0771728764648489,0.0110767831795991));
#6609=CARTESIAN_POINT('',(0.0612033506741043,0.0771728764648488,0.0110767831795991));
#6610=CARTESIAN_POINT('',(0.0594530165179747,0.0758289633434412,0.011736728261048));
#6611=CARTESIAN_POINT('',(0.0559324618435829,0.0731258682772912,0.0129639858550321));
#6612=CARTESIAN_POINT('',(0.048883386651048,0.0677135619403201,0.0153813953840895));
#6613=CARTESIAN_POINT('',(0.0435963659699784,0.0636541676574856,0.0171934543631715));
#6614=CARTESIAN_POINT('',(0.0400489289784191,0.0609304322475195,0.0182954915633504));
#6615=CARTESIAN_POINT('',(0.0356725622373233,-0.00463349462059963,0.0294436465993232));
#6616=CARTESIAN_POINT('',(0.0357142919805304,-0.00488176023912818,0.0294561881188154));
#6617=CARTESIAN_POINT('',(0.0357560199007153,-0.00513001501182561,0.0294685472148689));
#6618=CARTESIAN_POINT('',(0.0357977456589914,-0.00537825692253083,0.0294806899762952));
#6619=CARTESIAN_POINT('',(0.0357977456589914,-0.00537825692253083,0.0294806899762952));
#6620=CARTESIAN_POINT('',(0.0357977456589965,-0.00537825692253145,0.0294806899762952));
#6621=CARTESIAN_POINT('',(0.037069859431188,0.00485621846074701,0.0289800702680886));
#6622=CARTESIAN_POINT('',(0.0386569506648008,0.0176199706650542,0.0280321229007414));
#6623=CARTESIAN_POINT('',(0.0405468931706768,0.0328386882523023,0.0258999691493946));
#6624=CARTESIAN_POINT('',(0.0414887779295422,0.0404276980743544,0.0245542626405647));
#6625=CARTESIAN_POINT('',(0.0424182148460765,0.0479296480871799,0.0228133325803942));
#6626=CARTESIAN_POINT('',(0.0430247694914135,0.0528271179592112,0.0212862088677789));
#6627=CARTESIAN_POINT('',(0.043325386408304,0.0552534377883076,0.0204391008767438));
#6628=CARTESIAN_POINT('',(0.043325386408304,0.0552534377883076,0.0204391008767438));
#6629=CARTESIAN_POINT('',(0.043325386408304,0.0552534377883076,0.0204391008767438));
#6630=CARTESIAN_POINT('',(0.0495762921663314,0.0595251480232412,0.0189477064480267));
#6631=CARTESIAN_POINT('',(0.0557745017754411,0.0637596557443855,0.0171536164858645));
#6632=CARTESIAN_POINT('',(0.061959119443017,0.0679711382154608,0.0152683085936269));
#6633=CARTESIAN_POINT('',(0.061959119443017,0.0679711382154608,0.0152683085936269));
#6634=CARTESIAN_POINT('',(0.061959119443017,0.0679711382154608,0.0152683085936269));
#6635=CARTESIAN_POINT('',(0.0635786269903183,0.0679711382154608,0.0152683085936269));
#6636=CARTESIAN_POINT('',(0.0635786269903183,0.0679711382154608,0.0152683085936269));
#6637=CARTESIAN_POINT('',(0.0635786269903183,0.0648002910048238,0.0166877667802279));
#6638=CARTESIAN_POINT('',(0.0635786269903183,0.0584278708793835,0.0194396404883022));
#6639=CARTESIAN_POINT('',(0.0635786269903183,0.0485609690020358,0.0227229429068727));
#6640=CARTESIAN_POINT('',(0.0635786269903183,0.0383481698336821,0.0250088590331426));
#6641=CARTESIAN_POINT('',(0.0635786269903183,0.0314711047886642,0.0260910580097183));
#6642=CARTESIAN_POINT('',(0.0635786269903183,0.0280216652899981,0.0265645719852707));
#6643=CARTESIAN_POINT('',(0.0635786269903183,0.0280216652899981,0.0265645719852707));
#6644=CARTESIAN_POINT('',(0.0706777554288585,0.0280216652899981,0.0265645719852707));
#6645=CARTESIAN_POINT('',(0.0635425087485985,0.0280216652899981,0.0265645719852707));
#6646=CARTESIAN_POINT('',(0.0635425087485985,0.0280216652899981,0.0265645719852707));
#6647=CARTESIAN_POINT('',(0.0635618952132205,0.0274919375123394,0.0266372891632518));
#6648=CARTESIAN_POINT('',(0.063581291181725,0.0269619798641083,0.026708318596745));
#6649=CARTESIAN_POINT('',(0.0636006958284019,0.0264318121355932,0.026777750255118));
#6650=CARTESIAN_POINT('',(0.0636006958284019,0.0264318121355932,0.026777750255118));
#6651=CARTESIAN_POINT('',(0.0636006958284019,0.0264318121355932,0.026777750255118));
#6652=CARTESIAN_POINT('',(0.0636350301229586,0.0260384181323921,0.0268292697961371));
#6653=CARTESIAN_POINT('',(0.063792709941911,0.0252511739688317,0.0269304642332789));
#6654=CARTESIAN_POINT('',(0.0645241298962651,0.0242913257942973,0.0270498018794037));
#6655=CARTESIAN_POINT('',(0.0655631072816489,0.0236903608215956,0.0271228660291646));
#6656=CARTESIAN_POINT('',(0.067028307803633,0.0231160087426024,0.0271917843135305));
#6657=CARTESIAN_POINT('',(0.0689639758254724,0.0226793203583429,0.0272432004881075));
#6658=CARTESIAN_POINT('',(0.0705413243841854,0.0226165498140528,0.0272505301651971));
#6659=CARTESIAN_POINT('',(0.0713317476530077,0.0226012424437454,0.0272523229281554));
#6660=CARTESIAN_POINT('',(0.0282599553417964,-0.000183652952417651,0.));
#6661=CARTESIAN_POINT('',(0.0388585252692661,0.0280818674072652,0.));
#6662=CARTESIAN_POINT('',(0.0385031239148941,0.0227574716732265,0.));
#6663=CARTESIAN_POINT('',(0.0385787320055494,0.023890183719458,0.));
#6664=CARTESIAN_POINT('',(0.0385787320055494,0.023890183719458,0.));
#6665=CARTESIAN_POINT('',(0.0387292816167914,0.0261456216855686,0.));
#6666=CARTESIAN_POINT('',(0.0387292816167914,0.0261456216855686,0.));
#6667=CARTESIAN_POINT('',(0.0388585252692661,0.0280818674072652,0.));
#6668=CARTESIAN_POINT('',(0.0388006998384432,0.0272155637947293,0.));
#6669=CARTESIAN_POINT('',(0.0388006998384432,0.0272155637947293,0.));
#6670=CARTESIAN_POINT('',(0.0389090650867628,0.0288390226216958,0.));
#6671=CARTESIAN_POINT('',(0.0389090650867628,0.0288390226216958,0.));
#6672=CARTESIAN_POINT('',(0.0388585252692661,0.0280818674072652,0.));
#6673=CARTESIAN_POINT('',(0.0389816259999611,0.0299260838046031,0.));
#6674=CARTESIAN_POINT('',(0.0389816259999611,0.0299260838046031,0.));
#6675=CARTESIAN_POINT('',(0.0390923718556691,0.0315852073685415,0.));
#6676=CARTESIAN_POINT('',(0.0390923718556691,0.0315852073685415,0.));
#6677=CARTESIAN_POINT('',(0.0388585252692661,0.0280818674072652,0.));
#6678=CARTESIAN_POINT('',(0.0391649327688673,0.0326722685514488,0.));
#6679=CARTESIAN_POINT('',(0.0391649327688673,0.0326722685514488,0.));
#6680=CARTESIAN_POINT('',(0.0394249903199752,0.0365682844182726,0.));
#6681=CARTESIAN_POINT('',(0.0394249903199752,0.0365682844182726,0.));
#6682=CARTESIAN_POINT('',(0.0388585252692661,0.0280818674072652,0.));
#6683=CARTESIAN_POINT('',(0.039497646457469,0.0376567721906587,0.));
#6684=CARTESIAN_POINT('',(0.039497646457469,0.0376567721906587,0.));
#6685=CARTESIAN_POINT('',(0.0506261398262617,0.0690516543561842,0.));
#6686=CARTESIAN_POINT('',(0.0612033506741043,0.0771728764648489,0.));
#6687=CARTESIAN_POINT('',(0.0662965445194251,0.0771728764648489,0.));
#6688=CARTESIAN_POINT('',(0.071389738364746,0.0771728764648488,0.));
#6689=CARTESIAN_POINT('',(0.0764821663743364,0.077084555951073,0.));
#6690=CARTESIAN_POINT('',(0.0815745943839268,0.0769962354372972,0.));
#6691=CARTESIAN_POINT('',(0.0920093855758226,0.0686928162235326,0.));
#6692=CARTESIAN_POINT('',(0.102444176767718,0.060389397009768,0.));
#6693=CARTESIAN_POINT('',(0.104063562694056,0.0275744177734994,0.));
#6694=CARTESIAN_POINT('',(0.105682948620393,-0.00524056146276924,0.));
#6695=CARTESIAN_POINT('',(0.101918580593914,-0.0254822874500519,0.));
#6696=CARTESIAN_POINT('',(0.0981542125674337,-0.0457240134373346,0.));
#6697=CARTESIAN_POINT('',(0.0842412423793867,-0.0454827138700474,0.));
#6698=CARTESIAN_POINT('',(0.0703282721913397,-0.0452414143027601,0.));
#6699=CARTESIAN_POINT('',(0.0564132096713703,-0.0452414143027601,0.));
#6700=CARTESIAN_POINT('',(0.042498147151401,-0.0452414143027601,0.));
#6701=CARTESIAN_POINT('',(0.0390853546943621,-0.0249374544616798,0.));
#6702=CARTESIAN_POINT('',(0.0367110978972078,-0.00408951572983333,0.));
#6703=CARTESIAN_POINT('',(0.0367110978972078,-0.00408951572983333,0.));
#6704=CARTESIAN_POINT('',(0.0388585252692661,0.0280818674072652,0.));
#6705=CARTESIAN_POINT('',(0.0367848967262479,-0.00298390888370061,5.42101086242752E-20));
#6706=CARTESIAN_POINT('',(0.0367848967262479,-0.00298390888370061,5.42101086242752E-20));
#6707=CARTESIAN_POINT('',(0.0370134350355336,0.000439905865613561,0.));
#6708=CARTESIAN_POINT('',(0.0370134350355336,0.000439905865613561,0.));
#6709=CARTESIAN_POINT('',(0.0388585252692661,0.0280818674072652,0.));
#6710=CARTESIAN_POINT('',(0.0370878052103469,0.00155407224861954,0.));
#6711=CARTESIAN_POINT('',(0.0370878052103469,0.00155407224861954,0.));
#6712=CARTESIAN_POINT('',(0.0373604323684657,0.00563839792665559,0.));
#6713=CARTESIAN_POINT('',(0.0373604315965866,0.00563838636285708,-3.4677957082513E-7));
#6714=CARTESIAN_POINT('',(0.0388585252692661,0.0280818674072652,0.));
#6715=CARTESIAN_POINT('',(0.0375265035398799,0.0081263699778239,0.));
#6716=CARTESIAN_POINT('',(0.0375265035398799,0.0081263699778239,0.));
#6717=CARTESIAN_POINT('',(0.0376378207413612,0.00979405307863568,0.));
#6718=CARTESIAN_POINT('',(0.0376378207413612,0.00979405307863568,0.));
#6719=CARTESIAN_POINT('',(0.0388585252692661,0.0280818674072652,0.));
#6720=CARTESIAN_POINT('',(0.0377103816545594,0.0108811142615429,-8.67361737988404E-19));
#6721=CARTESIAN_POINT('',(0.0377103816545594,0.0108811142615429,-8.67361737988404E-19));
#6722=CARTESIAN_POINT('',(0.0378823567322969,0.0134575348604018,0.));
#6723=CARTESIAN_POINT('',(0.0378823567322969,0.0134575348604018,0.));
#6724=CARTESIAN_POINT('',(0.0388585252692661,0.0280818674072652,0.));
#6725=CARTESIAN_POINT('',(0.0379550128697907,0.014546022632788,0.));
#6726=CARTESIAN_POINT('',(0.0379550128697907,0.014546022632788,0.));
#6727=CARTESIAN_POINT('',(0.0380472852121647,0.0159283878378236,0.));
#6728=CARTESIAN_POINT('',(0.0380472852121647,0.0159283878378236,0.));
#6729=CARTESIAN_POINT('',(0.0388585252692661,0.0280818674072652,0.));
#6730=CARTESIAN_POINT('',(0.0381210840412049,0.0170339946839563,2.16840434497101E-19));
#6731=CARTESIAN_POINT('',(0.0381210840412049,0.0170339946839563,2.16840434497101E-19));
#6732=CARTESIAN_POINT('',(0.0383496223504905,0.0204578094332705,0.));
#6733=CARTESIAN_POINT('',(0.0383496223504905,0.0204578094332705,0.));
#6734=CARTESIAN_POINT('',(0.0388585252692661,0.0280818674072652,0.));
#6735=CARTESIAN_POINT('',(0.038423992525304,0.0215719758162764,0.));
#6736=CARTESIAN_POINT('',(0.038423992525304,0.0215719758162764,0.));
#6737=CARTESIAN_POINT('',(0.0385031239148941,0.0227574716732265,0.));
#6738=CARTESIAN_POINT('',(0.0756409097067865,-0.0438546568149138,0.));
#6739=CARTESIAN_POINT('',(0.0756409094104883,-0.0432162449905475,4.63105071934298E-22));
#6740=CARTESIAN_POINT('',(0.0756409097067865,-0.0444926694748717,0.));
#6741=CARTESIAN_POINT('',(0.08806210461104,-0.0385328856981015,0.));
#6742=CARTESIAN_POINT('',(0.087539528609604,-0.0400737889395017,0.));
#6743=CARTESIAN_POINT('',(0.086878413367053,-0.0415677085153004,0.));
#6744=CARTESIAN_POINT('',(0.085867900573584,-0.0424097763771005,0.));
#6745=CARTESIAN_POINT('',(0.084273068760104,-0.0428251090884011,0.));
#6746=CARTESIAN_POINT('',(0.082651663133707,-0.0430265798422002,0.));
#6747=CARTESIAN_POINT('',(0.082199555118932,-0.0430827573594002,0.));
#6748=CARTESIAN_POINT('',(0.081745961471208,-0.0431222349549998,0.));
#6749=CARTESIAN_POINT('',(0.081291352466057,-0.0431490324740018,0.));
#6750=CARTESIAN_POINT('',(0.080245424909245,-0.0431907113026994,0.));
#6751=CARTESIAN_POINT('',(0.079199102327057,-0.0432078859374005,0.));
#6752=CARTESIAN_POINT('',(0.078608025594752,-0.0432122343138008,0.));
#6753=CARTESIAN_POINT('',(0.077248415829669,-0.0432155953510005,0.));
#6754=CARTESIAN_POINT('',(0.075888867621212,-0.0432167247814004,0.));
#6755=CARTESIAN_POINT('',(0.075120415801019,-0.0432169583424997,0.));
#6756=CARTESIAN_POINT('',(0.073114533075364,-0.0432173156243998,0.));
#6757=CARTESIAN_POINT('',(0.071108631041879,-0.0432191137117002,0.));
#6758=CARTESIAN_POINT('',(0.069871179642625,-0.0432203150159012,0.));
#6759=CARTESIAN_POINT('',(0.06731383820065,-0.043222044970701,0.));
#6760=CARTESIAN_POINT('',(0.064756509345733,-0.0432202707327995,0.));
#6761=CARTESIAN_POINT('',(0.063436625264087,-0.0432194190931998,0.));
#6762=CARTESIAN_POINT('',(0.061895459351048,-0.0432196642425016,0.));
#6763=CARTESIAN_POINT('',(0.060354280123752,-0.0432227167792014,0.));
#6764=CARTESIAN_POINT('',(0.060133004487615,-0.0432228974129991,0.));
#6765=CARTESIAN_POINT('',(0.059911734554349,-0.0432225048919008,0.));
#6766=CARTESIAN_POINT('',(0.059690473312622,-0.043221223702,0.));
#6767=CARTESIAN_POINT('',(0.057282624026958,-0.0432072813042001,0.));
#6768=CARTESIAN_POINT('',(0.054875384146343,-0.0430880947772998,0.));
#6769=CARTESIAN_POINT('',(0.053088533677138,-0.0424803574782011,0.));
#6770=CARTESIAN_POINT('',(0.051852069643301,-0.0405098278653018,0.));
#6771=CARTESIAN_POINT('',(0.050878774792265,-0.0384169133175014,0.));
#6772=CARTESIAN_POINT('',(0.0880620985455598,-0.0385328836414554,2.68934478991242E-18));
#6773=CARTESIAN_POINT('',(0.096231025010426,-0.0101137161343008,0.));
#6774=CARTESIAN_POINT('',(0.0960622387550173,-0.0107061538315042,0.));
#6775=CARTESIAN_POINT('',(0.0957247592616421,-0.0118908928853392,0.));
#6776=CARTESIAN_POINT('',(0.0952183772199389,-0.0136691464652639,0.));
#6777=CARTESIAN_POINT('',(0.0947973611520703,-0.0151480935622914,0.));
#6778=CARTESIAN_POINT('',(0.0945010321899598,-0.0161892965404566,0.));
#6779=CARTESIAN_POINT('',(0.0943343321280656,-0.0167750886704051,0.));
#6780=CARTESIAN_POINT('',(0.0942019510843396,-0.0172403399275783,0.));
#6781=CARTESIAN_POINT('',(0.094097728055913,-0.0176065939155875,0.));
#6782=CARTESIAN_POINT('',(0.0939453339959765,-0.0181419645712687,0.));
#6783=CARTESIAN_POINT('',(0.0936760840124563,-0.0190874981783087,0.));
#6784=CARTESIAN_POINT('',(0.0933490351683915,-0.0202351961113293,0.));
#6785=CARTESIAN_POINT('',(0.0930057346775566,-0.0214391564928238,0.));
#6786=CARTESIAN_POINT('',(0.092739167301594,-0.0223736466000582,0.));
#6787=CARTESIAN_POINT('',(0.092511227408717,-0.0231724325226995,0.));
#6788=CARTESIAN_POINT('',(0.0923453168260169,-0.0237536902819484,0.));
#6789=CARTESIAN_POINT('',(0.0922534934822849,-0.0240753499650028,0.));
#6790=CARTESIAN_POINT('',(0.0921726690636305,-0.0243584532940909,0.));
#6791=CARTESIAN_POINT('',(0.0921349650397464,-0.0244905076292512,0.));
#6792=CARTESIAN_POINT('',(0.0920678635916229,-0.0247255114156101,0.));
#6793=CARTESIAN_POINT('',(0.0919538944389327,-0.025124610956102,0.));
#6794=CARTESIAN_POINT('',(0.0917767003165571,-0.0257450010109436,0.));
#6795=CARTESIAN_POINT('',(0.0915486345830666,-0.026543325858825,0.));
#6796=CARTESIAN_POINT('',(0.0912214334731068,-0.0276884542541253,0.));
#6797=CARTESIAN_POINT('',(0.09085962688645,-0.0289543877835364,0.));
#6798=CARTESIAN_POINT('',(0.090515079064874,-0.0301597128780572,0.));
#6799=CARTESIAN_POINT('',(0.0903068839215024,-0.030887955069007,0.));
#6800=CARTESIAN_POINT('',(0.0901543817034048,-0.0314214159427084,0.));
#6801=CARTESIAN_POINT('',(0.0899674392843061,-0.032075103683289,0.));
#6802=CARTESIAN_POINT('',(0.089753914324301,-0.0328210516847753,0.));
#6803=CARTESIAN_POINT('',(0.0895637735601926,-0.033484352757134,0.));
#6804=CARTESIAN_POINT('',(0.0894033515492894,-0.0340428160230189,0.));
#6805=CARTESIAN_POINT('',(0.0892971646255899,-0.0344118184876593,0.));
#6806=CARTESIAN_POINT('',(0.0892195663381841,-0.0346808166138444,0.));
#6807=CARTESIAN_POINT('',(0.0891731405591994,-0.0348414041755919,0.));
#6808=CARTESIAN_POINT('',(0.0891456471577336,-0.0349363487966562,0.));
#6809=CARTESIAN_POINT('',(0.0891335819896428,-0.0349779959936624,0.));
#6810=CARTESIAN_POINT('',(0.0890930574003024,-0.0351176728935822,0.));
#6811=CARTESIAN_POINT('',(0.0890493964662403,-0.0352679403691615,0.));
#6812=CARTESIAN_POINT('',(0.0889693152244973,-0.0355430908774698,0.));
#6813=CARTESIAN_POINT('',(0.0888595624854885,-0.0359186628771612,0.));
#6814=CARTESIAN_POINT('',(0.0887542753202558,-0.0362770831072302,0.));
#6815=CARTESIAN_POINT('',(0.0886684589524643,-0.0365678254474274,0.));
#6816=CARTESIAN_POINT('',(0.0886158147162099,-0.036745786134688,0.));
#6817=CARTESIAN_POINT('',(0.0885235166240934,-0.0370565489079372,0.));
#6818=CARTESIAN_POINT('',(0.0884557551174265,-0.037283436831327,0.));
#6819=CARTESIAN_POINT('',(0.0883906716086724,-0.0374996159781869,0.));
#6820=CARTESIAN_POINT('',(0.0883515100066663,-0.0376290989910469,0.));
#6821=CARTESIAN_POINT('',(0.0882671532636045,-0.0379026692264575,0.));
#6822=CARTESIAN_POINT('',(0.088174842020321,-0.0381939379338146,0.));
#6823=CARTESIAN_POINT('',(0.0881056741343868,-0.0384044136297845,0.));
#6824=CARTESIAN_POINT('',(0.08806210461104,-0.0385328856980997,0.));
#6825=CARTESIAN_POINT('',(0.096231025010426,-0.0101137161343008,0.));
#6826=CARTESIAN_POINT('',(0.094574966579575,0.0592610566899001,0.));
#6827=CARTESIAN_POINT('',(0.095989587876014,0.0576342542903987,0.));
#6828=CARTESIAN_POINT('',(0.097213865964066,0.0556559244833004,0.));
#6829=CARTESIAN_POINT('',(0.098453299177067,0.0523729744749986,0.));
#6830=CARTESIAN_POINT('',(0.098640453993881,0.0501687131406996,0.));
#6831=CARTESIAN_POINT('',(0.09883025715613,0.047964679871999,0.));
#6832=CARTESIAN_POINT('',(0.099337271340279,0.0420771271235996,0.));
#6833=CARTESIAN_POINT('',(0.099870205960736,0.0361096518170001,0.));
#6834=CARTESIAN_POINT('',(0.100371975129354,0.0298764628038981,0.));
#6835=CARTESIAN_POINT('',(0.100785492957986,0.0231917689361989,0.));
#6836=CARTESIAN_POINT('',(0.101053673558482,0.0158697790655999,0.));
#6837=CARTESIAN_POINT('',(0.101194020223566,0.0120379699853981,0.));
#6838=CARTESIAN_POINT('',(0.101288232045591,0.00820447113639844,0.));
#6839=CARTESIAN_POINT('',(0.098444641526955,-0.00255989371570209,0.));
#6840=CARTESIAN_POINT('',(0.097309381245087,-0.00632869890720045,0.));
#6841=CARTESIAN_POINT('',(0.096231025010426,-0.0101137161343008,0.));
#6842=CARTESIAN_POINT('',(0.094574966579575,0.0592610566899001,0.));
#6843=CARTESIAN_POINT('',(0.0846833180190096,0.0674295142606881,0.));
#6844=CARTESIAN_POINT('',(0.0851117898250213,0.0671087124612226,0.));
#6845=CARTESIAN_POINT('',(0.0857783903999301,0.0666116982874242,0.));
#6846=CARTESIAN_POINT('',(0.0865762660854542,0.0660157212013223,0.));
#6847=CARTESIAN_POINT('',(0.0872459381838609,0.0655119535034315,0.));
#6848=CARTESIAN_POINT('',(0.0879712658561849,0.0649624709727367,0.));
#6849=CARTESIAN_POINT('',(0.088625958362053,0.0644609007490363,0.));
#6850=CARTESIAN_POINT('',(0.0891338389184412,0.0640675448938128,0.));
#6851=CARTESIAN_POINT('',(0.0895298721581297,0.0637575564575754,0.));
#6852=CARTESIAN_POINT('',(0.0897782832744725,0.0635620088850841,0.));
#6853=CARTESIAN_POINT('',(0.0901582550146936,0.0632602075680266,0.));
#6854=CARTESIAN_POINT('',(0.090599574499256,0.0629056373334546,0.));
#6855=CARTESIAN_POINT('',(0.0911388091942316,0.0624655606161739,0.));
#6856=CARTESIAN_POINT('',(0.0916360050410916,0.0620493883190795,0.));
#6857=CARTESIAN_POINT('',(0.0919596799191289,0.0617730398636311,0.));
#6858=CARTESIAN_POINT('',(0.0921470121327601,0.06161116002503,0.));
#6859=CARTESIAN_POINT('',(0.0922613463490188,0.0615118074135507,0.));
#6860=CARTESIAN_POINT('',(0.0924618193340002,0.0613358327625095,0.));
#6861=CARTESIAN_POINT('',(0.0926906366979897,0.0611322877135868,0.));
#6862=CARTESIAN_POINT('',(0.0930883337382677,0.0607722836828222,0.));
#6863=CARTESIAN_POINT('',(0.093598585597451,0.0602906533482795,0.));
#6864=CARTESIAN_POINT('',(0.094134007547829,0.0597512774183797,0.));
#6865=CARTESIAN_POINT('',(0.0944368404395898,0.0594199005702469,0.));
#6866=CARTESIAN_POINT('',(0.0945749665795749,0.0592610566899002,0.));
#6867=CARTESIAN_POINT('',(0.0846833142771659,0.0674295093471207,3.8835171392016E-18));
#6868=CARTESIAN_POINT('',(0.085548350050263,0.0674298220238985,1.4210854715202E-17));
#6869=CARTESIAN_POINT('',(0.076225224877785,0.0674265043734965,0.));
#6870=CARTESIAN_POINT('',(0.0612219617491251,0.0674266993603041,0.));
#6871=CARTESIAN_POINT('',(0.0613551666266083,0.0674273050894026,0.));
#6872=CARTESIAN_POINT('',(0.0615667501432064,0.0674279932280905,0.));
#6873=CARTESIAN_POINT('',(0.0618926405104327,0.0674284606418118,0.));
#6874=CARTESIAN_POINT('',(0.0620808522264911,0.0674285805561836,0.));
#6875=CARTESIAN_POINT('',(0.0623030461853245,0.0674285363777191,0.));
#6876=CARTESIAN_POINT('',(0.0622965595176053,0.0674285244522813,0.));
#6877=CARTESIAN_POINT('',(0.0623885523423948,0.0674284387931563,0.));
#6878=CARTESIAN_POINT('',(0.0625846129359137,0.0674282285684414,0.));
#6879=CARTESIAN_POINT('',(0.0628316322102271,0.0674279673457267,0.));
#6880=CARTESIAN_POINT('',(0.0630872885594002,0.0674276954788596,0.));
#6881=CARTESIAN_POINT('',(0.0632325175522072,0.0674275410307667,0.));
#6882=CARTESIAN_POINT('',(0.0633650225856873,0.0674273999471143,0.));
#6883=CARTESIAN_POINT('',(0.0633889819925675,0.0674273745616341,0.));
#6884=CARTESIAN_POINT('',(0.0634422555813585,0.0674273196252397,0.));
#6885=CARTESIAN_POINT('',(0.063544387326953,0.0674272199265033,0.));
#6886=CARTESIAN_POINT('',(0.0637030148954534,0.0674270799786701,0.));
#6887=CARTESIAN_POINT('',(0.0639735389817512,0.0674268723746391,0.));
#6888=CARTESIAN_POINT('',(0.0643471537170926,0.0674266385708744,0.));
#6889=CARTESIAN_POINT('',(0.0647697897235593,0.0674264395321581,0.));
#6890=CARTESIAN_POINT('',(0.0650861003458061,0.0674263197801041,0.));
#6891=CARTESIAN_POINT('',(0.0652805872437943,0.0674262547518519,0.));
#6892=CARTESIAN_POINT('',(0.0653893938780414,0.0674262206898332,0.));
#6893=CARTESIAN_POINT('',(0.0655141871050745,0.0674261846943501,0.));
#6894=CARTESIAN_POINT('',(0.0655087747827556,0.0674261863158664,0.));
#6895=CARTESIAN_POINT('',(0.0655298920077915,0.0674261793043958,0.));
#6896=CARTESIAN_POINT('',(0.0655840541280118,0.067426159259776,0.));
#6897=CARTESIAN_POINT('',(0.0657517389550959,0.0674260964278753,0.));
#6898=CARTESIAN_POINT('',(0.0660799527239216,0.0674259715908108,0.));
#6899=CARTESIAN_POINT('',(0.0665393619914932,0.0674257960944188,0.));
#6900=CARTESIAN_POINT('',(0.0671306572832041,0.0674255695448909,0.));
#6901=CARTESIAN_POINT('',(0.0677275036930836,0.0674253405391525,0.));
#6902=CARTESIAN_POINT('',(0.0682118365921939,0.0674251544022215,0.));
#6903=CARTESIAN_POINT('',(0.0684902351198906,0.0674250475508655,0.));
#6904=CARTESIAN_POINT('',(0.0687485799807083,0.0674249478370026,0.));
#6905=CARTESIAN_POINT('',(0.0688569012955298,0.0674249077226437,0.));
#6906=CARTESIAN_POINT('',(0.0690512340275478,0.0674248408945501,0.));
#6907=CARTESIAN_POINT('',(0.069362122895229,0.0674247484069606,0.));
#6908=CARTESIAN_POINT('',(0.0698044510518524,0.0674246558573536,0.));
#6909=CARTESIAN_POINT('',(0.070306787854681,0.0674246176633162,0.));
#6910=CARTESIAN_POINT('',(0.0707874053219781,0.0674246496733633,0.));
#6911=CARTESIAN_POINT('',(0.0712449317649798,0.0674247529884629,0.));
#6912=CARTESIAN_POINT('',(0.0716781162891535,0.0674249258661494,0.));
#6913=CARTESIAN_POINT('',(0.0720241311826874,0.067425132790456,0.));
#6914=CARTESIAN_POINT('',(0.072247871747232,0.0674253011305069,0.));
#6915=CARTESIAN_POINT('',(0.0723859230267053,0.0674254178782153,0.));
#6916=CARTESIAN_POINT('',(0.0724511626278111,0.0674254769090398,0.));
#6917=CARTESIAN_POINT('',(0.0726558463142901,0.0674256663446747,0.));
#6918=CARTESIAN_POINT('',(0.072873891959244,0.0674258594559446,0.));
#6919=CARTESIAN_POINT('',(0.0732657806276087,0.0674261908507455,0.));
#6920=CARTESIAN_POINT('',(0.0737764451127282,0.0674265693600468,0.));
#6921=CARTESIAN_POINT('',(0.0743352263151359,0.0674268956153993,0.));
#6922=CARTESIAN_POINT('',(0.0749994857254084,0.0674271515251749,0.));
#6923=CARTESIAN_POINT('',(0.0756823825967576,0.0674271395191119,0.));
#6924=CARTESIAN_POINT('',(0.0760705825092558,0.0674267750597161,0.));
#6925=CARTESIAN_POINT('',(0.0762252248777199,0.0674265041859688,0.));
#6926=CARTESIAN_POINT('',(0.061221961748557,0.0674266994852992,1.25000000000446E-10));
#6927=CARTESIAN_POINT('',(0.06122201434982,0.0674266995994994,1.4210854715202E-17));
#6928=CARTESIAN_POINT('',(0.0555416942799125,0.0674278649001181,1.66666666666782E-10));
#6929=CARTESIAN_POINT('',(0.055541694223324,0.067427865066799,1.4210854715202E-17));
#6930=CARTESIAN_POINT('',(0.051725045687349,0.0644974278669981,0.));
#6931=CARTESIAN_POINT('',(0.048028489814583,0.0615934696704005,0.));
#6932=CARTESIAN_POINT('',(0.0481694655431717,0.061712600286376,0.));
#6933=CARTESIAN_POINT('',(0.0483903664918823,0.0618965862058184,0.));
#6934=CARTESIAN_POINT('',(0.0486936630721631,0.0621444119545432,0.));
#6935=CARTESIAN_POINT('',(0.0489457419576836,0.0623476744638007,0.));
#6936=CARTESIAN_POINT('',(0.0491415254562747,0.0625037797588532,0.));
#6937=CARTESIAN_POINT('',(0.0493684757997182,0.0626832795536655,0.));
#6938=CARTESIAN_POINT('',(0.0495689956570026,0.0628404358163147,0.));
#6939=CARTESIAN_POINT('',(0.0497275038886975,0.0629640423884211,0.));
#6940=CARTESIAN_POINT('',(0.0498760383363842,0.0630793744608066,0.));
#6941=CARTESIAN_POINT('',(0.0499274248849197,0.0631191343052759,0.));
#6942=CARTESIAN_POINT('',(0.0500498799463449,0.0632138306938392,0.));
#6943=CARTESIAN_POINT('',(0.0502214537432861,0.0633461933273375,0.));
#6944=CARTESIAN_POINT('',(0.0504738281849213,0.0635405645412594,0.));
#6945=CARTESIAN_POINT('',(0.0509073152040448,0.0638740808594093,0.));
#6946=CARTESIAN_POINT('',(0.051326281828075,0.0641952200660231,0.));
#6947=CARTESIAN_POINT('',(0.051605611766713,0.0644073428201298,0.));
#6948=CARTESIAN_POINT('',(0.0517250457626122,0.0644974277672237,0.));
#6949=CARTESIAN_POINT('',(0.048028489814583,0.0615934696703988,0.));
#6950=CARTESIAN_POINT('',(0.042421241168191,0.0502309857763006,0.));
#6951=CARTESIAN_POINT('',(0.042554609286497,0.0529813627400984,0.));
#6952=CARTESIAN_POINT('',(0.042687977404803,0.0557317397038997,0.));
#6953=CARTESIAN_POINT('',(0.044113210484046,0.0579862641519995,0.));
#6954=CARTESIAN_POINT('',(0.045996549282908,0.0598763519125996,0.));
#6955=CARTESIAN_POINT('',(0.048028489814583,0.0615934696703988,0.));
#6956=CARTESIAN_POINT('',(0.042421241168191,0.0502309857763006,0.));
#6957=CARTESIAN_POINT('',(0.043608520386037,0.0747155886319995,1.4210854715202E-17));
#6958=CARTESIAN_POINT('',(0.040122112345796,0.00281732327469974,0.));
#6959=CARTESIAN_POINT('',(0.043015519732021,-0.0177631418108,0.));
#6960=CARTESIAN_POINT('',(0.041947215424672,-0.0144644437080998,0.));
#6961=CARTESIAN_POINT('',(0.041070927655439,-0.0111035598314011,0.));
#6962=CARTESIAN_POINT('',(0.039787469666423,-0.00408382767600024,0.));
#6963=CARTESIAN_POINT('',(0.03995479100611,-0.000633252200699985,0.));
#6964=CARTESIAN_POINT('',(0.040122112345796,0.00281732327469974,0.));
#6965=CARTESIAN_POINT('',(0.043015519732021,-0.0177631418108,0.));
#6966=CARTESIAN_POINT('',(0.0495745364407081,-0.0352352073049199,0.));
#6967=CARTESIAN_POINT('',(0.0493598933246392,-0.0346761360539036,0.));
#6968=CARTESIAN_POINT('',(0.0489892030590952,-0.0337116989426547,0.));
#6969=CARTESIAN_POINT('',(0.0484730697903616,-0.0323704957972547,0.));
#6970=CARTESIAN_POINT('',(0.0481924793401729,-0.0316417112004943,0.));
#6971=CARTESIAN_POINT('',(0.0480487648386619,-0.0312685156894412,0.));
#6972=CARTESIAN_POINT('',(0.0479621036677208,-0.0310434981759404,0.));
#6973=CARTESIAN_POINT('',(0.0479048915699124,-0.0308949560426733,0.));
#6974=CARTESIAN_POINT('',(0.0478142743487262,-0.0306596893638298,0.));
#6975=CARTESIAN_POINT('',(0.0477084427829724,-0.0303849172890813,0.));
#6976=CARTESIAN_POINT('',(0.0475244472297053,-0.0299072007132524,0.));
#6977=CARTESIAN_POINT('',(0.0471883392869695,-0.0290345156355861,0.));
#6978=CARTESIAN_POINT('',(0.0468660110518847,-0.0281975332869443,0.));
#6979=CARTESIAN_POINT('',(0.0466078120649445,-0.0275269824179277,0.));
#6980=CARTESIAN_POINT('',(0.0464729124158388,-0.0271765967246562,0.));
#6981=CARTESIAN_POINT('',(0.0463807385732129,-0.0269371519219748,0.));
#6982=CARTESIAN_POINT('',(0.0463199738640668,-0.0267792811003744,0.));
#6983=CARTESIAN_POINT('',(0.0462746058781142,-0.0266613913599967,0.));
#6984=CARTESIAN_POINT('',(0.0462489735411683,-0.0265947763995016,0.));
#6985=CARTESIAN_POINT('',(0.0462311812925709,-0.0265485304607016,0.));
#6986=CARTESIAN_POINT('',(0.046229990638856,-0.0265454372204059,0.));
#6987=CARTESIAN_POINT('',(0.0461847371258924,-0.0264277996316098,0.));
#6988=CARTESIAN_POINT('',(0.0461408248274744,-0.0263136336341845,0.));
#6989=CARTESIAN_POINT('',(0.0460589113371032,-0.0261006401725653,0.));
#6990=CARTESIAN_POINT('',(0.0459519762161419,-0.0258224846640516,0.));
#6991=CARTESIAN_POINT('',(0.0458320308936864,-0.0255103249694948,0.));
#6992=CARTESIAN_POINT('',(0.0456862685201599,-0.0251307397326927,0.));
#6993=CARTESIAN_POINT('',(0.0455592951121492,-0.0247996781568466,0.));
#6994=CARTESIAN_POINT('',(0.0454686751816814,-0.0245630382527063,0.));
#6995=CARTESIAN_POINT('',(0.0454175853277518,-0.0244294585236598,0.));
#6996=CARTESIAN_POINT('',(0.0453939366565773,-0.0243676049443728,0.));
#6997=CARTESIAN_POINT('',(0.0453263329952466,-0.024190547911924,0.));
#6998=CARTESIAN_POINT('',(0.0452530170085133,-0.0239982275374169,0.));
#6999=CARTESIAN_POINT('',(0.0451205922408652,-0.0236502053475544,0.));
#7000=CARTESIAN_POINT('',(0.0449436655841995,-0.0231831049741597,0.));
#7001=CARTESIAN_POINT('',(0.0447789240307623,-0.0227454276505584,0.));
#7002=CARTESIAN_POINT('',(0.0446507575974676,-0.0224029217571418,0.));
#7003=CARTESIAN_POINT('',(0.0445684455247959,-0.0221822135846675,0.));
#7004=CARTESIAN_POINT('',(0.0444504051999339,-0.0218641577550131,0.));
#7005=CARTESIAN_POINT('',(0.0443103378699008,-0.0214844361092761,0.));
#7006=CARTESIAN_POINT('',(0.0441388435737521,-0.0210156877931389,0.));
#7007=CARTESIAN_POINT('',(0.0439428404161616,-0.0204725393280276,0.));
#7008=CARTESIAN_POINT('',(0.0437726014960528,-0.0199948357028089,0.));
#7009=CARTESIAN_POINT('',(0.0435601836430914,-0.019388292086327,0.));
#7010=CARTESIAN_POINT('',(0.0433075380171006,-0.0186512252501241,0.));
#7011=CARTESIAN_POINT('',(0.0431280370354395,-0.0181105715517441,0.));
#7012=CARTESIAN_POINT('',(0.0430155197325208,-0.0177631418106365,0.));
#7013=CARTESIAN_POINT('',(0.0495737451003987,-0.0352355111230095,5.78813496636548E-16));
#7014=CARTESIAN_POINT('',(0.0508787747716444,-0.0384169133270919,0.));
#7015=CARTESIAN_POINT('',(0.0507752252876138,-0.0381942467795167,0.));
#7016=CARTESIAN_POINT('',(0.0506138688813479,-0.0378325282905225,0.));
#7017=CARTESIAN_POINT('',(0.0504091953314445,-0.0373473866169824,0.));
#7018=CARTESIAN_POINT('',(0.0502942527218538,-0.0370688426994514,0.));
#7019=CARTESIAN_POINT('',(0.050190610036231,-0.0368132975335641,0.));
#7020=CARTESIAN_POINT('',(0.0501449785434277,-0.0366992035859803,0.));
#7021=CARTESIAN_POINT('',(0.0500546521132796,-0.0364721665233144,0.));
#7022=CARTESIAN_POINT('',(0.0498877351866632,-0.0360472959708543,0.));
#7023=CARTESIAN_POINT('',(0.049708132983584,-0.0355831801963724,0.));
#7024=CARTESIAN_POINT('',(0.049574536440708,-0.0352352073049181,0.));
#7025=CARTESIAN_POINT('',(0.050878774784487,-0.0384169133277421,1.07696872287419E-18));
#7026=CARTESIAN_POINT('',(0.08806210461104,-0.0385328856981015,0.));
#7027=CARTESIAN_POINT('',(0.087539528609604,-0.0400737889395017,0.));
#7028=CARTESIAN_POINT('',(0.086878413367053,-0.0415677085153004,0.));
#7029=CARTESIAN_POINT('',(0.085867900573584,-0.0424097763771005,0.));
#7030=CARTESIAN_POINT('',(0.084273068760104,-0.0428251090884011,0.));
#7031=CARTESIAN_POINT('',(0.082651663133707,-0.0430265798422002,0.));
#7032=CARTESIAN_POINT('',(0.082199555118932,-0.0430827573594002,0.));
#7033=CARTESIAN_POINT('',(0.081745961471208,-0.0431222349549998,0.));
#7034=CARTESIAN_POINT('',(0.081291352466057,-0.0431490324740018,0.));
#7035=CARTESIAN_POINT('',(0.080245424909245,-0.0431907113026994,0.));
#7036=CARTESIAN_POINT('',(0.079199102327057,-0.0432078859374005,0.));
#7037=CARTESIAN_POINT('',(0.078608025594752,-0.0432122343138008,0.));
#7038=CARTESIAN_POINT('',(0.077248415829669,-0.0432155953510005,0.));
#7039=CARTESIAN_POINT('',(0.075888867621212,-0.0432167247814004,0.));
#7040=CARTESIAN_POINT('',(0.075120415801019,-0.0432169583424997,0.));
#7041=CARTESIAN_POINT('',(0.073114533075364,-0.0432173156243998,0.));
#7042=CARTESIAN_POINT('',(0.071108631041879,-0.0432191137117002,0.));
#7043=CARTESIAN_POINT('',(0.069871179642625,-0.0432203150159012,0.));
#7044=CARTESIAN_POINT('',(0.06731383820065,-0.043222044970701,0.));
#7045=CARTESIAN_POINT('',(0.064756509345733,-0.0432202707327995,0.));
#7046=CARTESIAN_POINT('',(0.063436625264087,-0.0432194190931998,0.));
#7047=CARTESIAN_POINT('',(0.061895459351048,-0.0432196642425016,0.));
#7048=CARTESIAN_POINT('',(0.060354280123752,-0.0432227167792014,0.));
#7049=CARTESIAN_POINT('',(0.060133004487615,-0.0432228974129991,0.));
#7050=CARTESIAN_POINT('',(0.059911734554349,-0.0432225048919008,0.));
#7051=CARTESIAN_POINT('',(0.059690473312622,-0.043221223702,0.));
#7052=CARTESIAN_POINT('',(0.057282624026958,-0.0432072813042001,0.));
#7053=CARTESIAN_POINT('',(0.054875384146343,-0.0430880947772998,0.));
#7054=CARTESIAN_POINT('',(0.053088533677138,-0.0424803574782011,0.));
#7055=CARTESIAN_POINT('',(0.051852069643301,-0.0405098278653018,0.));
#7056=CARTESIAN_POINT('',(0.050878774792265,-0.0384169133175014,0.));
#7057=CARTESIAN_POINT('',(0.0635183528334052,-0.0432185829049301,2.67463114866329E-22));
#7058=CARTESIAN_POINT('',(0.0635183529922659,-0.0438546568149138,0.));
#7059=CARTESIAN_POINT('',(0.0635183529922659,-0.0444926694748717,0.));
#7060=CARTESIAN_POINT('',(0.0695796313495262,-0.0444926694748717,0.));
#7061=CARTESIAN_POINT('',(0.0756393135789491,-0.0432166450383183,-3.8808899700866E-26));
#7062=CARTESIAN_POINT('',(0.0756393135789489,-0.0432166450383179,0.00750000000000346));
#7063=CARTESIAN_POINT('',(0.0759734308499503,-0.0432164602264849,-3.8808899700866E-26));
#7064=CARTESIAN_POINT('',(0.0759734308499501,-0.0432164602264845,0.00750000000000346));
#7065=CARTESIAN_POINT('',(0.0766416688429667,-0.0432159272946503,-3.8808899700866E-26));
#7066=CARTESIAN_POINT('',(0.0766416688429665,-0.0432159272946499,0.00750000000000346));
#7067=CARTESIAN_POINT('',(0.0776440507033018,-0.0432146232687296,-3.8808899700866E-26));
#7068=CARTESIAN_POINT('',(0.0776440507033016,-0.0432146232687292,0.00750000000000346));
#7069=CARTESIAN_POINT('',(0.0784793789902934,-0.0432120118605018,-3.8808899700866E-26));
#7070=CARTESIAN_POINT('',(0.0784793789902932,-0.0432120118605014,0.00750000000000346));
#7071=CARTESIAN_POINT('',(0.0791475875407656,-0.0432058511157104,-3.8808899700866E-26));
#7072=CARTESIAN_POINT('',(0.0791475875407654,-0.04320585111571,0.00750000000000346));
#7073=CARTESIAN_POINT('',(0.0796487063589049,-0.0431985296485616,-3.88088997008661E-26));
#7074=CARTESIAN_POINT('',(0.0796487063589047,-0.0431985296485612,0.00750000000000346));
#7075=CARTESIAN_POINT('',(0.0801497659882358,-0.0431877231130105,-3.8808899700866E-26));
#7076=CARTESIAN_POINT('',(0.0801497659882356,-0.0431877231130101,0.00750000000000346));
#7077=CARTESIAN_POINT('',(0.0806507827998902,-0.0431729051616694,-3.88088997008661E-26));
#7078=CARTESIAN_POINT('',(0.08065078279989,-0.043172905161669,0.00750000000000346));
#7079=CARTESIAN_POINT('',(0.0810681200076182,-0.0431557743940364,-3.8808899700866E-26));
#7080=CARTESIAN_POINT('',(0.0810681200076181,-0.0431557743940359,0.00750000000000346));
#7081=CARTESIAN_POINT('',(0.0814851172692345,-0.0431333292309154,-3.8808899700866E-26));
#7082=CARTESIAN_POINT('',(0.0814851172692343,-0.0431333292309149,0.00750000000000346));
#7083=CARTESIAN_POINT('',(0.0817767118186273,-0.0431133616100313,-3.88088997008661E-26));
#7084=CARTESIAN_POINT('',(0.0817767118186271,-0.0431133616100308,0.00750000000000346));
#7085=CARTESIAN_POINT('',(0.082026353282236,-0.0430923965256238,-3.8808899700866E-26));
#7086=CARTESIAN_POINT('',(0.0820263532822358,-0.0430923965256234,0.00750000000000346));
#7087=CARTESIAN_POINT('',(0.0821510872264303,-0.0430811068818556,-3.88088997008661E-26));
#7088=CARTESIAN_POINT('',(0.0821510872264302,-0.0430811068818552,0.00750000000000346));
#7089=CARTESIAN_POINT('',(0.0822758280023306,-0.0430689575860001,-3.8808899700866E-26));
#7090=CARTESIAN_POINT('',(0.0822758280023304,-0.0430689575859997,0.00750000000000346));
#7091=CARTESIAN_POINT('',(0.0823794728220051,-0.0430581220643832,-3.88088997008661E-26));
#7092=CARTESIAN_POINT('',(0.0823794728220049,-0.0430581220643828,0.00750000000000346));
#7093=CARTESIAN_POINT('',(0.0824628919154531,-0.0430489200502933,-3.8808899700866E-26));
#7094=CARTESIAN_POINT('',(0.0824628919154529,-0.0430489200502929,0.00750000000000346));
#7095=CARTESIAN_POINT('',(0.0825239507049931,-0.0430419680810191,-3.88088997008661E-26));
#7096=CARTESIAN_POINT('',(0.0825239507049929,-0.0430419680810187,0.00750000000000346));
#7097=CARTESIAN_POINT('',(0.0825795382458254,-0.0430353774145104,-3.8808899700866E-26));
#7098=CARTESIAN_POINT('',(0.0825795382458252,-0.04303537741451,0.00750000000000346));
#7099=CARTESIAN_POINT('',(0.0826091713405975,-0.0430318236501021,-3.88088997008661E-26));
#7100=CARTESIAN_POINT('',(0.0826091713405973,-0.0430318236501017,0.00750000000000346));
#7101=CARTESIAN_POINT('',(0.0826405739228767,-0.043027937867625,-3.8808899700866E-26));
#7102=CARTESIAN_POINT('',(0.0826405739228765,-0.0430279378676246,0.00750000000000346));
#7103=CARTESIAN_POINT('',(0.0826233561666963,-0.0430301454726071,-3.8808899700866E-26));
#7104=CARTESIAN_POINT('',(0.0826233561666961,-0.0430301454726067,0.00750000000000346));
#7105=CARTESIAN_POINT('',(0.0827619741181483,-0.0430126985682821,-3.88088997008661E-26));
#7106=CARTESIAN_POINT('',(0.0827619741181481,-0.0430126985682817,0.00750000000000346));
#7107=CARTESIAN_POINT('',(0.0829270958163486,-0.0429901481041024,-3.8808899700866E-26));
#7108=CARTESIAN_POINT('',(0.0829270958163484,-0.042990148104102,0.00750000000000346));
#7109=CARTESIAN_POINT('',(0.0832238349236616,-0.0429456854532246,-3.88088997008661E-26));
#7110=CARTESIAN_POINT('',(0.0832238349236614,-0.0429456854532242,0.00750000000000346));
#7111=CARTESIAN_POINT('',(0.0836371367809221,-0.0428703146555705,-3.8808899700866E-26));
#7112=CARTESIAN_POINT('',(0.0836371367809219,-0.0428703146555701,0.00750000000000346));
#7113=CARTESIAN_POINT('',(0.0841194627844488,-0.0427567539753529,-3.88088997008661E-26));
#7114=CARTESIAN_POINT('',(0.0841194627844486,-0.0427567539753525,0.00750000000000346));
#7115=CARTESIAN_POINT('',(0.0847345358988897,-0.0425710610393336,-3.8808899700866E-26));
#7116=CARTESIAN_POINT('',(0.0847345358988895,-0.0425710610393332,0.00750000000000346));
#7117=CARTESIAN_POINT('',(0.0854425405520166,-0.0422676612806396,-3.88088997008661E-26));
#7118=CARTESIAN_POINT('',(0.0854425405520164,-0.0422676612806392,0.00750000000000346));
#7119=CARTESIAN_POINT('',(0.0861769724185489,-0.0417730227979909,-3.8808899700866E-26));
#7120=CARTESIAN_POINT('',(0.0861769724185487,-0.0417730227979905,0.00750000000000346));
#7121=CARTESIAN_POINT('',(0.0867940368636799,-0.0411399244173542,-3.8808899700866E-26));
#7122=CARTESIAN_POINT('',(0.0867940368636797,-0.0411399244173538,0.00750000000000346));
#7123=CARTESIAN_POINT('',(0.0874723200577654,-0.0401186653277987,-3.8808899700866E-26));
#7124=CARTESIAN_POINT('',(0.0874723200577652,-0.0401186653277983,0.00750000000000346));
#7125=CARTESIAN_POINT('',(0.0878438526441086,-0.0391764383342028,-3.8808899700866E-26));
#7126=CARTESIAN_POINT('',(0.0878438526441084,-0.0391764383342024,0.00750000000000346));
#7127=CARTESIAN_POINT('',(0.0880621046110428,-0.0385328856980979,-3.8808899700866E-26));
#7128=CARTESIAN_POINT('',(0.0880621046110426,-0.0385328856980975,0.00750000000000346));
#7129=CARTESIAN_POINT('',(0.0756409097067865,-0.0432166441549559,0.0013));
#7130=CARTESIAN_POINT('',(0.0756401116428678,-0.0432166445966276,0.00130430067711445));
#7131=CARTESIAN_POINT('',(0.075639313578949,-0.0432166450382993,0.00195430017936661));
#7132=CARTESIAN_POINT('',(0.075639313578949,-0.0432166450382993,0.00750430067711446));
#7133=CARTESIAN_POINT('',(0.040059506457114,-0.0116702276089791,0.00750000000000346));
#7134=CARTESIAN_POINT('',(0.0420357710703936,-0.0165763304238008,0.00750000000000346));
#7135=CARTESIAN_POINT('',(0.0440120356836734,-0.0214824332386402,0.00750000000000346));
#7136=CARTESIAN_POINT('',(0.0459883002969529,-0.02638853605346,0.00750000000000346));
#7137=CARTESIAN_POINT('',(0.0479645649102327,-0.0312946388683012,0.00750000000000346));
#7138=CARTESIAN_POINT('',(0.0499408295235126,-0.036200741683121,0.00750000000000346));
#7139=CARTESIAN_POINT('',(0.0501207993973989,-0.0366475192547798,0.00750000000000346));
#7140=CARTESIAN_POINT('',(0.0503007692712854,-0.0370942968264191,0.00750000000000346));
#7141=CARTESIAN_POINT('',(0.0504845487351039,-0.0375393027756806,0.00750000000000346));
#7142=CARTESIAN_POINT('',(0.0515943997279869,-0.0400991841388406,0.00750000000000346));
#7143=CARTESIAN_POINT('',(0.0530885336771379,-0.042480357478201,0.00750000000000346));
#7144=CARTESIAN_POINT('',(0.054875384146343,-0.0430880947772997,0.00750000000000346));
#7145=CARTESIAN_POINT('',(0.0572826240269579,-0.0432072813042,0.00750000000000346));
#7146=CARTESIAN_POINT('',(0.0596904733126219,-0.0432212237019999,0.00750000000000346));
#7147=CARTESIAN_POINT('',(0.0599117345543489,-0.0432225048919007,0.00750000000000346));
#7148=CARTESIAN_POINT('',(0.0601330044876149,-0.043222897412999,0.00750000000000346));
#7149=CARTESIAN_POINT('',(0.0603542801237519,-0.0432227167792013,0.00750000000000346));
#7150=CARTESIAN_POINT('',(0.0618954593510479,-0.0432196642425014,0.00750000000000346));
#7151=CARTESIAN_POINT('',(0.0634366252640869,-0.0432194190931997,0.00750000000000346));
#7152=CARTESIAN_POINT('',(0.0647565093457329,-0.0432202707327994,0.00750000000000346));
#7153=CARTESIAN_POINT('',(0.0673138382006499,-0.0432220449707009,0.00750000000000346));
#7154=CARTESIAN_POINT('',(0.0698711796426249,-0.0432203150159011,0.00750000000000346));
#7155=CARTESIAN_POINT('',(0.0711086310418789,-0.0432191137117,0.00750000000000346));
#7156=CARTESIAN_POINT('',(0.0731145330753639,-0.0432173156243996,0.00750000000000346));
#7157=CARTESIAN_POINT('',(0.0751204158010189,-0.0432169583424996,0.00750000000000346));
#7158=CARTESIAN_POINT('',(0.0758888676212119,-0.0432167247814002,0.00750000000000346));
#7159=CARTESIAN_POINT('',(0.0772484158296689,-0.0432155953510003,0.00750000000000346));
#7160=CARTESIAN_POINT('',(0.0786080255947519,-0.0432122343138007,0.00750000000000346));
#7161=CARTESIAN_POINT('',(0.0791991023270569,-0.0432078859374004,0.00750000000000346));
#7162=CARTESIAN_POINT('',(0.0802454249092449,-0.0431907113026993,0.00750000000000346));
#7163=CARTESIAN_POINT('',(0.0812913524660569,-0.0431490324740017,0.00750000000000346));
#7164=CARTESIAN_POINT('',(0.0817459614712079,-0.0431222349549997,0.00750000000000346));
#7165=CARTESIAN_POINT('',(0.0821995551189319,-0.0430827573594,0.00750000000000346));
#7166=CARTESIAN_POINT('',(0.0826516631337069,-0.0430265798422002,0.00750000000000346));
#7167=CARTESIAN_POINT('',(0.0842730687601039,-0.042825109088401,0.00750000000000346));
#7168=CARTESIAN_POINT('',(0.0858679005735839,-0.0424097763771004,0.00750000000000346));
#7169=CARTESIAN_POINT('',(0.0868784133670529,-0.0415677085153002,0.00750000000000346));
#7170=CARTESIAN_POINT('',(0.0877322125399509,-0.0396383818017403,0.00750000000000346));
#7171=CARTESIAN_POINT('',(0.0883549489705845,-0.037630693358121,0.00750000000000346));
#7172=CARTESIAN_POINT('',(0.0884876416021504,-0.0371749410019414,0.00750000000000346));
#7173=CARTESIAN_POINT('',(0.0886164115056579,-0.0367178583068418,0.00750000000000346));
#7174=CARTESIAN_POINT('',(0.0887451814091659,-0.0362607756117405,0.00750000000000346));
#7175=CARTESIAN_POINT('',(0.0897195357924969,-0.0328021993809812,0.00750000000000346));
#7176=CARTESIAN_POINT('',(0.0906938901758279,-0.0293436231502005,0.00750000000000346));
#7177=CARTESIAN_POINT('',(0.0916682445591594,-0.0258850469194413,0.00750000000000346));
#7178=CARTESIAN_POINT('',(0.0926425989424904,-0.0224264706886802,0.00750000000000346));
#7179=CARTESIAN_POINT('',(0.0936169533258219,-0.0189678944578996,0.00750000000000346));
#7180=CARTESIAN_POINT('',(0.0831065938268016,-0.0429626591180328,0.00750000000000346));
#7181=CARTESIAN_POINT('',(0.040059506457114,-0.0116702276089791,0.00750000000000346));
#7182=CARTESIAN_POINT('',(0.0420357710703936,-0.0165763304238008,0.00750000000000346));
#7183=CARTESIAN_POINT('',(0.0440120356836734,-0.0214824332386402,0.00750000000000346));
#7184=CARTESIAN_POINT('',(0.0459883002969529,-0.02638853605346,0.00750000000000346));
#7185=CARTESIAN_POINT('',(0.0479645649102327,-0.0312946388683012,0.00750000000000346));
#7186=CARTESIAN_POINT('',(0.0499408295235126,-0.036200741683121,0.00750000000000346));
#7187=CARTESIAN_POINT('',(0.0501207993973989,-0.0366475192547798,0.00750000000000346));
#7188=CARTESIAN_POINT('',(0.0503007692712854,-0.0370942968264191,0.00750000000000346));
#7189=CARTESIAN_POINT('',(0.0504845487351039,-0.0375393027756806,0.00750000000000346));
#7190=CARTESIAN_POINT('',(0.0515943997279869,-0.0400991841388406,0.00750000000000346));
#7191=CARTESIAN_POINT('',(0.0530885336771379,-0.042480357478201,0.00750000000000346));
#7192=CARTESIAN_POINT('',(0.054875384146343,-0.0430880947772997,0.00750000000000346));
#7193=CARTESIAN_POINT('',(0.0572826240269579,-0.0432072813042,0.00750000000000346));
#7194=CARTESIAN_POINT('',(0.0596904733126219,-0.0432212237019999,0.00750000000000346));
#7195=CARTESIAN_POINT('',(0.0599117345543489,-0.0432225048919007,0.00750000000000346));
#7196=CARTESIAN_POINT('',(0.0601330044876149,-0.043222897412999,0.00750000000000346));
#7197=CARTESIAN_POINT('',(0.0603542801237519,-0.0432227167792013,0.00750000000000346));
#7198=CARTESIAN_POINT('',(0.0618954593510479,-0.0432196642425014,0.00750000000000346));
#7199=CARTESIAN_POINT('',(0.0634366252640869,-0.0432194190931997,0.00750000000000346));
#7200=CARTESIAN_POINT('',(0.0647565093457329,-0.0432202707327994,0.00750000000000346));
#7201=CARTESIAN_POINT('',(0.0673138382006499,-0.0432220449707009,0.00750000000000346));
#7202=CARTESIAN_POINT('',(0.0698711796426249,-0.0432203150159011,0.00750000000000346));
#7203=CARTESIAN_POINT('',(0.0711086310418789,-0.0432191137117,0.00750000000000346));
#7204=CARTESIAN_POINT('',(0.0731145330753639,-0.0432173156243996,0.00750000000000346));
#7205=CARTESIAN_POINT('',(0.0751204158010189,-0.0432169583424996,0.00750000000000346));
#7206=CARTESIAN_POINT('',(0.0758888676212119,-0.0432167247814002,0.00750000000000346));
#7207=CARTESIAN_POINT('',(0.0772484158296689,-0.0432155953510003,0.00750000000000346));
#7208=CARTESIAN_POINT('',(0.0786080255947519,-0.0432122343138007,0.00750000000000346));
#7209=CARTESIAN_POINT('',(0.0791991023270569,-0.0432078859374004,0.00750000000000346));
#7210=CARTESIAN_POINT('',(0.0802454249092449,-0.0431907113026993,0.00750000000000346));
#7211=CARTESIAN_POINT('',(0.0812913524660569,-0.0431490324740017,0.00750000000000346));
#7212=CARTESIAN_POINT('',(0.0817459614712079,-0.0431222349549997,0.00750000000000346));
#7213=CARTESIAN_POINT('',(0.0821995551189319,-0.0430827573594,0.00750000000000346));
#7214=CARTESIAN_POINT('',(0.0826516631337069,-0.0430265798422002,0.00750000000000346));
#7215=CARTESIAN_POINT('',(0.0842730687601039,-0.042825109088401,0.00750000000000346));
#7216=CARTESIAN_POINT('',(0.0858679005735839,-0.0424097763771004,0.00750000000000346));
#7217=CARTESIAN_POINT('',(0.0868784133670529,-0.0415677085153002,0.00750000000000346));
#7218=CARTESIAN_POINT('',(0.0877322125399509,-0.0396383818017403,0.00750000000000346));
#7219=CARTESIAN_POINT('',(0.0883549489705845,-0.037630693358121,0.00750000000000346));
#7220=CARTESIAN_POINT('',(0.0884876416021504,-0.0371749410019414,0.00750000000000346));
#7221=CARTESIAN_POINT('',(0.0886164115056579,-0.0367178583068418,0.00750000000000346));
#7222=CARTESIAN_POINT('',(0.0887451814091659,-0.0362607756117405,0.00750000000000346));
#7223=CARTESIAN_POINT('',(0.0897195357924969,-0.0328021993809812,0.00750000000000346));
#7224=CARTESIAN_POINT('',(0.0906938901758279,-0.0293436231502005,0.00750000000000346));
#7225=CARTESIAN_POINT('',(0.0916682445591594,-0.0258850469194413,0.00750000000000346));
#7226=CARTESIAN_POINT('',(0.0926425989424904,-0.0224264706886802,0.00750000000000346));
#7227=CARTESIAN_POINT('',(0.0936169533258219,-0.0189678944578996,0.00750000000000346));
#7228=CARTESIAN_POINT('',(0.0880620985455564,-0.0385328836414684,0.0075000000000026));
#7229=CARTESIAN_POINT('',(0.0880620924800759,-0.0385328815848223,0.0325000000000017));
#7230=CARTESIAN_POINT('',(0.0880620924800759,-0.0385328815848223,0.00250000000000174));
#7231=CARTESIAN_POINT('',(0.0880621046110428,-0.0385328856980978,1.66005916742447E-28));
#7232=CARTESIAN_POINT('',(0.0880621046110408,-0.0385328856981034,0.000833333333389581));
#7233=CARTESIAN_POINT('',(0.0880621046110389,-0.038532885698109,0.00166666666677916));
#7234=CARTESIAN_POINT('',(0.0880621046110369,-0.0385328856981147,0.00250000000016874));
#7235=CARTESIAN_POINT('',(0.0912,0.0557685364037752,0.0167082524858415));
#7236=CARTESIAN_POINT('',(0.070679033859363,0.0559528544929946,0.0175346957494209));
#7237=CARTESIAN_POINT('',(0.0630786269903183,0.0559528544929946,0.0175346957494209));
#7238=CARTESIAN_POINT('',(0.0658369958400726,0.0559528544929946,0.0175346957494209));
#7239=CARTESIAN_POINT('',(0.0658369958400726,0.0557685364037752,0.0167082524858415));
#7240=CARTESIAN_POINT('',(0.0658369958400726,0.0559358393987481,0.0174584036715314));
#7241=CARTESIAN_POINT('',(0.0562,0.0559358393987481,0.0174584036715314));
#7242=CARTESIAN_POINT('',(0.0630786269903183,0.0559358393987481,0.0174584036715314));
#7243=CARTESIAN_POINT('',(0.0630786269903183,0.0557685364037752,0.0167082524858415));
#7244=CARTESIAN_POINT('',(0.0912,0.0514779240687719,0.0175430499948561));
#7245=CARTESIAN_POINT('',(0.0562,0.051387718529166,0.0190109347247615));
#7246=CARTESIAN_POINT('',(0.0630786269903183,0.051387718529166,0.0190109347247615));
#7247=CARTESIAN_POINT('',(0.0658369958400726,0.051387718529166,0.0190109347247615));
#7248=CARTESIAN_POINT('',(0.0658369958400726,0.0514779240687719,0.0175430499948561));
#7249=CARTESIAN_POINT('',(0.0658369958400726,0.0513826839707829,0.0190928604180682));
#7250=CARTESIAN_POINT('',(0.070679033859363,0.051382683970783,0.0190928604180682));
#7251=CARTESIAN_POINT('',(0.0630786269903183,0.0513826839707829,0.0190928604180682));
#7252=CARTESIAN_POINT('',(0.0630786269903183,0.0514779240687719,0.0175430499948561));
#7253=CARTESIAN_POINT('',(0.0398713035654054,0.0258247885013555,0.0243357448249915));
#7254=CARTESIAN_POINT('',(0.101807128514355,0.0258247885013555,0.0243357448249915));
#7255=CARTESIAN_POINT('',(0.0398713035654054,0.0315454700066727,0.0235928122536745));
#7256=CARTESIAN_POINT('',(0.101807128514355,0.0315454700066727,0.0235928122536745));
#7257=CARTESIAN_POINT('',(0.0398713035654054,0.0398639966254103,0.0222328769021965));
#7258=CARTESIAN_POINT('',(0.101807128514355,0.0398639966254103,0.0222328769021965));
#7259=CARTESIAN_POINT('',(0.0398713035654054,0.0492635674044485,0.0198210133244727));
#7260=CARTESIAN_POINT('',(0.101807128514355,0.0492635674044485,0.0198210133244727));
#7261=CARTESIAN_POINT('',(0.0398713035654054,0.057583493279018,0.0170709597366342));
#7262=CARTESIAN_POINT('',(0.101807128514355,0.057583493279018,0.0170709597366342));
#7263=CARTESIAN_POINT('',(0.0398713035654054,0.0645398831231736,0.0140824517213725));
#7264=CARTESIAN_POINT('',(0.101807128514355,0.0645398831231736,0.0140824517213725));
#7265=CARTESIAN_POINT('',(0.0398713035654054,0.0706627127239344,0.0113177468563954));
#7266=CARTESIAN_POINT('',(0.101807128514355,0.0706627127239344,0.0113177468563954));
#7267=CARTESIAN_POINT('',(0.0398713035654054,0.0734055852258789,0.010096908926271));
#7268=CARTESIAN_POINT('',(0.101807128514355,0.0734055852258789,0.010096908926271));
#7269=CARTESIAN_POINT('',(0.0398713035654054,0.0746728764648488,0.00950262049513914));
#7270=CARTESIAN_POINT('',(0.101807128514355,0.0746728764648488,0.00950262049513914));
#7271=CARTESIAN_POINT('',(0.0708392160398802,0.0587275661528111,0.0164825592866104));
#7272=CARTESIAN_POINT('',(0.0658369958400726,0.0587275661528111,0.0164825592866104));
#7273=CARTESIAN_POINT('',(0.0771259889006615,0.0587275661528111,0.0164825592866104));
#7274=CARTESIAN_POINT('',(0.0658369958400726,0.0587275661528111,0.0164825592866104));
#7275=CARTESIAN_POINT('',(0.0658369958400726,0.0578057166681926,0.0168447306633926));
#7276=CARTESIAN_POINT('',(0.0658369958400726,0.0568809178855636,0.0171958371370282));
#7277=CARTESIAN_POINT('',(0.0658369958400726,0.0559528544929946,0.0175346957494209));
#7278=CARTESIAN_POINT('',(0.0630786269903183,0.0559528544929946,0.0175346957494209));
#7279=CARTESIAN_POINT('',(0.0630786269903183,0.059772351832577,0.0161401039802686));
#7280=CARTESIAN_POINT('',(0.0630786269903183,0.0635276875916095,0.0145206168997964));
#7281=CARTESIAN_POINT('',(0.0630786269903183,0.0672668447096452,0.0128444214204266));
#7282=CARTESIAN_POINT('',(0.0630786269903183,0.0672668447096452,0.0128444214204266));
#7283=CARTESIAN_POINT('',(0.070679033859363,0.0672668447096452,0.0128444214204266));
#7284=CARTESIAN_POINT('',(0.0621130876243115,0.0672668447096452,0.0128444214204268));
#7285=CARTESIAN_POINT('',(0.0437936316360825,0.0548024584496709,0.0179478282164341));
#7286=CARTESIAN_POINT('',(0.0499427548755193,0.0589862643042644,0.0164706019834689));
#7287=CARTESIAN_POINT('',(0.0560356466883677,0.0631318108229149,0.014698081186299));
#7288=CARTESIAN_POINT('',(0.0621130876243117,0.0672668447096448,0.0128444214204268));
#7289=CARTESIAN_POINT('',(0.0437936316360825,0.054802458449671,0.0179478282164341));
#7290=CARTESIAN_POINT('',(0.0402385120137193,0.0262338990170504,0.0242822904242705));
#7291=CARTESIAN_POINT('',(0.0408411884126371,0.0310769418257407,0.0236456425587892));
#7292=CARTESIAN_POINT('',(0.0417408177501242,0.0383062665532859,0.0225097175306323));
#7293=CARTESIAN_POINT('',(0.0429222683699959,0.0478002768358635,0.0202501232842398));
#7294=CARTESIAN_POINT('',(0.0435044625031007,0.0524787263564655,0.0187682960215301));
#7295=CARTESIAN_POINT('',(0.0437936316360825,0.054802458449671,0.0179478282164341));
#7296=CARTESIAN_POINT('',(0.0402385120137193,0.0262338990170505,0.0242822904242705));
#7297=CARTESIAN_POINT('',(0.0424680869242142,0.0596359640236478,0.0161217858114455));
#7298=CARTESIAN_POINT('',(0.0422882289542381,0.0569414469761097,0.0172032898200006));
#7299=CARTESIAN_POINT('',(0.0419257395286694,0.0515108622937794,0.0191788465987738));
#7300=CARTESIAN_POINT('',(0.0413715029111812,0.0432076438465199,0.0214323519744985));
#7301=CARTESIAN_POINT('',(0.0408080755630515,0.0347667357522807,0.0230646845452616));
#7302=CARTESIAN_POINT('',(0.0404288261667905,0.0290850639107182,0.0239074872033633));
#7303=CARTESIAN_POINT('',(0.0402385120137179,0.0262338990170505,0.0242822904242705));
#7304=CARTESIAN_POINT('',(0.0424680869242142,0.0596359640236478,0.0161217858114455));
#7305=CARTESIAN_POINT('',(0.0620524045629892,0.0746728764648488,0.00950262049513912));
#7306=CARTESIAN_POINT('',(0.0604274934438555,0.0734252636210512,0.010087680863901));
#7307=CARTESIAN_POINT('',(0.0571663882015298,0.0709213748006767,0.0112047380068954));
#7308=CARTESIAN_POINT('',(0.0506477590676957,0.0659163469345,0.0134556952672069));
#7309=CARTESIAN_POINT('',(0.0457515555303034,0.0621570235184878,0.0151099028278265));
#7310=CARTESIAN_POINT('',(0.0424680869242142,0.0596359640236478,0.0161217858114455));
#7311=CARTESIAN_POINT('',(0.0620524045629892,0.0746728764648488,0.00950262049513912));
#7312=CARTESIAN_POINT('',(0.0713680606225723,0.0746728764648488,0.00950262049513912));
#7313=CARTESIAN_POINT('',(0.0713680606225723,0.0746728764648488,0.00950262049513912));
#7314=CARTESIAN_POINT('',(0.0713680606225723,0.0746728764648488,0.00950262049513912));
#7315=CARTESIAN_POINT('',(0.0744728119664481,0.0746190292168719,0.00952787183085182));
#7316=CARTESIAN_POINT('',(0.0775775637464357,0.0745651819613312,0.00955306941650618));
#7317=CARTESIAN_POINT('',(0.0806823159378543,0.0745113346986549,0.00957821629397341));
#7318=CARTESIAN_POINT('',(0.0806823159378543,0.0745113346986549,0.00957821629397341));
#7319=CARTESIAN_POINT('',(0.0806823159378543,0.0745113346986549,0.00957821629397341));
#7320=CARTESIAN_POINT('',(0.0822851554994204,0.0732358852366258,0.0101738560673466));
#7321=CARTESIAN_POINT('',(0.085501967935115,0.0706761270493831,0.0113130334736585));
#7322=CARTESIAN_POINT('',(0.0919299875310258,0.0655610710374721,0.0136176200882289));
#7323=CARTESIAN_POINT('',(0.0967613822573021,0.0617165191857206,0.015297483154947));
#7324=CARTESIAN_POINT('',(0.10000293534652,0.0591370737796299,0.0163208782191135));
#7325=CARTESIAN_POINT('',(0.10000293534652,0.0591370737796299,0.0163208782191135));
#7326=CARTESIAN_POINT('',(0.10000293534652,0.0591370737796299,0.0163208782191135));
#7327=CARTESIAN_POINT('',(0.100235642017738,0.0544215427502727,0.018191765336543));
#7328=CARTESIAN_POINT('',(0.100707960043786,0.044850565279368,0.0212911484566427));
#7329=CARTESIAN_POINT('',(0.101194966766841,0.0349819383850235,0.0230239391339355));
#7330=CARTESIAN_POINT('',(0.10143992006604,0.0300182436311393,0.0237554366076768));
#7331=CARTESIAN_POINT('',(0.101439920066041,0.0300182436311393,0.0237554366076768));
#7332=CARTESIAN_POINT('',(0.101439920066041,0.0300182436311393,0.0237554366076768));
#7333=CARTESIAN_POINT('',(0.100977428540599,0.0342076014004598,0.0231380528286968));
#7334=CARTESIAN_POINT('',(0.100056693810614,0.042547834642276,0.0217042558699354));
#7335=CARTESIAN_POINT('',(0.0991547958314419,0.0507174401341174,0.019387976792389));
#7336=CARTESIAN_POINT('',(0.0987094804532569,0.0547512122937593,0.0179659084383505));
#7337=CARTESIAN_POINT('',(0.0987094804532573,0.0547512122937594,0.0179659084383505));
#7338=CARTESIAN_POINT('',(0.0987094804532573,0.0547512122937593,0.0179659084383505));
#7339=CARTESIAN_POINT('',(0.0926249677535809,0.0589707758918512,0.0164783410638878));
#7340=CARTESIAN_POINT('',(0.0865980898327656,0.0631503702061451,0.0146901233145624));
#7341=CARTESIAN_POINT('',(0.0805867314338685,0.0673192018492148,0.0128209483693454));
#7342=CARTESIAN_POINT('',(0.0805867314338684,0.0673192018492147,0.0128209483693455));
#7343=CARTESIAN_POINT('',(0.0805867314338684,0.0673192018492147,0.0128209483693455));
#7344=CARTESIAN_POINT('',(0.080264784395695,0.0673187731178355,0.0128211405992125));
#7345=CARTESIAN_POINT('',(0.0799428373575213,0.0673183443864564,0.012821332828631));
#7346=CARTESIAN_POINT('',(0.0796208903193474,0.0673179156550772,0.0128215250576004));
#7347=CARTESIAN_POINT('',(0.0796208903193474,0.0673179156550772,0.0128215250576005));
#7348=CARTESIAN_POINT('',(0.0796208903193474,0.0559528544929946,0.0175346957494209));
#7349=CARTESIAN_POINT('',(0.0796208903193474,0.0597897155004966,0.0161337640810069));
#7350=CARTESIAN_POINT('',(0.0796208903193474,0.0635617988536094,0.0145056435920429));
#7351=CARTESIAN_POINT('',(0.0796208903193474,0.0673179156550772,0.0128215250576004));
#7352=CARTESIAN_POINT('',(0.0796208903193474,0.0559528544929946,0.0175346957494209));
#7353=CARTESIAN_POINT('',(0.070679033859363,0.0559528544929946,0.0175346957494209));
#7354=CARTESIAN_POINT('',(0.0771259889006615,0.0559528544929946,0.0175346957494209));
#7355=CARTESIAN_POINT('',(0.0771259889006615,0.0587275661528111,0.0164825592866104));
#7356=CARTESIAN_POINT('',(0.0771259889006615,0.0578057166681926,0.0168447306633926));
#7357=CARTESIAN_POINT('',(0.0771259889006615,0.0568809178855636,0.0171958371370282));
#7358=CARTESIAN_POINT('',(0.0771259889006615,0.0559528544929946,0.0175346957494209));
#7359=CARTESIAN_POINT('',(0.0377966021490501,-0.0434115691740312,0.0132316479161142));
#7360=CARTESIAN_POINT('',(0.103561465569676,-0.0434115691740312,0.0132316479161142));
#7361=CARTESIAN_POINT('',(0.0377966021490501,-0.0426412081943689,0.0147139762746279));
#7362=CARTESIAN_POINT('',(0.103561465569676,-0.0426412081943689,0.0147139762746279));
#7363=CARTESIAN_POINT('',(0.0377966021490501,-0.0407579509438182,0.0176434703365932));
#7364=CARTESIAN_POINT('',(0.103561465569676,-0.0407579509438182,0.0176434703365932));
#7365=CARTESIAN_POINT('',(0.0377966021490501,-0.037019571867435,0.0215164284373325));
#7366=CARTESIAN_POINT('',(0.103561465569676,-0.037019571867435,0.0215164284373325));
#7367=CARTESIAN_POINT('',(0.0377966021490501,-0.0325631870919774,0.0244566032607381));
#7368=CARTESIAN_POINT('',(0.103561465569676,-0.0325631870919774,0.0244566032607381));
#7369=CARTESIAN_POINT('',(0.0377966021490501,-0.025597131818245,0.0268471987433719));
#7370=CARTESIAN_POINT('',(0.103561465569676,-0.025597131818245,0.0268471987433719));
#7371=CARTESIAN_POINT('',(0.0377966021490501,-0.0166516394039176,0.0274372956128305));
#7372=CARTESIAN_POINT('',(0.103561465569676,-0.0166516394039176,0.0274372956128305));
#7373=CARTESIAN_POINT('',(0.0377966021490501,-0.0058940500954206,0.0270292713623003));
#7374=CARTESIAN_POINT('',(0.103561465569676,-0.0058940500954206,0.0270292713623003));
#7375=CARTESIAN_POINT('',(0.0377966021490501,0.00303607768840763,0.026522600712593));
#7376=CARTESIAN_POINT('',(0.103561465569676,0.00303607768840763,0.026522600712593));
#7377=CARTESIAN_POINT('',(0.0377966021490501,0.0124417999186297,0.0258130749904001));
#7378=CARTESIAN_POINT('',(0.103561465569676,0.0124417999186297,0.0258130749904001));
#7379=CARTESIAN_POINT('',(0.0377966021490501,0.0219997368116438,0.0248560684220156));
#7380=CARTESIAN_POINT('',(0.103561465569676,0.0219997368116438,0.0248560684220156));
#7381=CARTESIAN_POINT('',(0.0377966021490501,0.0313630221864565,0.0236183407654855));
#7382=CARTESIAN_POINT('',(0.103561465569676,0.0313630221864565,0.0236183407654855));
#7383=CARTESIAN_POINT('',(0.0377966021490501,0.0402051315287708,0.0220690545780584));
#7384=CARTESIAN_POINT('',(0.103561465569676,0.0402051315287708,0.0220690545780584));
#7385=CARTESIAN_POINT('',(0.0377966021490501,0.0481136781835929,0.020171412967237));
#7386=CARTESIAN_POINT('',(0.103561465569676,0.0481136781835929,0.020171412967237));
#7387=CARTESIAN_POINT('',(0.0377966021490501,0.0573126859456155,0.0172050402663342));
#7388=CARTESIAN_POINT('',(0.103561465569676,0.0573126859456155,0.0172050402663342));
#7389=CARTESIAN_POINT('',(0.0377966021490501,0.0630001808665467,0.0147497553550977));
#7390=CARTESIAN_POINT('',(0.103561465569676,0.0630001808665467,0.0147497553550977));
#7391=CARTESIAN_POINT('',(0.0377966021490501,0.0664493218682617,0.0132101871557993));
#7392=CARTESIAN_POINT('',(0.103561465569676,0.0664493218682617,0.0132101871557993));
#7393=CARTESIAN_POINT('',(0.0658369958400726,0.0513826839707829,0.0190928604180683));
#7394=CARTESIAN_POINT('',(0.0658369958400726,0.0455269573592697,0.0209458539774887));
#7395=CARTESIAN_POINT('',(0.0658369958400726,0.0395186407261717,0.0222263744250207));
#7396=CARTESIAN_POINT('',(0.0658369958400726,0.0334349684417248,0.0232241825183757));
#7397=CARTESIAN_POINT('',(0.0658369958400726,0.0334349684417248,0.0232241825183757));
#7398=CARTESIAN_POINT('',(0.070679033859363,0.0334349684417248,0.0232241825183757));
#7399=CARTESIAN_POINT('',(0.0771259889006615,0.0334349684417248,0.0232241825183757));
#7400=CARTESIAN_POINT('',(0.0771259889006615,0.0513826839707829,0.0190928604180683));
#7401=CARTESIAN_POINT('',(0.0771259889006615,0.0455269573592697,0.0209458539774887));
#7402=CARTESIAN_POINT('',(0.0771259889006615,0.0395186407261717,0.0222263744250207));
#7403=CARTESIAN_POINT('',(0.0771259889006615,0.0334349684417248,0.0232241825183757));
#7404=CARTESIAN_POINT('',(0.0771259889006615,0.0513826839707829,0.0190928604180682));
#7405=CARTESIAN_POINT('',(0.070679033859363,0.051382683970783,0.0190928604180682));
#7406=CARTESIAN_POINT('',(0.0796208903193474,0.0513826839707829,0.0190928604180682));
#7407=CARTESIAN_POINT('',(0.0796208903193474,0.0279197748750449,0.0240549965851603));
#7408=CARTESIAN_POINT('',(0.0796208903193474,0.0358978487042029,0.0229519483334331));
#7409=CARTESIAN_POINT('',(0.0796208903193474,0.0437763866322647,0.0214998067996837));
#7410=CARTESIAN_POINT('',(0.0796208903193474,0.0513826839707829,0.0190928604180683));
#7411=CARTESIAN_POINT('',(0.0796208903193474,0.0279197748750449,0.0240549965851603));
#7412=CARTESIAN_POINT('',(0.070679033859363,0.0279197748750448,0.0240549965851603));
#7413=CARTESIAN_POINT('',(0.0805867314338684,0.0279197748750449,0.0240549965851603));
#7414=CARTESIAN_POINT('',(0.0805867314338684,0.0279197748750449,0.0240549965851603));
#7415=CARTESIAN_POINT('',(0.0805867314338684,0.0358946722607719,0.0229523875084079));
#7416=CARTESIAN_POINT('',(0.0805867314338684,0.0437722445923476,0.021501117512051));
#7417=CARTESIAN_POINT('',(0.0805867314338684,0.0513826839707829,0.0190928604180683));
#7418=CARTESIAN_POINT('',(0.0805867314338684,0.0513826839707829,0.0190928604180682));
#7419=CARTESIAN_POINT('',(0.070679033859363,0.051382683970783,0.0190928604180682));
#7420=CARTESIAN_POINT('',(0.0912,0.0513826839707829,0.0190928604180682));
#7421=CARTESIAN_POINT('',(0.0912,0.0559528544929946,0.0175346957494209));
#7422=CARTESIAN_POINT('',(0.0912,0.0544406770933422,0.0180868286526694));
#7423=CARTESIAN_POINT('',(0.0912,0.0529176057083508,0.0186071478357329));
#7424=CARTESIAN_POINT('',(0.0912,0.0513826839707829,0.0190928604180683));
#7425=CARTESIAN_POINT('',(0.0912,0.0559528544929946,0.0175346957494209));
#7426=CARTESIAN_POINT('',(0.070679033859363,0.0559528544929946,0.0175346957494209));
#7427=CARTESIAN_POINT('',(0.0805867314338684,0.0559528544929946,0.0175346957494209));
#7428=CARTESIAN_POINT('',(0.0805867314338684,0.0559528544929946,0.0175346957494209));
#7429=CARTESIAN_POINT('',(0.0805867314338684,0.0593098495127762,0.016308974873756));
#7430=CARTESIAN_POINT('',(0.0805867314338684,0.0626194092815308,0.0149133201779771));
#7431=CARTESIAN_POINT('',(0.0805867314338684,0.0659101843756981,0.0134503705603183));
#7432=CARTESIAN_POINT('',(0.0805867314338684,0.0659101843756981,0.0134503705603183));
#7433=CARTESIAN_POINT('',(0.0805867314338684,0.0659101843756981,0.0134503705603183));
#7434=CARTESIAN_POINT('',(0.0863587489843534,0.0618655554478153,0.0152484540434786));
#7435=CARTESIAN_POINT('',(0.0921528794732886,0.0578054313088119,0.0169288269957403));
#7436=CARTESIAN_POINT('',(0.0979998699477867,0.0537082665640126,0.0183278182140498));
#7437=CARTESIAN_POINT('',(0.0979998699477867,0.0537082665640126,0.0183278182140498));
#7438=CARTESIAN_POINT('',(0.0979998699477867,0.0537082665640126,0.0183278182140498));
#7439=CARTESIAN_POINT('',(0.0982942854441635,0.0514932659938663,0.019084137898319));
#7440=CARTESIAN_POINT('',(0.0988867922318812,0.0470356104398567,0.0204497374346265));
#7441=CARTESIAN_POINT('',(0.100087597953458,0.0380014889664297,0.0225492161469501));
#7442=CARTESIAN_POINT('',(0.101000482073364,0.0311335120054528,0.0236326051939561));
#7443=CARTESIAN_POINT('',(0.101611875578042,0.026533764444233,0.0242426947738618));
#7444=CARTESIAN_POINT('',(0.101611875578041,0.026533764444233,0.0242426947738619));
#7445=CARTESIAN_POINT('',(0.101611875578041,0.026533764444233,0.0242426947738618));
#7446=CARTESIAN_POINT('',(0.101870053716874,0.0213020836402515,0.0249366011027247));
#7447=CARTESIAN_POINT('',(0.102389944482865,0.0107670997221694,0.0260183215134905));
#7448=CARTESIAN_POINT('',(0.102910784566556,0.00021287898099405,0.0266989227626289));
#7449=CARTESIAN_POINT('',(0.103171555312241,-0.00507133799651275,0.0269624784777664));
#7450=CARTESIAN_POINT('',(0.103171555312241,-0.00507133799651275,0.0269624784777664));
#7451=CARTESIAN_POINT('',(0.103171555312241,-0.00507133799651275,0.0269624784777664));
#7452=CARTESIAN_POINT('',(0.102509386323383,-0.00863194714404069,0.0271400674931676));
#7453=CARTESIAN_POINT('',(0.101516696620737,-0.0139698293091233,0.0273610559661718));
#7454=CARTESIAN_POINT('',(0.10019695527339,-0.0210663306445864,0.0271032876291445));
#7455=CARTESIAN_POINT('',(0.099377026923292,-0.0254752420143404,0.026538402682987));
#7456=CARTESIAN_POINT('',(0.0987211361253358,-0.0290020921300618,0.0256538358076492));
#7457=CARTESIAN_POINT('',(0.0982492867094488,-0.0315393165768897,0.0247367747948988));
#7458=CARTESIAN_POINT('',(0.0978030749454536,-0.033938682471924,0.0235220611681938));
#7459=CARTESIAN_POINT('',(0.097239315195826,-0.0369701263409475,0.0214618260690823));
#7460=CARTESIAN_POINT('',(0.0966351144423889,-0.0402190292129174,0.0183171233808061));
#7461=CARTESIAN_POINT('',(0.0962463398506282,-0.0423095444605985,0.0152703950019185));
#7462=CARTESIAN_POINT('',(0.0960830257003401,-0.0431877158446725,0.0136529884499731));
#7463=CARTESIAN_POINT('',(0.0960830257003401,-0.0431877158446725,0.0136529884499731));
#7464=CARTESIAN_POINT('',(0.0703499499335113,-0.0427414143027601,0.0144425747995059));
#7465=CARTESIAN_POINT('',(0.0789279519693474,-0.0428901868618514,0.0141894891700103));
#7466=CARTESIAN_POINT('',(0.0875056648097542,-0.0430389544052824,0.0139269756592012));
#7467=CARTESIAN_POINT('',(0.0960830257003401,-0.0431877158446725,0.0136529884499731));
#7468=CARTESIAN_POINT('',(0.0703499499335113,-0.0427414143027601,0.0144425747995059));
#7469=CARTESIAN_POINT('',(0.0703499499335113,-0.0427414143027601,0.0144425747995059));
#7470=CARTESIAN_POINT('',(0.044613004242782,-0.0427414143027601,0.0144425747995059));
#7471=CARTESIAN_POINT('',(0.0381865124064847,-0.00450784639443522,0.0269340500040117));
#7472=CARTESIAN_POINT('',(0.0387809538846224,-0.00804439778216709,0.0271144122323888));
#7473=CARTESIAN_POINT('',(0.0396723382661916,-0.0133475719171837,0.0273469572882714));
#7474=CARTESIAN_POINT('',(0.0408577140190812,-0.0203998090474022,0.0271482296005794));
#7475=CARTESIAN_POINT('',(0.0417435303069851,-0.0256698565415246,0.0265512002253858));
#7476=CARTESIAN_POINT('',(0.0424785059453979,-0.0300424974314579,0.0253899606841194));
#7477=CARTESIAN_POINT('',(0.0430202202755707,-0.0332653555875357,0.0239031074596146));
#7478=CARTESIAN_POINT('',(0.0435366454977849,-0.0363377595220707,0.0219702293323085));
#7479=CARTESIAN_POINT('',(0.0440947086791698,-0.039657883018082,0.0189583858307637));
#7480=CARTESIAN_POINT('',(0.044457871902084,-0.041818474846219,0.0160126406421033));
#7481=CARTESIAN_POINT('',(0.044613004242782,-0.0427414143027601,0.0144425747995059));
#7482=CARTESIAN_POINT('',(0.0381865124064847,-0.00450784639443522,0.0269340500040117));
#7483=CARTESIAN_POINT('',(0.0400707690119339,0.0237208806727859,0.0246006531084285));
#7484=CARTESIAN_POINT('',(0.0394457608965843,0.0143574089184727,0.0257434887160396));
#7485=CARTESIAN_POINT('',(0.0388162123258633,0.00492591496640248,0.0264529332225843));
#7486=CARTESIAN_POINT('',(0.0381865124064847,-0.00450784639443522,0.0269340500040117));
#7487=CARTESIAN_POINT('',(0.0400707690119339,0.0237208806727859,0.0246006531084285));
#7488=CARTESIAN_POINT('',(0.0445381095460236,0.0537082665640125,0.0183278182140498));
#7489=CARTESIAN_POINT('',(0.0441745739561692,0.0512680044136411,0.0191610542519895));
#7490=CARTESIAN_POINT('',(0.0434424371730549,0.0463534768389305,0.0206476216075232));
#7491=CARTESIAN_POINT('',(0.0419568581426029,0.0363814070318193,0.0228640935330769));
#7492=CARTESIAN_POINT('',(0.0408273107766246,0.0287992286669653,0.0239808277842462));
#7493=CARTESIAN_POINT('',(0.0400707690119339,0.0237208806727859,0.0246006531084285));
#7494=CARTESIAN_POINT('',(0.0445381095460236,0.0537082665640126,0.0183278182140498));
#7495=CARTESIAN_POINT('',(0.0621130876243115,0.0659562283426691,0.0134298973019004));
#7496=CARTESIAN_POINT('',(0.0562872104498487,0.0618961879464811,0.0152355206987387));
#7497=CARTESIAN_POINT('',(0.0504392813145544,0.0578207795895363,0.0169235862716574));
#7498=CARTESIAN_POINT('',(0.0445381095460236,0.0537082665640126,0.0183278182140498));
#7499=CARTESIAN_POINT('',(0.0621130876243115,0.0659562283426691,0.0134298973019004));
#7500=CARTESIAN_POINT('',(0.0621130876243115,0.0559528544929946,0.0175346957494209));
#7501=CARTESIAN_POINT('',(0.0621130876243115,0.0593255785248651,0.0163032318272643));
#7502=CARTESIAN_POINT('',(0.0621130876243115,0.0626502966693683,0.0149001456233864));
#7503=CARTESIAN_POINT('',(0.0621130876243115,0.0659562283426691,0.0134298973019004));
#7504=CARTESIAN_POINT('',(0.0621130876243115,0.0559528544929946,0.0175346957494209));
#7505=CARTESIAN_POINT('',(0.070679033859363,0.0559528544929946,0.0175346957494209));
#7506=CARTESIAN_POINT('',(0.0512,0.0559528544929946,0.0175346957494209));
#7507=CARTESIAN_POINT('',(0.0512,0.0559528544929946,0.0175346957494209));
#7508=CARTESIAN_POINT('',(0.0512,0.0544406770933422,0.0180868286526694));
#7509=CARTESIAN_POINT('',(0.0512,0.0529176057083508,0.0186071478357329));
#7510=CARTESIAN_POINT('',(0.0512,0.0513826839707829,0.0190928604180683));
#7511=CARTESIAN_POINT('',(0.0512,0.0513826839707829,0.0190928604180682));
#7512=CARTESIAN_POINT('',(0.070679033859363,0.051382683970783,0.0190928604180682));
#7513=CARTESIAN_POINT('',(0.0621130876243115,0.0513826839707829,0.0190928604180682));
#7514=CARTESIAN_POINT('',(0.0621130876243115,0.0280216652899981,0.0240408875706018));
#7515=CARTESIAN_POINT('',(0.0621130876243115,0.0359619952298985,0.0229396814027364));
#7516=CARTESIAN_POINT('',(0.0621130876243115,0.0438050557884696,0.0214907346955152));
#7517=CARTESIAN_POINT('',(0.0621130876243115,0.0513826839707829,0.0190928604180683));
#7518=CARTESIAN_POINT('',(0.0621130876243115,0.0280216652899981,0.0240408875706018));
#7519=CARTESIAN_POINT('',(0.070679033859363,0.0280216652899981,0.0240408875706018));
#7520=CARTESIAN_POINT('',(0.0630786269903183,0.0280216652899981,0.0240408875706018));
#7521=CARTESIAN_POINT('',(0.0630786269903183,0.0280216652899981,0.0240408875706018));
#7522=CARTESIAN_POINT('',(0.0630786269903183,0.0359649358660622,0.0229392735800507));
#7523=CARTESIAN_POINT('',(0.0630786269903183,0.0438088847194585,0.0214895230637345));
#7524=CARTESIAN_POINT('',(0.0630786269903183,0.0513826839707829,0.0190928604180683));
#7525=CARTESIAN_POINT('',(0.0562,0.0536617789639571,0.0182346691981465));
#7526=CARTESIAN_POINT('',(0.0658369958400726,0.0536617789639571,0.0182346691981465));
#7527=CARTESIAN_POINT('',(0.0630786269903183,0.0536617789639571,0.0182346691981465));
#7528=CARTESIAN_POINT('',(0.0912,0.0557685364037752,0.0167082524858415));
#7529=CARTESIAN_POINT('',(0.0562,0.0559358393987481,0.0174584036715314));
#7530=CARTESIAN_POINT('',(0.0805867314338684,0.0559358393987481,0.0174584036715314));
#7531=CARTESIAN_POINT('',(0.0862,0.0559358393987481,0.0174584036715314));
#7532=CARTESIAN_POINT('',(0.0805867314338684,0.0557685364037752,0.0167082524858415));
#7533=CARTESIAN_POINT('',(0.0912,0.0557685364037752,0.0167082524858415));
#7534=CARTESIAN_POINT('',(0.0912,0.0551828928291798,0.0140823507681489));
#7535=CARTESIAN_POINT('',(0.0912,0.0551828928291798,0.0140823507681489));
#7536=CARTESIAN_POINT('',(0.0862,0.0551828928291798,0.0140823507681489));
#7537=CARTESIAN_POINT('',(0.0862,0.055559366113964,0.0157703772198401));
#7538=CARTESIAN_POINT('',(0.0912,0.0557685364037752,0.0167082524858415));
#7539=CARTESIAN_POINT('',(0.0771259889006615,0.0557685364037752,0.0167082524858415));
#7540=CARTESIAN_POINT('',(0.0771259889006615,0.0559358393987481,0.0174584036715314));
#7541=CARTESIAN_POINT('',(0.0796208903193474,0.0557685364037752,0.0167082524858415));
#7542=CARTESIAN_POINT('',(0.0796208903193474,0.0559358393987481,0.0174584036715314));
#7543=CARTESIAN_POINT('',(0.0562,0.0559358393987481,0.0174584036715314));
#7544=CARTESIAN_POINT('',(0.0912,0.0514779240687719,0.0175430499948561));
#7545=CARTESIAN_POINT('',(0.0805867314338684,0.0514779240687719,0.0175430499948561));
#7546=CARTESIAN_POINT('',(0.0805867314338684,0.051387718529166,0.0190109347247615));
#7547=CARTESIAN_POINT('',(0.0562,0.051387718529166,0.0190109347247615));
#7548=CARTESIAN_POINT('',(0.0862,0.051387718529166,0.0190109347247615));
#7549=CARTESIAN_POINT('',(0.0862,0.0515391560249862,0.0165466427464552));
#7550=CARTESIAN_POINT('',(0.0862,0.0516905935208064,0.0140823507681489));
#7551=CARTESIAN_POINT('',(0.0912,0.0516905935208064,0.0140823507681489));
#7552=CARTESIAN_POINT('',(0.0912,0.0516905935208064,0.0140823507681489));
#7553=CARTESIAN_POINT('',(0.0912,0.0514779240687719,0.0175430499948561));
#7554=CARTESIAN_POINT('',(0.0912,0.0514779240687719,0.0175430499948561));
#7555=CARTESIAN_POINT('',(0.0771259889006615,0.0514779240687719,0.0175430499948561));
#7556=CARTESIAN_POINT('',(0.0771259889006615,0.051387718529166,0.0190109347247615));
#7557=CARTESIAN_POINT('',(0.0562,0.051387718529166,0.0190109347247615));
#7558=CARTESIAN_POINT('',(0.0796208903193474,0.051387718529166,0.0190109347247615));
#7559=CARTESIAN_POINT('',(0.0796208903193474,0.0514779240687719,0.0175430499948561));
#7560=CARTESIAN_POINT('',(0.0356144039167748,-0.045952439551053,0.0137443037399107));
#7561=CARTESIAN_POINT('',(0.105896121042164,-0.045952439551053,0.0137443037399107));
#7562=CARTESIAN_POINT('',(0.0356144039167748,-0.0451669138818642,0.0153537021280012));
#7563=CARTESIAN_POINT('',(0.105896121042164,-0.0451669138818642,0.0153537021280012));
#7564=CARTESIAN_POINT('',(0.0356144039167748,-0.043233450402357,0.0185373363897829));
#7565=CARTESIAN_POINT('',(0.105896121042164,-0.043233450402357,0.0185373363897829));
#7566=CARTESIAN_POINT('',(0.0356144039167748,-0.0393437831877265,0.0228263407231225));
#7567=CARTESIAN_POINT('',(0.105896121042164,-0.0393437831877265,0.0228263407231225));
#7568=CARTESIAN_POINT('',(0.0356144039167748,-0.03456046332213,0.026261794240847));
#7569=CARTESIAN_POINT('',(0.105896121042164,-0.03456046332213,0.026261794240847));
#7570=CARTESIAN_POINT('',(0.0356144039167748,-0.0289861179426277,0.0284280980271901));
#7571=CARTESIAN_POINT('',(0.105896121042164,-0.0289861179426277,0.0284280980271901));
#7572=CARTESIAN_POINT('',(0.0356144039167748,-0.0226346368365604,0.0295293236332905));
#7573=CARTESIAN_POINT('',(0.105896121042164,-0.0226346368365604,0.0295293236332905));
#7574=CARTESIAN_POINT('',(0.0356144039167748,-0.015506579732362,0.0298433766120339));
#7575=CARTESIAN_POINT('',(0.105896121042164,-0.015506579732362,0.0298433766120339));
#7576=CARTESIAN_POINT('',(0.0356144039167748,-0.00761674692200175,0.0296185822059723));
#7577=CARTESIAN_POINT('',(0.105896121042164,-0.00761674692200175,0.0296185822059723));
#7578=CARTESIAN_POINT('',(0.0356144039167748,0.00106384089652106,0.0291487739717161));
#7579=CARTESIAN_POINT('',(0.105896121042164,0.00106384089652106,0.0291487739717161));
#7580=CARTESIAN_POINT('',(0.0356144039167748,0.0103226953759411,0.0284995333254342));
#7581=CARTESIAN_POINT('',(0.105896121042164,0.0103226953759411,0.0284995333254342));
#7582=CARTESIAN_POINT('',(0.0356144039167748,0.0198147821467921,0.0276119975357385));
#7583=CARTESIAN_POINT('',(0.105896121042164,0.0198147821467921,0.0276119975357385));
#7584=CARTESIAN_POINT('',(0.0356144039167748,0.0292258548338066,0.0264565093150727));
#7585=CARTESIAN_POINT('',(0.105896121042164,0.0292258548338066,0.0264565093150727));
#7586=CARTESIAN_POINT('',(0.0356144039167748,0.038235689477615,0.0249965758812138));
#7587=CARTESIAN_POINT('',(0.105896121042164,0.038235689477615,0.0249965758812138));
#7588=CARTESIAN_POINT('',(0.0356144039167748,0.0465171844610588,0.0231938409867732));
#7589=CARTESIAN_POINT('',(0.105896121042164,0.0465171844610588,0.0231938409867732));
#7590=CARTESIAN_POINT('',(0.0356144039167748,0.0537769897458136,0.021024352505252));
#7591=CARTESIAN_POINT('',(0.105896121042164,0.0537769897458136,0.021024352505252));
#7592=CARTESIAN_POINT('',(0.0356144039167748,0.0601661797908414,0.0186579059408425));
#7593=CARTESIAN_POINT('',(0.105896121042164,0.0601661797908414,0.0186579059408425));
#7594=CARTESIAN_POINT('',(0.0356144039167748,0.0639284517386959,0.0170545284642217));
#7595=CARTESIAN_POINT('',(0.105896121042164,0.0639284517386959,0.0170545284642217));
#7596=CARTESIAN_POINT('',(0.0356144039167748,0.0657073457992328,0.0162733384310676));
#7597=CARTESIAN_POINT('',(0.105896121042164,0.0657073457992328,0.0162733384310676));
#7598=CARTESIAN_POINT('',(0.0713359619713264,0.0206944839405203,0.0274695967331367));
#7599=CARTESIAN_POINT('',(0.0708065361172721,0.0207233690788471,0.027466395021204));
#7600=CARTESIAN_POINT('',(0.0697448171857475,0.02073875484431,0.0274646869566051));
#7601=CARTESIAN_POINT('',(0.068164506133838,0.0209230452596937,0.0274442231093828));
#7602=CARTESIAN_POINT('',(0.0666549774491984,0.0213226153455302,0.0273994603112595));
#7603=CARTESIAN_POINT('',(0.0651853530445163,0.0218830066264997,0.0273358077634555));
#7604=CARTESIAN_POINT('',(0.0637927695539166,0.0226357032957414,0.0272486782827887));
#7605=CARTESIAN_POINT('',(0.0625610173663521,0.023654327502916,0.0271279928557218));
#7606=CARTESIAN_POINT('',(0.0618522097117678,0.0251163263582246,0.0269482776764974));
#7607=CARTESIAN_POINT('',(0.0618027651885432,0.0261886530140679,0.0268100165760632));
#7608=CARTESIAN_POINT('',(0.0617284468639194,0.0267146039157953,0.0267405606363738));
#7609=CARTESIAN_POINT('',(0.0713359619713264,0.0206944839405203,0.0274695967331367));
#7610=CARTESIAN_POINT('',(0.0617284468639194,0.0267146039157953,0.0267405606363738));
#7611=CARTESIAN_POINT('',(0.0617284468639194,0.0267146039157953,0.0267405606363738));
#7612=CARTESIAN_POINT('',(0.0617227884672067,0.027150439406791,0.0266830051431183));
#7613=CARTESIAN_POINT('',(0.0617171321898539,0.027586130246524,0.0266243590695224));
#7614=CARTESIAN_POINT('',(0.0617114781967695,0.0280216652899981,0.0265645719852707));
#7615=CARTESIAN_POINT('',(0.0617114781967695,0.0280216652899981,0.0265645719852707));
#7616=CARTESIAN_POINT('',(0.0706777554288585,0.0280216652899981,0.0265645719852707));
#7617=CARTESIAN_POINT('',(0.0616130876243115,0.0280216652899981,0.0265645719852707));
#7618=CARTESIAN_POINT('',(0.0616130876243115,0.0280216652899981,0.0265645719852707));
#7619=CARTESIAN_POINT('',(0.0616130876243115,0.0312142890781499,0.0261263118033033));
#7620=CARTESIAN_POINT('',(0.0616130876243115,0.0375748134353687,0.0251314012850717));
#7621=CARTESIAN_POINT('',(0.0616130876243115,0.0470343093061632,0.0231071885296719));
#7622=CARTESIAN_POINT('',(0.0616130876243115,0.0562715579618892,0.0202241310782376));
#7623=CARTESIAN_POINT('',(0.0616130876243115,0.0622430470456016,0.0177857984111546));
#7624=CARTESIAN_POINT('',(0.0616130876243115,0.0651983177531363,0.0164961826645715));
#7625=CARTESIAN_POINT('',(0.0616130876243115,0.0651983177531363,0.0164961826645715));
#7626=CARTESIAN_POINT('',(0.0616130876243115,0.0651983177531363,0.0164961826645715));
#7627=CARTESIAN_POINT('',(0.0561056317767143,0.0613517456790119,0.0181747429076351));
#7628=CARTESIAN_POINT('',(0.0505736757560179,0.0574799144135355,0.0197154278308464));
#7629=CARTESIAN_POINT('',(0.0450008815883621,0.0535787170186637,0.0210091737300141));
#7630=CARTESIAN_POINT('',(0.0450008815883621,0.0535787170186637,0.0210091737300141));
#7631=CARTESIAN_POINT('',(0.0450008815883621,0.0535787170186637,0.0210091737300141));
#7632=CARTESIAN_POINT('',(0.0446409783582249,0.0511519326637212,0.0218139631291608));
#7633=CARTESIAN_POINT('',(0.0439154207088244,0.0462574136051918,0.02324999624625));
#7634=CARTESIAN_POINT('',(0.0424367584147466,0.0362927519418703,0.0254115492403633));
#7635=CARTESIAN_POINT('',(0.0405596544418601,0.0236679697709178,0.0272545981562367));
#7636=CARTESIAN_POINT('',(0.0383006266877354,0.0084818775855454,0.0286956950947952));
#7637=CARTESIAN_POINT('',(0.0367877990608061,-0.00167931434393803,0.0293163081170897));
#7638=CARTESIAN_POINT('',(0.0360310939392525,-0.00676653182384554,0.0295461179504252));
#7639=CARTESIAN_POINT('',(0.0360310939392573,-0.00676653182384626,0.0295461179504252));
#7640=CARTESIAN_POINT('',(0.0360310939392574,-0.00676653182384625,0.0295461179504252));
#7641=CARTESIAN_POINT('',(0.0366378932648907,-0.0103766045998342,0.0297091992863923));
#7642=CARTESIAN_POINT('',(0.0375471339966867,-0.0157860127418926,0.0298805173988891));
#7643=CARTESIAN_POINT('',(0.0387536894956644,-0.0229642559857063,0.0294416685740164));
#7644=CARTESIAN_POINT('',(0.0395012619999751,-0.0274118402724433,0.0287026983807202));
#7645=CARTESIAN_POINT('',(0.0400988820217053,-0.0309673019872069,0.0276385706536593));
#7646=CARTESIAN_POINT('',(0.040526593850731,-0.0335119172573742,0.02658104025622));
#7647=CARTESIAN_POINT('',(0.0409285791515073,-0.0359034759315128,0.0252420168089035));
#7648=CARTESIAN_POINT('',(0.0413087868864256,-0.0381654718419665,0.0236182889175066));
#7649=CARTESIAN_POINT('',(0.0416581721346125,-0.0402440934216711,0.0217635516181817));
#7650=CARTESIAN_POINT('',(0.0420770632630254,-0.0427362310937224,0.0190555089902832));
#7651=CARTESIAN_POINT('',(0.0423452085290554,-0.0443315260850194,0.0167422906697216));
#7652=CARTESIAN_POINT('',(0.042498147151401,-0.0452414143027601,0.0151066945129759));
#7653=CARTESIAN_POINT('',(0.042498147151401,-0.0452414143027601,0.015106694512976));
#7654=CARTESIAN_POINT('',(0.0319,-0.0452414143027601,0.015106694512976));
#7655=CARTESIAN_POINT('',(0.0703282721913397,-0.0452414143027601,0.0151066945129759));
#7656=CARTESIAN_POINT('',(0.0703282721913397,-0.0452414143027601,0.015106694512976));
#7657=CARTESIAN_POINT('',(0.0796039905781314,-0.0454022877038211,0.0148175118294686));
#7658=CARTESIAN_POINT('',(0.088879334711148,-0.0455631546140126,0.0145168174451387));
#7659=CARTESIAN_POINT('',(0.0981542125674337,-0.0457240134373346,0.0142017808187669));
#7660=CARTESIAN_POINT('',(0.0981542125674337,-0.0457240134373346,0.0142017808187669));
#7661=CARTESIAN_POINT('',(0.105479431019681,-0.00633491447985757,0.0295263418772841));
#7662=CARTESIAN_POINT('',(0.104786535707994,-0.0100607449348971,0.0296993927678423));
#7663=CARTESIAN_POINT('',(0.103748375599042,-0.0156431301609218,0.0298887913957391));
#7664=CARTESIAN_POINT('',(0.102371710421373,-0.0230457218062084,0.0294387719928449));
#7665=CARTESIAN_POINT('',(0.101520042609887,-0.0276253023230498,0.028661513808017));
#7666=CARTESIAN_POINT('',(0.100839282384693,-0.0312858800998472,0.0275275595666999));
#7667=CARTESIAN_POINT('',(0.100352329630704,-0.0339043180808478,0.0263907005106509));
#7668=CARTESIAN_POINT('',(0.0998977731027317,-0.0363485553658916,0.0249553156515602));
#7669=CARTESIAN_POINT('',(0.0994694164285358,-0.0386519110322091,0.0232225410725233));
#7670=CARTESIAN_POINT('',(0.0990783364175888,-0.0407548229592596,0.0212511195910802));
#7671=CARTESIAN_POINT('',(0.0986123798005485,-0.0432603607009845,0.018378712574819));
#7672=CARTESIAN_POINT('',(0.0983182639251608,-0.0448418779480323,0.0159294136760346));
#7673=CARTESIAN_POINT('',(0.0981542125674337,-0.0457240134373346,0.0142017808187669));
#7674=CARTESIAN_POINT('',(0.105479431019681,-0.00633491447985763,0.0295263418772842));
#7675=CARTESIAN_POINT('',(0.105479431019675,-0.00633491447985851,0.0295263418772841));
#7676=CARTESIAN_POINT('',(0.104808980922797,-0.00128373398488562,0.0292917334339926));
#7677=CARTESIAN_POINT('',(0.103468713528619,0.00880639244205909,0.0286706957053798));
#7678=CARTESIAN_POINT('',(0.101467298892498,0.02388575880237,0.0272270916249853));
#7679=CARTESIAN_POINT('',(0.0998041574252597,0.0364228231480625,0.0253874029145879));
#7680=CARTESIAN_POINT('',(0.0984946674223743,0.0463135744973427,0.023234460150643));
#7681=CARTESIAN_POINT('',(0.0978519707366479,0.0511727678910793,0.0218071410069394));
#7682=CARTESIAN_POINT('',(0.0975331543352572,0.0535821719095888,0.0210080279290701));
#7683=CARTESIAN_POINT('',(0.0975331543352572,0.0535821719095888,0.0210080279290701));
#7684=CARTESIAN_POINT('',(0.0975331543352572,0.0535821719095888,0.0210080279290701));
#7685=CARTESIAN_POINT('',(0.0920158697933596,0.0574657515954728,0.0197199835446095));
#7686=CARTESIAN_POINT('',(0.0865390677611118,0.061320056179854,0.0181874870189587));
#7687=CARTESIAN_POINT('',(0.0810867314338684,0.0651491512756547,0.0165176309359015));
#7688=CARTESIAN_POINT('',(0.0810867314338684,0.0651491512756547,0.0165176309359015));
#7689=CARTESIAN_POINT('',(0.0810867314338684,0.0651491512756547,0.0165176309359015));
#7690=CARTESIAN_POINT('',(0.0810867314338684,0.0621909757357619,0.0178076817955573));
#7691=CARTESIAN_POINT('',(0.0810867314338684,0.056224655937708,0.0202405334397249));
#7692=CARTESIAN_POINT('',(0.0810867314338684,0.0469977749922936,0.0231170204323923));
#7693=CARTESIAN_POINT('',(0.0810867314338684,0.0375035081464637,0.0251450503110609));
#7694=CARTESIAN_POINT('',(0.0810867314338684,0.0311207947951553,0.0261404551312781));
#7695=CARTESIAN_POINT('',(0.0810867314338684,0.0279197748750448,0.0265785375751713));
#7696=CARTESIAN_POINT('',(0.0810867314338684,0.0279197748750448,0.0265785375751713));
#7697=CARTESIAN_POINT('',(0.0706777554288585,0.0279197748750448,0.0265785375751713));
#7698=CARTESIAN_POINT('',(0.081047043958828,0.0279197748750448,0.0265785375751713));
#7699=CARTESIAN_POINT('',(0.081047043958828,0.0279197748750448,0.0265785375751713));
#7700=CARTESIAN_POINT('',(0.0810552336159461,0.0276308104611128,0.0266180844195562));
#7701=CARTESIAN_POINT('',(0.0810864937372036,0.0270517863163477,0.0266962977895996));
#7702=CARTESIAN_POINT('',(0.0809999643829708,0.02590025034574,0.026847959175332));
#7703=CARTESIAN_POINT('',(0.0806703808151948,0.0244700216555146,0.0270289114048331));
#7704=CARTESIAN_POINT('',(0.0795438835976824,0.0231045240802695,0.0271936681732725));
#7705=CARTESIAN_POINT('',(0.0780487871410236,0.0221655683197166,0.0273033631805134));
#7706=CARTESIAN_POINT('',(0.0764673244873533,0.0214787877923899,0.0273818638668035));
#7707=CARTESIAN_POINT('',(0.0747922655814398,0.0209785042622859,0.0274380568843153));
#7708=CARTESIAN_POINT('',(0.0730719510819061,0.0207406088621957,0.0274644822442218));
#7709=CARTESIAN_POINT('',(0.071913180617056,0.0207261609198118,0.0274660855655));
#7710=CARTESIAN_POINT('',(0.0713359619713264,0.0206944839405203,0.0274695967331367));
#7711=CARTESIAN_POINT('',(0.101566601298127,0.0274511952623997,0.0025));
#7712=CARTESIAN_POINT('',(0.101611875578041,0.0265337644442331,0.0025));
#7713=CARTESIAN_POINT('',(0.101611875578041,0.0265337644442333,0.0124));
#7714=CARTESIAN_POINT('',(0.101566601298127,0.0274511952623997,0.0124));
#7715=CARTESIAN_POINT('',(0.101439920066039,0.0300182436311576,0.0124));
#7716=CARTESIAN_POINT('',(0.101439920066039,0.0300182436311575,0.0025));
#7717=CARTESIAN_POINT('',(0.10000293534652,0.0591370737796299,0.0025));
#7718=CARTESIAN_POINT('',(0.10000293534652,0.0591370737796299,0.0025));
#7719=CARTESIAN_POINT('',(0.101566601298127,0.0274511952623997,0.0025));
#7720=CARTESIAN_POINT('',(0.100261531345525,0.0538969255234784,0.0025));
#7721=CARTESIAN_POINT('',(0.100261531345525,0.0538969255234782,0.0025));
#7722=CARTESIAN_POINT('',(0.100261531345525,0.0538969255234782,0.00359999999631987));
#7723=CARTESIAN_POINT('',(0.101566601298127,0.0274511952623997,0.00359999999631987));
#7724=CARTESIAN_POINT('',(0.102656495269385,0.00536575691513059,0.00359999999631987));
#7725=CARTESIAN_POINT('',(0.102656495269385,0.00536575691513057,0.0025));
#7726=CARTESIAN_POINT('',(0.102656495269385,0.00536575691513064,0.0025));
#7727=CARTESIAN_POINT('',(0.101566601298127,0.0274511952623997,0.0025));
#7728=CARTESIAN_POINT('',(0.103171555312241,-0.00507133799651275,0.0025));
#7729=CARTESIAN_POINT('',(0.103171555312241,-0.00507133799651276,0.0025));
#7730=CARTESIAN_POINT('',(0.0562,0.0536617789639571,0.0182346691981465));
#7731=CARTESIAN_POINT('',(0.0805867314338684,0.0536617789639571,0.0182346691981465));
#7732=CARTESIAN_POINT('',(0.0862,0.0536617789639571,0.0182346691981465));
#7733=CARTESIAN_POINT('',(0.0562,0.0536617789639571,0.0182346691981465));
#7734=CARTESIAN_POINT('',(0.0771259889006615,0.0536617789639571,0.0182346691981465));
#7735=CARTESIAN_POINT('',(0.0796208903193474,0.0536617789639571,0.0182346691981465));
#7736=CARTESIAN_POINT('',(0.0912,0.053436743174993,0.0140823507681489));
#7737=CARTESIAN_POINT('',(0.0862,0.0534367431749931,0.0140823507681489));
#7738=CARTESIAN_POINT('',(0.0912,0.053436743174993,0.0140823507681489));
#7739=CARTESIAN_POINT('',(0.0912,0.0557685364037752,0.0167082524858415));
#7740=CARTESIAN_POINT('',(0.0621130876243115,0.0557685364037752,0.0167082524858415));
#7741=CARTESIAN_POINT('',(0.0621130876243115,0.0559358393987481,0.0174584036715314));
#7742=CARTESIAN_POINT('',(0.0562,0.0559358393987481,0.0174584036715314));
#7743=CARTESIAN_POINT('',(0.0562,0.0559358393987481,0.0174584036715314));
#7744=CARTESIAN_POINT('',(0.0562,0.055559366113964,0.0157703772198401));
#7745=CARTESIAN_POINT('',(0.0562,0.0551828928291798,0.0140823507681489));
#7746=CARTESIAN_POINT('',(0.0912,0.0551828928291798,0.0140823507681489));
#7747=CARTESIAN_POINT('',(0.0512,0.0551828928291798,0.0140823507681489));
#7748=CARTESIAN_POINT('',(0.0512,0.0557685364037752,0.0167082524858415));
#7749=CARTESIAN_POINT('',(0.0912,0.0514779240687719,0.0175430499948561));
#7750=CARTESIAN_POINT('',(0.0621130876243115,0.0514779240687719,0.0175430499948561));
#7751=CARTESIAN_POINT('',(0.0621130876243115,0.051387718529166,0.0190109347247615));
#7752=CARTESIAN_POINT('',(0.0512,0.0514779240687719,0.0175430499948561));
#7753=CARTESIAN_POINT('',(0.0512,0.0516905935208064,0.0140823507681489));
#7754=CARTESIAN_POINT('',(0.0912,0.0516905935208064,0.0140823507681489));
#7755=CARTESIAN_POINT('',(0.0562,0.0516905935208064,0.0140823507681489));
#7756=CARTESIAN_POINT('',(0.0562,0.0515391560249862,0.0165466427464552));
#7757=CARTESIAN_POINT('',(0.0562,0.051387718529166,0.0190109347247615));
#7758=CARTESIAN_POINT('',(0.0562,0.051387718529166,0.0190109347247615));
#7759=CARTESIAN_POINT('',(0.0706777554288585,0.0157244315137571,0.0075));
#7760=CARTESIAN_POINT('',(0.0842845946041685,-0.0429830897813879,0.0075));
#7761=CARTESIAN_POINT('',(0.075639313578949,-0.042833150369295,0.00750860135422891));
#7762=CARTESIAN_POINT('',(0.075639313578949,-0.000183652952417651,0.0075));
#7763=CARTESIAN_POINT('',(0.0390853546943621,-0.0249374544616798,0.0025));
#7764=CARTESIAN_POINT('',(0.0360310939392523,-0.00676653182384712,0.0295461179504252));
#7765=CARTESIAN_POINT('',(0.0359934650468333,-0.00654266367770063,0.0295360049364725));
#7766=CARTESIAN_POINT('',(0.0359561018658993,-0.00632037634705481,0.0295117623317371));
#7767=CARTESIAN_POINT('',(0.0359190784472342,-0.00610011038736949,0.0294694523789421));
#7768=CARTESIAN_POINT('',(0.0359190784472321,-0.0061001103873887,0.0294694523789433));
#7769=CARTESIAN_POINT('',(0.0359190784472321,-0.0061001103873887,0.0294694523789433));
#7770=CARTESIAN_POINT('',(0.0358786774546808,-0.00585974999611764,0.0294902016197666));
#7771=CARTESIAN_POINT('',(0.0358382294353502,-0.00561910982517641,0.029492471304144));
#7772=CARTESIAN_POINT('',(0.0357977456589914,-0.00537825692253084,0.0294806899762952));
#7773=CARTESIAN_POINT('',(0.042498147151401,-0.0452414143027601,0.0025));
#7774=CARTESIAN_POINT('',(0.0564132096713703,-0.0452414143027601,0.0025));
#7775=CARTESIAN_POINT('',(0.0703282721913397,-0.0452414143027601,0.0025));
#7776=CARTESIAN_POINT('',(0.0842412423793867,-0.0454827138700474,0.0025));
#7777=CARTESIAN_POINT('',(0.0981542125674337,-0.0457240134373346,0.0025));
#7778=CARTESIAN_POINT('',(0.101918580593914,-0.0254822874500519,0.0025));
#7779=CARTESIAN_POINT('',(0.105682948620393,-0.00524056146276924,0.0294495587680406));
#7780=CARTESIAN_POINT('',(0.105663370165057,-0.00534583855719099,0.029444702987567));
#7781=CARTESIAN_POINT('',(0.105643839460413,-0.00545085888702823,0.0294365505260774));
#7782=CARTESIAN_POINT('',(0.10562436989392,-0.00555555046534018,0.0294241771206691));
#7783=CARTESIAN_POINT('',(0.105682948620393,-0.00524056146276924,0.0294495587680406));
#7784=CARTESIAN_POINT('',(0.10562436989392,-0.00555555046534018,0.0294241771206691));
#7785=CARTESIAN_POINT('',(0.10562436989392,-0.00555555046533909,0.0294241771206749));
#7786=CARTESIAN_POINT('',(0.105576875212956,-0.00581093843781036,0.0294825479405398));
#7787=CARTESIAN_POINT('',(0.105528352676034,-0.00607185338812386,0.0295141236733832));
#7788=CARTESIAN_POINT('',(0.105479431019681,-0.00633491447985763,0.0295263418772842));
#7789=CARTESIAN_POINT('',(0.105682948620393,-0.00524056146276924,0.0025));
#7790=CARTESIAN_POINT('',(0.104063562694056,0.0275744177734994,0.0025));
#7791=CARTESIAN_POINT('',(0.105557285560444,-0.00269414517252256,0.0293421323684136));
#7792=CARTESIAN_POINT('',(0.105599150775306,-0.00354249523785011,0.0293880936082654));
#7793=CARTESIAN_POINT('',(0.105641040379039,-0.00439133951541835,0.0294244029109346));
#7794=CARTESIAN_POINT('',(0.105682948620393,-0.00524056146276924,0.0294495587680406));
#7795=CARTESIAN_POINT('',(0.102444176767718,0.060389397009768,0.0025));
#7796=CARTESIAN_POINT('',(0.0920093855758226,0.0686928162235326,0.0025));
#7797=CARTESIAN_POINT('',(0.0815745943839268,0.0769962354372972,0.0025));
#7798=CARTESIAN_POINT('',(0.0764821663743364,0.077084555951073,0.0025));
#7799=CARTESIAN_POINT('',(0.071389738364746,0.0771728764648488,0.0025));
#7800=CARTESIAN_POINT('',(0.0662965445194251,0.0771728764648489,0.0025));
#7801=CARTESIAN_POINT('',(0.0612033506741043,0.0771728764648489,0.0025));
#7802=CARTESIAN_POINT('',(0.0506261398262617,0.0690516543561842,0.0025));
#7803=CARTESIAN_POINT('',(0.127179354095373,0.149787204207998,0.00109999999631987));
#7804=CARTESIAN_POINT('',(0.094574966662152,0.059261056594897,0.00109999999631987));
#7805=CARTESIAN_POINT('',(0.0947045208605611,0.0591120362393112,0.00109999999631987));
#7806=CARTESIAN_POINT('',(0.0949532780627942,0.0588125932166016,0.00109999999631987));
#7807=CARTESIAN_POINT('',(0.095199805192895,0.0584918230195649,0.00109999999631987));
#7808=CARTESIAN_POINT('',(0.0954277497685724,0.0581646561623943,0.00109999999631987));
#7809=CARTESIAN_POINT('',(0.0956088781965244,0.0578818352506796,0.00109999999631987));
#7810=CARTESIAN_POINT('',(0.0958359097340588,0.0574560725851766,0.00109999999631987));
#7811=CARTESIAN_POINT('',(0.0959858327583863,0.0570676824847461,0.00109999999631987));
#7812=CARTESIAN_POINT('',(0.0960991596423804,0.0567170676613184,0.00109999999631987));
#7813=CARTESIAN_POINT('',(0.0961819141807928,0.0564121083690594,0.00109999999631987));
#7814=CARTESIAN_POINT('',(0.0962313767593312,0.0562022379038321,0.00109999999631987));
#7815=CARTESIAN_POINT('',(0.0962882446671273,0.0559359689537935,0.00109999999631987));
#7816=CARTESIAN_POINT('',(0.0963398199892215,0.0556654678946263,0.00109999999631987));
#7817=CARTESIAN_POINT('',(0.0963961970963206,0.055333556535443,0.00109999999631987));
#7818=CARTESIAN_POINT('',(0.096429696420557,0.0551167812641109,0.00109999999631987));
#7819=CARTESIAN_POINT('',(0.0964693209208439,0.0548444942077967,0.00109999999631987));
#7820=CARTESIAN_POINT('',(0.0965060478330908,0.0545729929014536,0.00109999999631987));
#7821=CARTESIAN_POINT('',(0.0965469652547459,0.0542477350781018,0.00109999999631987));
#7822=CARTESIAN_POINT('',(0.0965727435601071,0.0540305922707078,0.00109999999631987));
#7823=CARTESIAN_POINT('',(0.0966038937642455,0.0537591985365611,0.00109999999631987));
#7824=CARTESIAN_POINT('',(0.0966343489098309,0.0534826614037753,0.00109999999631987));
#7825=CARTESIAN_POINT('',(0.0966790381115406,0.0530616684688836,0.00109999999631987));
#7826=CARTESIAN_POINT('',(0.0967201532537465,0.0526552812564655,0.00109999999631987));
#7827=CARTESIAN_POINT('',(0.0967681960413407,0.0521473663003446,0.00109999999631987));
#7828=CARTESIAN_POINT('',(0.0967949132418159,0.0518509093734703,0.00109999999631987));
#7829=CARTESIAN_POINT('',(0.0968186781355316,0.0515821384451196,0.00109999999631987));
#7830=CARTESIAN_POINT('',(0.0968424735740465,0.051307539590146,0.00109999999631987));
#7831=CARTESIAN_POINT('',(0.0968714998434417,0.0509660773344673,0.00109999999631987));
#7832=CARTESIAN_POINT('',(0.0968886522479531,0.0507612932678398,0.00109999999631987));
#7833=CARTESIAN_POINT('',(0.0969159894196191,0.0504318099883156,0.00109999999631987));
#7834=CARTESIAN_POINT('',(0.0969625300179391,0.04986025840252,0.00109999999631987));
#7835=CARTESIAN_POINT('',(0.0970320780769087,0.0489782060293431,0.00109999999631987));
#7836=CARTESIAN_POINT('',(0.0971034229233778,0.0480368042126623,0.00109999999631987));
#7837=CARTESIAN_POINT('',(0.0971555453394888,0.0473299824734354,0.00109999999631987));
#7838=CARTESIAN_POINT('',(0.0971845219235711,0.0469323188108704,0.00109999999631987));
#7839=CARTESIAN_POINT('',(0.0972097893131861,0.0465822450520521,0.00109999999631987));
#7840=CARTESIAN_POINT('',(0.0972224774834773,0.0464051639074101,0.00109999999631987));
#7841=CARTESIAN_POINT('',(0.0972456215032318,0.0460811819161579,0.00109999999631987));
#7842=CARTESIAN_POINT('',(0.0972755656523465,0.0456591159175316,0.00109999999631987));
#7843=CARTESIAN_POINT('',(0.0973099347509265,0.0451715857430531,0.00109999999631987));
#7844=CARTESIAN_POINT('',(0.0973353760039116,0.0448091890234367,0.00109999999631987));
#7845=CARTESIAN_POINT('',(0.0973510950760785,0.0445848616077522,0.00109999999631987));
#7846=CARTESIAN_POINT('',(0.0973613853087445,0.044437833589381,0.00109999999631987));
#7847=CARTESIAN_POINT('',(0.0973787076727238,0.0441901911391837,0.00109999999631987));
#7848=CARTESIAN_POINT('',(0.0973979833404653,0.0439146641056196,0.00109999999631987));
#7849=CARTESIAN_POINT('',(0.0974301611647641,0.0434547262882573,0.00109999999631987));
#7850=CARTESIAN_POINT('',(0.0974672239608815,0.0429250573843821,0.00109999999631987));
#7851=CARTESIAN_POINT('',(0.0974941250744908,0.0425407663855743,0.00109999999631987));
#7852=CARTESIAN_POINT('',(0.0975064078161467,0.042365388361763,0.00109999999631987));
#7853=CARTESIAN_POINT('',(0.0975130767647004,0.042270238759163,0.00109999999631987));
#7854=CARTESIAN_POINT('',(0.0975136868902233,0.0422615176013736,0.00109999999631987));
#7855=CARTESIAN_POINT('',(0.0975271637486326,0.0420694260415305,0.00109999999631987));
#7856=CARTESIAN_POINT('',(0.0975405283393477,0.04187904951826,0.00109999999631987));
#7857=CARTESIAN_POINT('',(0.0975657764349512,0.0415196273643767,0.00109999999631987));
#7858=CARTESIAN_POINT('',(0.0976000527148059,0.0410324534163515,0.00109999999631987));
#7859=CARTESIAN_POINT('',(0.0976405505474644,0.0404580506548018,0.00109999999631987));
#7860=CARTESIAN_POINT('',(0.0976798033600443,0.0399025657168474,0.00109999999631987));
#7861=CARTESIAN_POINT('',(0.0977180222383184,0.0393630032712423,0.00109999999631987));
#7862=CARTESIAN_POINT('',(0.0977549741561065,0.0388426327954551,0.00109999999631987));
#7863=CARTESIAN_POINT('',(0.0977853124696487,0.0384165818916241,0.00109999999631987));
#7864=CARTESIAN_POINT('',(0.0978079846249064,0.0380988262826757,0.00109999999631987));
#7865=CARTESIAN_POINT('',(0.0978275643046764,0.0378248744490739,0.00109999999631987));
#7866=CARTESIAN_POINT('',(0.0978359790494804,0.037707370506679,0.00109999999631987));
#7867=CARTESIAN_POINT('',(0.097853053556096,0.0374692165024185,0.00109999999631987));
#7868=CARTESIAN_POINT('',(0.0978850035510904,0.037024554752423,0.00109999999631987));
#7869=CARTESIAN_POINT('',(0.0979317072240125,0.0363762718452926,0.00109999999631987));
#7870=CARTESIAN_POINT('',(0.0979874229855203,0.0356043545518623,0.00109999999631987));
#7871=CARTESIAN_POINT('',(0.0980261785660026,0.0350679027634663,0.00109999999631987));
#7872=CARTESIAN_POINT('',(0.0980594721020574,0.0346073231530313,0.00109999999631987));
#7873=CARTESIAN_POINT('',(0.0980857014849008,0.0342445937261372,0.00109999999631987));
#7874=CARTESIAN_POINT('',(0.0981082338566972,0.0339330862053765,0.00109999999631987));
#7875=CARTESIAN_POINT('',(0.0981250975712125,0.0337000008676537,0.00109999999631987));
#7876=CARTESIAN_POINT('',(0.098133972032893,0.0335773510670794,0.00109999999631987));
#7877=CARTESIAN_POINT('',(0.0981432573881784,0.0334490356011906,0.00109999999631987));
#7878=CARTESIAN_POINT('',(0.0981428426133177,0.033454763713884,0.00109999999631987));
#7879=CARTESIAN_POINT('',(0.0981458482384842,0.0334132064656874,0.00109999999631987));
#7880=CARTESIAN_POINT('',(0.09814987913605,0.0333574269552973,0.00109999999631987));
#7881=CARTESIAN_POINT('',(0.0981575117986373,0.0332517310833833,0.00109999999631987));
#7882=CARTESIAN_POINT('',(0.0981679802810716,0.0331066272341749,0.00109999999631987));
#7883=CARTESIAN_POINT('',(0.098184284319519,0.0328805003052837,0.00109999999631987));
#7884=CARTESIAN_POINT('',(0.0982087843745128,0.0325404672999987,0.00109999999631987));
#7885=CARTESIAN_POINT('',(0.0982448757415422,0.0320392554493382,0.00109999999631987));
#7886=CARTESIAN_POINT('',(0.0982875917961628,0.0314457958049459,0.00109999999631987));
#7887=CARTESIAN_POINT('',(0.0983370997022157,0.0307577638581194,0.00109999999631987));
#7888=CARTESIAN_POINT('',(0.0983835144651875,0.0301125716372546,0.00109999999631987));
#7889=CARTESIAN_POINT('',(0.0984196932801077,0.029609588343599,0.00109999999631987));
#7890=CARTESIAN_POINT('',(0.0984399929330252,0.0293273574601914,0.00109999999631987));
#7891=CARTESIAN_POINT('',(0.0984590339912604,0.029062596967413,0.00109999999631987));
#7892=CARTESIAN_POINT('',(0.0984654956220388,0.0289727957421509,0.00109999999631987));
#7893=CARTESIAN_POINT('',(0.0984786748253947,0.0287897755418339,0.00109999999631987));
#7894=CARTESIAN_POINT('',(0.0985000270774177,0.0284936639031692,0.00109999999631987));
#7895=CARTESIAN_POINT('',(0.098532755442597,0.0280408412249087,0.00109999999631987));
#7896=CARTESIAN_POINT('',(0.0985660699499283,0.027581301011925,0.00109999999631987));
#7897=CARTESIAN_POINT('',(0.0985945163062639,0.0271897185056669,0.00109999999631987));
#7898=CARTESIAN_POINT('',(0.0986138513443413,0.0269239752090576,0.00109999999631987));
#7899=CARTESIAN_POINT('',(0.0986427787288995,0.0265264741178048,0.00109999999631987));
#7900=CARTESIAN_POINT('',(0.0986747964252637,0.0260859235885281,0.00109999999631987));
#7901=CARTESIAN_POINT('',(0.0987113435465708,0.0255822161186647,0.00109999999631987));
#7902=CARTESIAN_POINT('',(0.0987413455958152,0.025167240372789,0.00109999999631987));
#7903=CARTESIAN_POINT('',(0.0987584795019641,0.0249294619497424,0.00109999999631987));
#7904=CARTESIAN_POINT('',(0.09876827329891,0.0247931587511141,0.00109999999631987));
#7905=CARTESIAN_POINT('',(0.0987724193860453,0.0247354325595688,0.00109999999631987));
#7906=CARTESIAN_POINT('',(0.0987864974931812,0.0245387632601427,0.00109999999631987));
#7907=CARTESIAN_POINT('',(0.0988015066549107,0.024328275040076,0.00109999999631987));
#7908=CARTESIAN_POINT('',(0.0988287973360245,0.0239438283345603,0.00109999999631987));
#7909=CARTESIAN_POINT('',(0.0988651562539451,0.0234260744366812,0.00109999999631987));
#7910=CARTESIAN_POINT('',(0.0989063361946248,0.0228306244205322,0.00109999999631987));
#7911=CARTESIAN_POINT('',(0.0989573025237721,0.0220806887259445,0.00109999999631987));
#7912=CARTESIAN_POINT('',(0.0990028865888521,0.0213885497085152,0.00109999999631987));
#7913=CARTESIAN_POINT('',(0.0990372233816379,0.0208474424258597,0.00109999999631987));
#7914=CARTESIAN_POINT('',(0.099056326561292,0.0205388033697102,0.00109999999631987));
#7915=CARTESIAN_POINT('',(0.0990674319839122,0.020357225830665,0.00109999999631987));
#7916=CARTESIAN_POINT('',(0.099087443510377,0.0200224452218477,0.00109999999631987));
#7917=CARTESIAN_POINT('',(0.0991098823242766,0.0196357021417978,0.00109999999631987));
#7918=CARTESIAN_POINT('',(0.0991483350739912,0.0189465565724581,0.00109999999631987));
#7919=CARTESIAN_POINT('',(0.0991957433596193,0.0180104842148002,0.00109999999631987));
#7920=CARTESIAN_POINT('',(0.0992342365411728,0.0171258705457327,0.00109999999631987));
#7921=CARTESIAN_POINT('',(0.0992599949685874,0.0164332451578013,0.00109999999631987));
#7922=CARTESIAN_POINT('',(0.0992754324009936,0.0159706818493819,0.00109999999631987));
#7923=CARTESIAN_POINT('',(0.0992926875755438,0.0153616145622856,0.00109999999631987));
#7924=CARTESIAN_POINT('',(0.0993094367345754,0.0146144001339351,0.00109999999631987));
#7925=CARTESIAN_POINT('',(0.0993277017246581,0.0133050879904513,0.00109999999631987));
#7926=CARTESIAN_POINT('',(0.0993211052475159,0.0115631181946811,0.00109999999631987));
#7927=CARTESIAN_POINT('',(0.0992651912248202,0.00978685618591445,0.00109999999631987));
#7928=CARTESIAN_POINT('',(0.0991896221565935,0.00831622168020064,0.00109999999631987));
#7929=CARTESIAN_POINT('',(0.0991143805054874,0.00715050647151369,0.00109999999631987));
#7930=CARTESIAN_POINT('',(0.099035037894175,0.00610576812758295,0.00109999999631987));
#7931=CARTESIAN_POINT('',(0.0989409837106085,0.00501065349257014,0.00109999999631987));
#7932=CARTESIAN_POINT('',(0.0988358000554491,0.0039174103698882,0.00109999999631987));
#7933=CARTESIAN_POINT('',(0.0987157691380998,0.00278840070172335,0.00109999999631987));
#7934=CARTESIAN_POINT('',(0.0985921800202875,0.00172192891591794,0.00109999999631987));
#7935=CARTESIAN_POINT('',(0.0984549101529615,0.000622137459508059,0.00109999999631987));
#7936=CARTESIAN_POINT('',(0.0983307022678466,-0.000307810337833757,0.00109999999631987));
#7937=CARTESIAN_POINT('',(0.0982288548376913,-0.00103254483152359,0.00109999999631987));
#7938=CARTESIAN_POINT('',(0.0981556847583928,-0.00153771455559824,0.00109999999631987));
#7939=CARTESIAN_POINT('',(0.0980641481533356,-0.00214736778417349,0.00109999999631987));
#7940=CARTESIAN_POINT('',(0.0979788279562897,-0.00269282347872114,0.00109999999631987));
#7941=CARTESIAN_POINT('',(0.0978907588272539,-0.00323227330067795,0.00109999999631987));
#7942=CARTESIAN_POINT('',(0.0978112191924628,-0.00370163164282546,0.00109999999631987));
#7943=CARTESIAN_POINT('',(0.0977040606869793,-0.00429904927260025,0.00109999999631987));
#7944=CARTESIAN_POINT('',(0.0976081578328406,-0.00479631723869094,0.00109999999631987));
#7945=CARTESIAN_POINT('',(0.0974979772545136,-0.00532817665351796,0.00109999999631987));
#7946=CARTESIAN_POINT('',(0.0973705092720199,-0.00589395467146614,0.00109999999631987));
#7947=CARTESIAN_POINT('',(0.0972623023055349,-0.00634519396552057,0.00109999999631987));
#7948=CARTESIAN_POINT('',(0.0971315142671654,-0.00686740765401784,0.00109999999631987));
#7949=CARTESIAN_POINT('',(0.0970113861727452,-0.00732625992496204,0.00109999999631987));
#7950=CARTESIAN_POINT('',(0.0969110911097887,-0.00769992041648114,0.00109999999631987));
#7951=CARTESIAN_POINT('',(0.0968234695573759,-0.00802038820145398,0.00109999999631987));
#7952=CARTESIAN_POINT('',(0.0967664380828387,-0.00822611895633908,0.00109999999631987));
#7953=CARTESIAN_POINT('',(0.0966706319400894,-0.00856951571962163,0.00109999999631987));
#7954=CARTESIAN_POINT('',(0.0965276289246386,-0.00907484707932801,0.00109999999631987));
#7955=CARTESIAN_POINT('',(0.0963832474277268,-0.00958129433630771,0.00109999999631987));
#7956=CARTESIAN_POINT('',(0.0962813811401645,-0.00993784224472551,0.00109999999631987));
#7957=CARTESIAN_POINT('',(0.096231025010426,-0.0101137161343025,0.00109999999631987));
#7958=CARTESIAN_POINT('',(0.096231025010426,-0.0101137161343008,0.00109999999631987));
#7959=CARTESIAN_POINT('',(0.094574966662152,0.0592610565949006,0.00109999999631987));
#7960=CARTESIAN_POINT('',(0.094574966662152,0.0592610565949006,0.00109999999631987));
#7961=CARTESIAN_POINT('',(0.095989587933193,0.0576342541979997,0.00109999999631987));
#7962=CARTESIAN_POINT('',(0.097213866007481,0.055655924368299,0.00109999999631987));
#7963=CARTESIAN_POINT('',(0.098453299181437,0.0523729744235979,0.00109999999631987));
#7964=CARTESIAN_POINT('',(0.098640453996097,0.0501687131148998,0.00109999999631987));
#7965=CARTESIAN_POINT('',(0.09883025715613,0.047964679871999,0.00109999999631987));
#7966=CARTESIAN_POINT('',(0.099337271340279,0.0420771271235996,0.00109999999631987));
#7967=CARTESIAN_POINT('',(0.099870205960736,0.0361096518170001,0.00109999999631987));
#7968=CARTESIAN_POINT('',(0.100371975129354,0.0298764628038981,0.00109999999631987));
#7969=CARTESIAN_POINT('',(0.100785492957986,0.0231917689361989,0.00109999999631987));
#7970=CARTESIAN_POINT('',(0.101053673558482,0.0158697790655999,0.00109999999631987));
#7971=CARTESIAN_POINT('',(0.101194020223566,0.0120379699853981,0.00109999999631987));
#7972=CARTESIAN_POINT('',(0.101288232045591,0.00820447113639844,0.00109999999631987));
#7973=CARTESIAN_POINT('',(0.098444641526955,-0.00255989371570209,0.00109999999631987));
#7974=CARTESIAN_POINT('',(0.097309381245087,-0.00632869890720045,0.00109999999631987));
#7975=CARTESIAN_POINT('',(0.096231025010426,-0.0101137161343008,0.00109999999631987));
#7976=CARTESIAN_POINT('',(0.127179354095373,0.149787204207998,0.00109999999631987));
#7977=CARTESIAN_POINT('',(0.040122112345796,0.00281732327469974,0.00109999999631987));
#7978=CARTESIAN_POINT('',(0.040122112345796,0.00281732327469974,0.00109999999631987));
#7979=CARTESIAN_POINT('',(0.042421241168191,0.0502309857763006,0.00109999999631987));
#7980=CARTESIAN_POINT('',(0.042421241168191,0.0502309857763006,0.00109999999631987));
#7981=CARTESIAN_POINT('',(0.042554609286497,0.0529813627400984,0.00109999999631987));
#7982=CARTESIAN_POINT('',(0.042687977404803,0.0557317397038997,0.00109999999631987));
#7983=CARTESIAN_POINT('',(0.044113210484045,0.0579862641519995,0.00109999999631987));
#7984=CARTESIAN_POINT('',(0.045996549282907,0.0598763519125996,0.00109999999631987));
#7985=CARTESIAN_POINT('',(0.048028489814583,0.0615934696703988,0.00109999999631987));
#7986=CARTESIAN_POINT('',(0.048028489814583,0.0615934696703988,0.00109999999631987));
#7987=CARTESIAN_POINT('',(0.04177727826696,0.00425834745319881,0.00109999999631987));
#7988=CARTESIAN_POINT('',(0.0417939043038064,0.00449920806683587,0.00109999999631987));
#7989=CARTESIAN_POINT('',(0.0418278737136716,0.0050128259858682,0.00109999999631987));
#7990=CARTESIAN_POINT('',(0.0418721485558698,0.00573496401700763,0.00109999999631987));
#7991=CARTESIAN_POINT('',(0.0419086207465649,0.00636007079601251,0.00109999999631987));
#7992=CARTESIAN_POINT('',(0.0419365898755125,0.00685428162060288,0.00109999999631987));
#7993=CARTESIAN_POINT('',(0.0419601089448559,0.00728157257133678,0.00109999999631987));
#7994=CARTESIAN_POINT('',(0.0419772766042822,0.00760002487086962,0.00109999999631987));
#7995=CARTESIAN_POINT('',(0.0419864233398087,0.00777114884525046,0.00109999999631987));
#7996=CARTESIAN_POINT('',(0.0419953759630355,0.00793998739839267,0.00109999999631987));
#7997=CARTESIAN_POINT('',(0.0419964924687492,0.00796125301213087,0.00109999999631987));
#7998=CARTESIAN_POINT('',(0.0420010492331724,0.00804772483776726,0.00109999999631987));
#7999=CARTESIAN_POINT('',(0.0420084142340994,0.00818824617542067,0.00109999999631987));
#8000=CARTESIAN_POINT('',(0.0420216086379724,0.00844135686726157,0.00109999999631987));
#8001=CARTESIAN_POINT('',(0.042040333097423,0.00880274641721928,0.00109999999631987));
#8002=CARTESIAN_POINT('',(0.0420623210060095,0.00922881358375233,0.00109999999631987));
#8003=CARTESIAN_POINT('',(0.042087468849962,0.00971760353782868,0.00109999999631987));
#8004=CARTESIAN_POINT('',(0.0421110934833489,0.0101778628385965,0.00109999999631987));
#8005=CARTESIAN_POINT('',(0.0421315622435081,0.0105772114585456,0.00109999999631987));
#8006=CARTESIAN_POINT('',(0.0421477701352398,0.0108936975221781,0.00109999999631987));
#8007=CARTESIAN_POINT('',(0.0421617487229361,0.0111668554994119,0.00109999999631987));
#8008=CARTESIAN_POINT('',(0.042172257469158,0.0113723215215847,0.00109999999631987));
#8009=CARTESIAN_POINT('',(0.0421777757178375,0.0114802367484609,0.00109999999631987));
#8010=CARTESIAN_POINT('',(0.0421836156417018,0.0115944668935105,0.00109999999631987));
#8011=CARTESIAN_POINT('',(0.0421831925048954,0.0115861923841535,0.00109999999631987));
#8012=CARTESIAN_POINT('',(0.0421848662756097,0.0116189384748172,0.00109999999631987));
#8013=CARTESIAN_POINT('',(0.0421868833217512,0.0116584138218706,0.00109999999631987));
#8014=CARTESIAN_POINT('',(0.0421906166776006,0.011731497632393,0.00109999999631987));
#8015=CARTESIAN_POINT('',(0.0421953750086182,0.0118246863697649,0.00109999999631987));
#8016=CARTESIAN_POINT('',(0.0422024757188256,0.011963790143806,0.00109999999631987));
#8017=CARTESIAN_POINT('',(0.0422125923197323,0.0121620497286091,0.00109999999631987));
#8018=CARTESIAN_POINT('',(0.0422314993625763,0.0125327156025848,0.00109999999631987));
#8019=CARTESIAN_POINT('',(0.042260200661186,0.0130956142816799,0.00109999999631987));
#8020=CARTESIAN_POINT('',(0.0423027582708789,0.0139305562847313,0.00109999999631987));
#8021=CARTESIAN_POINT('',(0.0423534380159901,0.0149250815451337,0.00109999999631987));
#8022=CARTESIAN_POINT('',(0.0424024125868465,0.0158863085379359,0.00109999999631987));
#8023=CARTESIAN_POINT('',(0.0424456988624649,0.0167359761158323,0.00109999999631987));
#8024=CARTESIAN_POINT('',(0.0424800592172773,0.0174104741884985,0.00109999999631987));
#8025=CARTESIAN_POINT('',(0.042510807580768,0.0180141004059887,0.00109999999631987));
#8026=CARTESIAN_POINT('',(0.0425354698763774,0.0184982638772775,0.00109999999631987));
#8027=CARTESIAN_POINT('',(0.0425570720366599,0.0189223670211152,0.00109999999631987));
#8028=CARTESIAN_POINT('',(0.0425692640360416,0.0191617132391018,0.00109999999631987));
#8029=CARTESIAN_POINT('',(0.0425885351614785,0.0195399843481102,0.00109999999631987));
#8030=CARTESIAN_POINT('',(0.0426202000112857,0.020161410633251,0.00109999999631987));
#8031=CARTESIAN_POINT('',(0.0426646333340592,0.0210330800842525,0.00109999999631987));
#8032=CARTESIAN_POINT('',(0.0427150725342572,0.0220219964744922,0.00109999999631987));
#8033=CARTESIAN_POINT('',(0.0427630664478521,0.0229623739549507,0.00109999999631987));
#8034=CARTESIAN_POINT('',(0.0428084703767442,0.023851375496004,0.00109999999631987));
#8035=CARTESIAN_POINT('',(0.0428514276128053,0.0246918011749677,0.00109999999631987));
#8036=CARTESIAN_POINT('',(0.0428848293410072,0.0253447066226642,0.00109999999631987));
#8037=CARTESIAN_POINT('',(0.0429076397985126,0.0257902402670872,0.00109999999631987));
#8038=CARTESIAN_POINT('',(0.0429195118339468,0.0260220393075633,0.00109999999631987));
#8039=CARTESIAN_POINT('',(0.0429306366003895,0.0262391787037812,0.00109999999631987));
#8040=CARTESIAN_POINT('',(0.0429325064183296,0.026275639785203,0.00109999999631987));
#8041=CARTESIAN_POINT('',(0.0429390841264801,0.0264038836870505,0.00109999999631987));
#8042=CARTESIAN_POINT('',(0.0429474018913696,0.0265658967789048,0.00109999999631987));
#8043=CARTESIAN_POINT('',(0.0429599087285337,0.0268093464220184,0.00109999999631987));
#8044=CARTESIAN_POINT('',(0.0429791092308441,0.0271828799844131,0.00109999999631987));
#8045=CARTESIAN_POINT('',(0.0430082322254968,0.0277491303271314,0.00109999999631987));
#8046=CARTESIAN_POINT('',(0.0430512512523053,0.0285851376208741,0.00109999999631987));
#8047=CARTESIAN_POINT('',(0.0431023832565,0.0295784615751672,0.00109999999631987));
#8048=CARTESIAN_POINT('',(0.0431517192219457,0.0305366516115372,0.00109999999631987));
#8049=CARTESIAN_POINT('',(0.0431952864454843,0.0313826759386727,0.00109999999631987));
#8050=CARTESIAN_POINT('',(0.0432298538688386,0.0320538793504931,0.00109999999631987));
#8051=CARTESIAN_POINT('',(0.0432607695348715,0.0326541260175214,0.00109999999631987));
#8052=CARTESIAN_POINT('',(0.043285567625216,0.0331355802924365,0.00109999999631987));
#8053=CARTESIAN_POINT('',(0.0433072595665813,0.0335566924067543,0.00109999999631987));
#8054=CARTESIAN_POINT('',(0.0433195823908293,0.033795982768777,0.00109999999631987));
#8055=CARTESIAN_POINT('',(0.043338998579525,0.0341732276162138,0.00109999999631987));
#8056=CARTESIAN_POINT('',(0.0433708941831423,0.0347934796494727,0.00109999999631987));
#8057=CARTESIAN_POINT('',(0.0434155628413456,0.0356636427135013,0.00109999999631987));
#8058=CARTESIAN_POINT('',(0.0434661459470933,0.0366515983572889,0.00109999999631987));
#8059=CARTESIAN_POINT('',(0.043514129968697,0.0375914727216041,0.00109999999631987));
#8060=CARTESIAN_POINT('',(0.0435594190067301,0.0384814127944788,0.00109999999631987));
#8061=CARTESIAN_POINT('',(0.0436019764589464,0.0393206718702111,0.00109999999631987));
#8062=CARTESIAN_POINT('',(0.0436353666046221,0.0399818534646824,0.00109999999631987));
#8063=CARTESIAN_POINT('',(0.0436572426214932,0.040416482045164,0.00109999999631987));
#8064=CARTESIAN_POINT('',(0.0436699112152215,0.0406686732259822,0.00109999999631987));
#8065=CARTESIAN_POINT('',(0.0436778259919928,0.0408263930374294,0.00109999999631987));
#8066=CARTESIAN_POINT('',(0.0436909965237693,0.0410892349344081,0.00109999999631987));
#8067=CARTESIAN_POINT('',(0.0437065606918452,0.0414003807191989,0.00109999999631987));
#8068=CARTESIAN_POINT('',(0.0437343367455341,0.0419569021621973,0.00109999999631987));
#8069=CARTESIAN_POINT('',(0.0437725363874912,0.0427260367079512,0.00109999999631987));
#8070=CARTESIAN_POINT('',(0.043817291355327,0.043633334541516,0.00109999999631987));
#8071=CARTESIAN_POINT('',(0.0438735354731003,0.0447818511240844,0.00109999999631987));
#8072=CARTESIAN_POINT('',(0.0439339658616593,0.0460289808797206,0.00109999999631987));
#8073=CARTESIAN_POINT('',(0.043992695324126,0.0472514378641721,0.00109999999631987));
#8074=CARTESIAN_POINT('',(0.0440350811866015,0.0481438098807346,0.00109999999631987));
#8075=CARTESIAN_POINT('',(0.044083243955044,0.0491464839284858,0.00109999999631987));
#8076=CARTESIAN_POINT('',(0.0441292516668553,0.0500707934245486,0.00109999999631987));
#8077=CARTESIAN_POINT('',(0.0441677889643823,0.05082194617393,0.00109999999631987));
#8078=CARTESIAN_POINT('',(0.0441941528353307,0.051323247396358,0.00109999999631987));
#8079=CARTESIAN_POINT('',(0.0442097195162055,0.0516150561172228,0.00109999999631987));
#8080=CARTESIAN_POINT('',(0.0442198202782134,0.0518036664262121,0.00109999999631987));
#8081=CARTESIAN_POINT('',(0.0442358043367247,0.0520964560738267,0.00109999999631987));
#8082=CARTESIAN_POINT('',(0.0442547068198557,0.0524310406212262,0.00109999999631987));
#8083=CARTESIAN_POINT('',(0.044278681758494,0.0528362631190614,0.00109999999631987));
#8084=CARTESIAN_POINT('',(0.0443012644661919,0.0531921982138277,0.00109999999631987));
#8085=CARTESIAN_POINT('',(0.0443199810103098,0.0534687848377372,0.00109999999631987));
#8086=CARTESIAN_POINT('',(0.0443310924916953,0.0536276382769209,0.00109999999631987));
#8087=CARTESIAN_POINT('',(0.0443523757366538,0.0539164896728498,0.00109999999631987));
#8088=CARTESIAN_POINT('',(0.0443777145742554,0.0542408851702009,0.00109999999631987));
#8089=CARTESIAN_POINT('',(0.044411496337497,0.0546416850304289,0.00109999999631987));
#8090=CARTESIAN_POINT('',(0.0444453902213073,0.0550019402092724,0.00109999999631987));
#8091=CARTESIAN_POINT('',(0.044474346832078,0.0552830093178356,0.00109999999631987));
#8092=CARTESIAN_POINT('',(0.0444933203812065,0.0554583946523712,0.00109999999631987));
#8093=CARTESIAN_POINT('',(0.0445242473973116,0.0557249145522081,0.00109999999631987));
#8094=CARTESIAN_POINT('',(0.0445637704350147,0.0560328991190896,0.00109999999631987));
#8095=CARTESIAN_POINT('',(0.0446092708341978,0.0563602178359874,0.00109999999631987));
#8096=CARTESIAN_POINT('',(0.0447009365684738,0.0568786724155456,0.00109999999631987));
#8097=CARTESIAN_POINT('',(0.0447881356252757,0.0572635307065837,0.00109999999631987));
#8098=CARTESIAN_POINT('',(0.0449260209219234,0.0577351479710446,0.00109999999631987));
#8099=CARTESIAN_POINT('',(0.0450818588657581,0.0581446283998337,0.00109999999631987));
#8100=CARTESIAN_POINT('',(0.045273239567649,0.0585505319100017,0.00109999999631987));
#8101=CARTESIAN_POINT('',(0.0455140555627406,0.0589617955714542,0.00109999999631987));
#8102=CARTESIAN_POINT('',(0.045755035924327,0.0593132361881161,0.00109999999631987));
#8103=CARTESIAN_POINT('',(0.0460618772041906,0.0597023376613639,0.00109999999631987));
#8104=CARTESIAN_POINT('',(0.0463301575323675,0.0600068323766474,0.00109999999631987));
#8105=CARTESIAN_POINT('',(0.0466843706746581,0.060375830235708,0.00109999999631987));
#8106=CARTESIAN_POINT('',(0.046977839316278,0.0606610243639571,0.00109999999631987));
#8107=CARTESIAN_POINT('',(0.0473496646376248,0.0610049704122587,0.00109999999631987));
#8108=CARTESIAN_POINT('',(0.047652069022977,0.0612719469781192,0.00109999999631987));
#8109=CARTESIAN_POINT('',(0.0479003958214972,0.0614852246806257,0.00109999999631987));
#8110=CARTESIAN_POINT('',(0.048028489814583,0.0615934696703988,0.00109999999631987));
#8111=CARTESIAN_POINT('',(0.04177727826696,0.00425834745320053,0.00109999999631987));
#8112=CARTESIAN_POINT('',(0.04301551973202,-0.0177631418108015,0.00109999999631987));
#8113=CARTESIAN_POINT('',(0.0429381099168652,-0.0175241166485522,0.00109999999631987));
#8114=CARTESIAN_POINT('',(0.0427894650624716,-0.017055420979419,0.00109999999631987));
#8115=CARTESIAN_POINT('',(0.0426077426796635,-0.0164603065029776,0.00109999999631987));
#8116=CARTESIAN_POINT('',(0.0423991034825336,-0.0157335258703095,0.00109999999631987));
#8117=CARTESIAN_POINT('',(0.0422355976074965,-0.0151207626830234,0.00109999999631987));
#8118=CARTESIAN_POINT('',(0.0420581513266231,-0.0143898048162352,0.00109999999631987));
#8119=CARTESIAN_POINT('',(0.0418648234745816,-0.013483283843842,0.00109999999631987));
#8120=CARTESIAN_POINT('',(0.0417126885501318,-0.0125852045973366,0.00109999999631987));
#8121=CARTESIAN_POINT('',(0.0416092108890583,-0.011746175135797,0.00109999999631987));
#8122=CARTESIAN_POINT('',(0.0415427772580717,-0.0110687796123784,0.00109999999631987));
#8123=CARTESIAN_POINT('',(0.0414995181737168,-0.0104769645526329,0.00109999999631987));
#8124=CARTESIAN_POINT('',(0.0414720530496637,-0.00999526363259595,0.00109999999631987));
#8125=CARTESIAN_POINT('',(0.0414540975942222,-0.00960171907160931,0.00109999999631987));
#8126=CARTESIAN_POINT('',(0.0414428849718528,-0.00929243658936681,0.00109999999631987));
#8127=CARTESIAN_POINT('',(0.0414327969744823,-0.00894440219535105,0.00109999999631987));
#8128=CARTESIAN_POINT('',(0.0414254010401274,-0.00859897659092138,0.00109999999631987));
#8129=CARTESIAN_POINT('',(0.041420045624794,-0.00821373096115759,0.00109999999631987));
#8130=CARTESIAN_POINT('',(0.0414177694664424,-0.00791701986438138,0.00109999999631987));
#8131=CARTESIAN_POINT('',(0.0414166934194347,-0.00757131913143554,0.00109999999631987));
#8132=CARTESIAN_POINT('',(0.0414172170496091,-0.00722400097645847,0.00109999999631987));
#8133=CARTESIAN_POINT('',(0.0414196212392514,-0.00682310071205422,0.00109999999631987));
#8134=CARTESIAN_POINT('',(0.0414223828933795,-0.0065291048736677,0.00109999999631987));
#8135=CARTESIAN_POINT('',(0.0414275560460491,-0.00608573145741478,0.00109999999631987));
#8136=CARTESIAN_POINT('',(0.0414362980168571,-0.00552642830060366,0.00109999999631987));
#8137=CARTESIAN_POINT('',(0.0414484254787492,-0.00492852683662927,0.00109999999631987));
#8138=CARTESIAN_POINT('',(0.0414596628816247,-0.00444837666425204,0.00109999999631987));
#8139=CARTESIAN_POINT('',(0.0414700641160006,-0.00404300948717136,0.00109999999631987));
#8140=CARTESIAN_POINT('',(0.0414775454227884,-0.00377030797808761,0.00109999999631987));
#8141=CARTESIAN_POINT('',(0.0414898617872216,-0.00333918731695153,0.00109999999631987));
#8142=CARTESIAN_POINT('',(0.0415067111830018,-0.00278805475564147,0.00109999999631987));
#8143=CARTESIAN_POINT('',(0.041526531993571,-0.0021832900125917,0.00109999999631987));
#8144=CARTESIAN_POINT('',(0.041543465123653,-0.00168841489617481,0.00109999999631987));
#8145=CARTESIAN_POINT('',(0.0415581809494447,-0.00127045337428913,0.00109999999631987));
#8146=CARTESIAN_POINT('',(0.0415689801361577,-0.000970461278651769,0.00109999999631987));
#8147=CARTESIAN_POINT('',(0.0415854731970901,-0.000519425023360316,0.00109999999631987));
#8148=CARTESIAN_POINT('',(0.0416066992451885,4.54322901076218E-5,0.00109999999631987));
#8149=CARTESIAN_POINT('',(0.0416293929380104,0.000631222520153571,0.00109999999631987));
#8150=CARTESIAN_POINT('',(0.0416463366135825,0.00105886573125551,0.00109999999631987));
#8151=CARTESIAN_POINT('',(0.0416557218151277,0.00129349585004848,0.00109999999631987));
#8152=CARTESIAN_POINT('',(0.0416643277331472,0.00150700340983316,0.00109999999631987));
#8153=CARTESIAN_POINT('',(0.0416674664545254,0.00158413874076635,0.00109999999631987));
#8154=CARTESIAN_POINT('',(0.0416748547222358,0.00176497295841201,0.00109999999631987));
#8155=CARTESIAN_POINT('',(0.0416853809467014,0.00202032158173398,0.00109999999631987));
#8156=CARTESIAN_POINT('',(0.0417009884168025,0.00239702550162246,0.00109999999631987));
#8157=CARTESIAN_POINT('',(0.0417280208848552,0.00304491621321017,0.00109999999631987));
#8158=CARTESIAN_POINT('',(0.0417542934277615,0.00368003894350286,0.00109999999631987));
#8159=CARTESIAN_POINT('',(0.0417705870969616,0.0040871533695674,0.00109999999631987));
#8160=CARTESIAN_POINT('',(0.04177727826696,0.00425834745319881,0.00109999999631987));
#8161=CARTESIAN_POINT('',(0.04301551973202,-0.0177631418108,0.00109999999631987));
#8162=CARTESIAN_POINT('',(0.04301551973202,-0.0177631418108,0.00109999999631987));
#8163=CARTESIAN_POINT('',(0.041947215424672,-0.0144644437080998,0.00109999999631987));
#8164=CARTESIAN_POINT('',(0.041070927655439,-0.0111035598314011,0.00109999999631987));
#8165=CARTESIAN_POINT('',(0.039787469666423,-0.00408382767600024,0.00109999999631987));
#8166=CARTESIAN_POINT('',(0.03995479100611,-0.000633252200699985,0.00109999999631987));
#8167=CARTESIAN_POINT('',(0.040122112345796,0.00281732327469974,0.00109999999631987));
#8168=CARTESIAN_POINT('',(0.0945749669629277,0.059261057016771,0.00750000000000017));
#8169=CARTESIAN_POINT('',(0.0945749669629277,0.059261057016771,0.00109999999632001));
#8170=CARTESIAN_POINT('',(0.095049119923275,0.0587156611153005,0.00750000000000017));
#8171=CARTESIAN_POINT('',(0.095049119923275,0.0587156611153005,0.00109999999632001));
#8172=CARTESIAN_POINT('',(0.0957377174186555,0.0578531909249631,0.0075000000000002));
#8173=CARTESIAN_POINT('',(0.0957377174186555,0.0578531909249631,0.00109999999632003));
#8174=CARTESIAN_POINT('',(0.0962011546909315,0.0564281993995708,0.00750000000000015));
#8175=CARTESIAN_POINT('',(0.0962011546909315,0.0564281993995708,0.00109999999631999));
#8176=CARTESIAN_POINT('',(0.0964667321536307,0.0549996778944932,0.00750000000000021));
#8177=CARTESIAN_POINT('',(0.0964667321536307,0.0549996778944932,0.00109999999632004));
#8178=CARTESIAN_POINT('',(0.096675081101007,0.0531796330934744,0.00750000000000014));
#8179=CARTESIAN_POINT('',(0.096675081101007,0.0531796330934744,0.00109999999631997));
#8180=CARTESIAN_POINT('',(0.0968732828956195,0.0509923384968314,0.00750000000000016));
#8181=CARTESIAN_POINT('',(0.0968732828956195,0.0509923384968314,0.00109999999632));
#8182=CARTESIAN_POINT('',(0.0970474009190152,0.0488027987910323,0.00750000000000015));
#8183=CARTESIAN_POINT('',(0.0970474009190152,0.0488027987910323,0.00109999999631998));
#8184=CARTESIAN_POINT('',(0.0972625004485208,0.0458823098977178,0.00750000000000015));
#8185=CARTESIAN_POINT('',(0.0972625004485208,0.0458823098977178,0.00109999999631998));
#8186=CARTESIAN_POINT('',(0.0975145923130284,0.0422304043744866,0.00750000000000013));
#8187=CARTESIAN_POINT('',(0.0975145923130284,0.0422304043744866,0.00109999999631997));
#8188=CARTESIAN_POINT('',(0.097824728823103,0.0378486886690778,0.00750000000000017));
#8189=CARTESIAN_POINT('',(0.097824728823103,0.0378486886690779,0.00109999999632));
#8190=CARTESIAN_POINT('',(0.0982473001956594,0.0320071489563884,0.00749999999999991));
#8191=CARTESIAN_POINT('',(0.0982473001956594,0.0320071489563884,0.00109999999631975));
#8192=CARTESIAN_POINT('',(0.0987794600418488,0.0247048833145619,0.00750000000000022));
#8193=CARTESIAN_POINT('',(0.0987794600418488,0.0247048833145619,0.00109999999632006));
#8194=CARTESIAN_POINT('',(0.0992872593467449,0.0174037771848713,0.0075));
#8195=CARTESIAN_POINT('',(0.0992872593467449,0.0174037771848714,0.00109999999631984));
#8196=CARTESIAN_POINT('',(0.0993540205788908,0.0115783208034838,0.00750000000000024));
#8197=CARTESIAN_POINT('',(0.0993540205788908,0.0115783208034838,0.00109999999632007));
#8198=CARTESIAN_POINT('',(0.0991498894257722,0.00722079096810146,0.0074999999999995));
#8199=CARTESIAN_POINT('',(0.0991498894257722,0.00722079096810147,0.00109999999631934));
#8200=CARTESIAN_POINT('',(0.0987503369519376,0.0028721484240912,0.00750000000000004));
#8201=CARTESIAN_POINT('',(0.0987503369519376,0.00287214842409121,0.00109999999631987));
#8202=CARTESIAN_POINT('',(0.0981893786534964,-0.00146915334716163,0.00750000000000005));
#8203=CARTESIAN_POINT('',(0.0981893786534964,-0.00146915334716162,0.00109999999631989));
#8204=CARTESIAN_POINT('',(0.0974847499437527,-0.0058039210766813,0.00750000000000004));
#8205=CARTESIAN_POINT('',(0.0974847499437527,-0.00580392107668129,0.00109999999631987));
#8206=CARTESIAN_POINT('',(0.0966404239704114,-0.00867673077965006,0.00750000000000004));
#8207=CARTESIAN_POINT('',(0.0966404239704114,-0.00867673077965004,0.00109999999631987));
#8208=CARTESIAN_POINT('',(0.0962310250104167,-0.0101137161343363,0.00750000000000003));
#8209=CARTESIAN_POINT('',(0.0962310250104167,-0.0101137161343363,0.00109999999631987));
#8210=CARTESIAN_POINT('',(0.096231025010426,-0.0101137161343008,0.00184999950041208));
#8211=CARTESIAN_POINT('',(0.0962310250104263,-0.0101137161343009,0.0075));
#8212=CARTESIAN_POINT('',(0.0398466305540564,-0.0136778590544218,0.00749999999999956));
#8213=CARTESIAN_POINT('',(0.0399875007861002,-0.0125220131183799,0.0074999999999996));
#8214=CARTESIAN_POINT('',(0.040128371018144,-0.0113661671823202,0.00749999999999965));
#8215=CARTESIAN_POINT('',(0.0402692412501876,-0.0102103212462818,0.00749999999999968));
#8216=CARTESIAN_POINT('',(0.040856498114791,-0.00539185498466211,0.00749999999999985));
#8217=CARTESIAN_POINT('',(0.0415575248382484,0.000360097557898338,0.0075));
#8218=CARTESIAN_POINT('',(0.0418969828136636,0.00613095964510002,0.0075));
#8219=CARTESIAN_POINT('',(0.0419998618861354,0.00800445178595943,0.0075));
#8220=CARTESIAN_POINT('',(0.042047638685257,0.00894138941247924,0.0075));
#8221=CARTESIAN_POINT('',(0.0421918927468014,0.0117521539856593,0.0075));
#8222=CARTESIAN_POINT('',(0.0422873373792768,0.0136260349374595,0.0075));
#8223=CARTESIAN_POINT('',(0.0425736576893756,0.0192476785034384,0.0075));
#8224=CARTESIAN_POINT('',(0.04276429751192,0.0229954534525003,0.0075));
#8225=CARTESIAN_POINT('',(0.0430525568084656,0.0286169956121789,0.0075));
#8226=CARTESIAN_POINT('',(0.0431492023406608,0.0304908137065407,0.00750000000000035));
#8227=CARTESIAN_POINT('',(0.0433424402604602,0.0342384525642405,0.00750000000000036));
#8228=CARTESIAN_POINT('',(0.0435354041222722,0.0379861073133992,0.00750000000000009));
#8229=CARTESIAN_POINT('',(0.043723874528925,0.0417340226187601,0.00750000000000009));
#8230=CARTESIAN_POINT('',(0.0438620626805782,0.0445451426024998,0.0075000000000001));
#8231=CARTESIAN_POINT('',(0.0439075677323504,0.0454822149336991,0.0075000000000001));
#8232=CARTESIAN_POINT('',(0.043997406280999,0.0473564275295804,0.00750000000000011));
#8233=CARTESIAN_POINT('',(0.0440642086994218,0.0487621204048398,0.0075000000000001));
#8234=CARTESIAN_POINT('',(0.044134464322691,0.0501676130435396,0.00750000000000012));
#8235=CARTESIAN_POINT('',(0.0441825485470104,0.0511045358195599,0.00750000000000012));
#8236=CARTESIAN_POINT('',(0.0442070635855968,0.051572969784619,0.00750000000000012));
#8237=CARTESIAN_POINT('',(0.044258522538049,0.0525096968745995,0.00750000000000012));
#8238=CARTESIAN_POINT('',(0.044286047319725,0.0529779563175197,0.00750000000000012));
#8239=CARTESIAN_POINT('',(0.0443507946484396,0.0539139128714581,0.00750000000000012));
#8240=CARTESIAN_POINT('',(0.044387653221802,0.0543816310877396,0.00750000000000012));
#8241=CARTESIAN_POINT('',(0.0444532632965937,0.055082609871139,0.00750000000000012));
#8242=CARTESIAN_POINT('',(0.0444770525580024,0.0553161581773001,0.00750000000000013));
#8243=CARTESIAN_POINT('',(0.0445308660645366,0.0557828932495799,0.00750000000000013));
#8244=CARTESIAN_POINT('',(0.0445607626573692,0.0560160874177189,0.00750000000000013));
#8245=CARTESIAN_POINT('',(0.0446125432954912,0.0563654764955395,0.00750000000000013));
#8246=CARTESIAN_POINT('',(0.0446310696391874,0.0564818661039599,0.00750000000000013));
#8247=CARTESIAN_POINT('',(0.044671819303666,0.05671443094894,0.00750000000000013));
#8248=CARTESIAN_POINT('',(0.0446940442484484,0.056830556901339,0.00750000000000012));
#8249=CARTESIAN_POINT('',(0.044767503842565,0.0571760535984396,0.00750000000000012));
#8250=CARTESIAN_POINT('',(0.044825879705308,0.0574031317658985,0.00750000000000013));
#8251=CARTESIAN_POINT('',(0.044967493297691,0.0578486869654,0.00750000000000013));
#8252=CARTESIAN_POINT('',(0.0450504106381622,0.0580672748382991,0.00750000000000012));
#8253=CARTESIAN_POINT('',(0.045196818112645,0.0583875347097997,0.00750000000000012));
#8254=CARTESIAN_POINT('',(0.0452494049634744,0.0584929787749395,0.00750000000000013));
#8255=CARTESIAN_POINT('',(0.0453338139969406,0.0586492321607004,0.00750000000000013));
#8256=CARTESIAN_POINT('',(0.0453629198809884,0.0587010978282603,0.00750000000000013));
#8257=CARTESIAN_POINT('',(0.045422553660798,0.0588036288958396,0.00750000000000013));
#8258=CARTESIAN_POINT('',(0.0454530800686104,0.0588543016822793,0.00750000000000013));
#8259=CARTESIAN_POINT('',(0.045733817325834,0.0593053445691396,0.00750000000000013));
#8260=CARTESIAN_POINT('',(0.0460259283084702,0.0596707103475786,0.00750000000000014));
#8261=CARTESIAN_POINT('',(0.0465008635527072,0.0601880415502993,0.00750000000000014));
#8262=CARTESIAN_POINT('',(0.0466652690101004,0.0603553944614994,0.00750000000000014));
#8263=CARTESIAN_POINT('',(0.0470018893407016,0.0606835761207609,0.00750000000000014));
#8264=CARTESIAN_POINT('',(0.0471743589291836,0.0608444158801404,0.00750000000000013));
#8265=CARTESIAN_POINT('',(0.0475237108221878,0.0611596243945005,0.00750000000000013));
#8266=CARTESIAN_POINT('',(0.0477007929267174,0.0613142002434799,0.00750000000000014));
#8267=CARTESIAN_POINT('',(0.0480580566278946,0.0616194508977994,0.00750000000000014));
#8268=CARTESIAN_POINT('',(0.0482381502929534,0.0617702363744979,0.00750000000000014));
#8269=CARTESIAN_POINT('',(0.0487817726840776,0.0622183872990387,0.00750000000000014));
#8270=CARTESIAN_POINT('',(0.04914878309072,0.06251137067804,0.00750000000000015));
#8271=CARTESIAN_POINT('',(0.0498882908920432,0.0630904314724994,0.00750000000000015));
#8272=CARTESIAN_POINT('',(0.0502607152824435,0.0633766007716599,0.00750000000000015));
#8273=CARTESIAN_POINT('',(0.051005241218521,0.0639493457047387,0.00750000000000015));
#8274=CARTESIAN_POINT('',(0.0513775824740755,0.0642356196380387,0.00750000000000014));
#8275=CARTESIAN_POINT('',(0.0519403506177145,0.064659673577399,0.00750000000000014));
#8276=CARTESIAN_POINT('',(0.0521286677356135,0.0648001089557795,0.00750000000000015));
#8277=CARTESIAN_POINT('',(0.0525082388180745,0.0650772833756594,0.00750000000000015));
#8278=CARTESIAN_POINT('',(0.0526996596341925,0.06521413309172,0.00750000000000015));
#8279=CARTESIAN_POINT('',(0.053278498806931,0.0656149160548996,0.00750000000000015));
#8280=CARTESIAN_POINT('',(0.0536706901124485,0.0658695800938798,0.00750000000000015));
#8281=CARTESIAN_POINT('',(0.0542769492267145,0.0662158385520986,0.00750000000000015));
#8282=CARTESIAN_POINT('',(0.054482056035965,0.0663252519029403,0.00750000000000015));
#8283=CARTESIAN_POINT('',(0.054899540622163,0.0665296202982582,0.00750000000000015));
#8284=CARTESIAN_POINT('',(0.055111829916292,0.0666247512906999,0.00750000000000015));
#8285=CARTESIAN_POINT('',(0.055436902364219,0.0667542471204801,0.00750000000000015));
#8286=CARTESIAN_POINT('',(0.0555463820593585,0.0667951808795202,0.00750000000000015));
#8287=CARTESIAN_POINT('',(0.0557679033662425,0.066871954030999,0.00750000000000015));
#8288=CARTESIAN_POINT('',(0.055991975887977,0.0669436540962582,0.00750000000000019));
#8289=CARTESIAN_POINT('',(0.0562207667649875,0.0670059717204996,0.00750000000000015));
#8290=CARTESIAN_POINT('',(0.056451717910266,0.0670639936550987,0.00750000000000015));
#8291=CARTESIAN_POINT('',(0.0565676857374505,0.0670907050280789,0.00750000000000015));
#8292=CARTESIAN_POINT('',(0.056915370470579,0.0671645058762991,0.00750000000000015));
#8293=CARTESIAN_POINT('',(0.057147549725279,0.0672055986550593,0.00750000000000017));
#8294=CARTESIAN_POINT('',(0.0576125206874425,0.0672750332611187,0.00750000000000017));
#8295=CARTESIAN_POINT('',(0.0578453201438765,0.067303213758839,0.00750000000000017));
#8296=CARTESIAN_POINT('',(0.058311453656567,0.0673484446609596,0.00750000000000017));
#8297=CARTESIAN_POINT('',(0.0585447927709015,0.0673653897587805,0.00750000000000015));
#8298=CARTESIAN_POINT('',(0.0590118944183215,0.067390464593819,0.00750000000000015));
#8299=CARTESIAN_POINT('',(0.0592456496088035,0.0673987472003006,0.00750000000000015));
#8300=CARTESIAN_POINT('',(0.0597133813282995,0.0674107042588403,0.00750000000000015));
#8301=CARTESIAN_POINT('',(0.059947352688536,0.0674144863222193,0.00750000000000016));
#8302=CARTESIAN_POINT('',(0.060415354621439,0.06742081767662,0.00750000000000016));
#8303=CARTESIAN_POINT('',(0.0611174829823005,0.0674277026641992,0.00750000000000017));
#8304=CARTESIAN_POINT('',(0.0618198933655625,0.067428716090479,0.00750000000000015));
#8305=CARTESIAN_POINT('',(0.0627565227472335,0.0674283558807609,0.00750000000000015));
#8306=CARTESIAN_POINT('',(0.063224870466631,0.0674274881382395,0.00750000000000017));
#8307=CARTESIAN_POINT('',(0.064629846697766,0.067426278297539,0.00750000000000017));
#8308=CARTESIAN_POINT('',(0.0655664740975685,0.0674262218207389,0.00750000000000015));
#8309=CARTESIAN_POINT('',(0.0683763847008245,0.0674252296576992,0.00750000000000015));
#8310=CARTESIAN_POINT('',(0.070249658417748,0.0674237601038996,0.00750000000000016));
#8311=CARTESIAN_POINT('',(0.073996205985286,0.0674266355983004,0.00750000000000017));
#8312=CARTESIAN_POINT('',(0.075869631475009,0.0674310805232583,0.00750000000000016));
#8313=CARTESIAN_POINT('',(0.0786791859596265,0.0674166154207381,0.00750000000000016));
#8314=CARTESIAN_POINT('',(0.0796156420613245,0.0674101996591983,0.00750000000000017));
#8315=CARTESIAN_POINT('',(0.0810183509952495,0.0673498408179398,0.00750000000000017));
#8316=CARTESIAN_POINT('',(0.0814855900076945,0.0673212286302203,0.00750000000000017));
#8317=CARTESIAN_POINT('',(0.0821857064761775,0.0672592501476999,0.00750000000000017));
#8318=CARTESIAN_POINT('',(0.0824189538987575,0.0672353867636204,0.00750000000000017));
#8319=CARTESIAN_POINT('',(0.082885133075257,0.0671795517727993,0.00750000000000017));
#8320=CARTESIAN_POINT('',(0.0831183820465305,0.0671476678664007,0.00750000000000016));
#8321=CARTESIAN_POINT('',(0.083580808896265,0.0670724799066793,0.00750000000000016));
#8322=CARTESIAN_POINT('',(0.0838102309044785,0.0670289533680393,0.00750000000000017));
#8323=CARTESIAN_POINT('',(0.0842647746026175,0.0669276591085399,0.00750000000000017));
#8324=CARTESIAN_POINT('',(0.084489936372849,0.0668700241199201,0.00750000000000017));
#8325=CARTESIAN_POINT('',(0.0849355569119605,0.0667391794120196,0.00750000000000017));
#8326=CARTESIAN_POINT('',(0.0851559898640395,0.0666658841962988,0.00750000000000017));
#8327=CARTESIAN_POINT('',(0.0855917247230805,0.0665023014997193,0.00750000000000017));
#8328=CARTESIAN_POINT('',(0.085807078921916,0.0664121871916592,0.00750000000000017));
#8329=CARTESIAN_POINT('',(0.086126360267351,0.0662645971693987,0.00750000000000017));
#8330=CARTESIAN_POINT('',(0.086232161513509,0.0662133278314396,0.00750000000000016));
#8331=CARTESIAN_POINT('',(0.086442504686458,0.0661066187208395,0.00750000000000016));
#8332=CARTESIAN_POINT('',(0.0865466990303055,0.0660513220477395,0.00750000000000017));
#8333=CARTESIAN_POINT('',(0.086855048022184,0.0658809739278397,0.00750000000000017));
#8334=CARTESIAN_POINT('',(0.087055680914235,0.0657611479821991,0.00750000000000017));
#8335=CARTESIAN_POINT('',(0.0876459147110945,0.0653868664078203,0.00750000000000017));
#8336=CARTESIAN_POINT('',(0.0880235931786785,0.0651172801784785,0.00750000000000016));
#8337=CARTESIAN_POINT('',(0.0885797053085535,0.0646996952671586,0.00750000000000016));
#8338=CARTESIAN_POINT('',(0.0887634972679315,0.0645584967261392,0.00750000000000017));
#8339=CARTESIAN_POINT('',(0.089128991709645,0.0642734479175999,0.00750000000000016));
#8340=CARTESIAN_POINT('',(0.0893105809903905,0.0641294539874995,0.00750000000000017));
#8341=CARTESIAN_POINT('',(0.089852183204308,0.0636934547419781,0.00750000000000017));
#8342=CARTESIAN_POINT('',(0.0902091271972045,0.0633975546767793,0.00750000000000017));
#8343=CARTESIAN_POINT('',(0.09091501124313,0.0627955968566791,0.00750000000000017));
#8344=CARTESIAN_POINT('',(0.091263802068634,0.0624893497191987,0.00750000000000016));
#8345=CARTESIAN_POINT('',(0.09195524152233,0.0618690604663392,0.00750000000000016));
#8346=CARTESIAN_POINT('',(0.092298166171064,0.0615553686448198,0.00750000000000017));
#8347=CARTESIAN_POINT('',(0.092806272811467,0.0610768606289405,0.00750000000000017));
#8348=CARTESIAN_POINT('',(0.092974590665378,0.0609160086654583,0.00750000000000017));
#8349=CARTESIAN_POINT('',(0.0933079314589705,0.0605918869021789,0.00750000000000017));
#8350=CARTESIAN_POINT('',(0.0934730450702705,0.0604285343635986,0.00750000000000016));
#8351=CARTESIAN_POINT('',(0.093963021170621,0.0599340256560392,0.00750000000000015));
#8352=CARTESIAN_POINT('',(0.0942823959701855,0.0595983163793008,0.00750000000000016));
#8353=CARTESIAN_POINT('',(0.094736916613972,0.0590743904616584,0.00750000000000016));
#8354=CARTESIAN_POINT('',(0.094884332768925,0.0588963544345003,0.00750000000000013));
#8355=CARTESIAN_POINT('',(0.095168666093654,0.0585315714261991,0.00750000000000013));
#8356=CARTESIAN_POINT('',(0.095306086305702,0.0583452418165997,0.00750000000000016));
#8357=CARTESIAN_POINT('',(0.0954985796392605,0.0580544328662409,0.00750000000000016));
#8358=CARTESIAN_POINT('',(0.095560435540939,0.0579555811633199,0.00750000000000015));
#8359=CARTESIAN_POINT('',(0.09567770644045,0.0577525337726605,0.00750000000000015));
#8360=CARTESIAN_POINT('',(0.0957329518261305,0.0576481973586205,0.00750000000000017));
#8361=CARTESIAN_POINT('',(0.095810128392982,0.0574869705195393,0.00750000000000017));
#8362=CARTESIAN_POINT('',(0.095835017612427,0.0574323132904997,0.00750000000000017));
#8363=CARTESIAN_POINT('',(0.095882694985439,0.05732240870414,0.00750000000000017));
#8364=CARTESIAN_POINT('',(0.0959054511925845,0.0572672568963597,0.00750000000000015));
#8365=CARTESIAN_POINT('',(0.095970776154544,0.057101258919559,0.00750000000000015));
#8366=CARTESIAN_POINT('',(0.0960896772516855,0.0567670975091392,0.00750000000000017));
#8367=CARTESIAN_POINT('',(0.0961795225182975,0.0564275807430992,0.00750000000000015));
#8368=CARTESIAN_POINT('',(0.096282845806257,0.0559718560193385,0.00750000000000015));
#8369=CARTESIAN_POINT('',(0.096326321343209,0.0557424848548198,0.00750000000000017));
#8370=CARTESIAN_POINT('',(0.0964051680186775,0.0552822487830191,0.00750000000000017));
#8371=CARTESIAN_POINT('',(0.0964401970330305,0.055051320817979,0.00750000000000015));
#8372=CARTESIAN_POINT('',(0.0965045055031075,0.0545884051717795,0.00750000000000015));
#8373=CARTESIAN_POINT('',(0.096533874148315,0.0543564339293994,0.00750000000000014));
#8374=CARTESIAN_POINT('',(0.096589193490999,0.05389186147376,0.00750000000000014));
#8375=CARTESIAN_POINT('',(0.09661512531078,0.0536592567811383,0.00750000000000014));
#8376=CARTESIAN_POINT('',(0.096665246007933,0.0531937261496793,0.00750000000000014));
#8377=CARTESIAN_POINT('',(0.096689324115451,0.0529607797945211,0.00750000000000015));
#8378=CARTESIAN_POINT('',(0.096758643526205,0.0522614034741391,0.00750000000000015));
#8379=CARTESIAN_POINT('',(0.0968005308889865,0.0517947351277392,0.00750000000000015));
#8380=CARTESIAN_POINT('',(0.097001071240302,0.0494609660015399,0.00750000000000014));
#8381=CARTESIAN_POINT('',(0.0971387043776265,0.0475922621936409,0.00750000000000014));
#8382=CARTESIAN_POINT('',(0.0973371935501615,0.0447886169238601,0.00750000000000013));
#8383=CARTESIAN_POINT('',(0.0974021401558285,0.0438539784100591,0.00750000000000013));
#8384=CARTESIAN_POINT('',(0.0975330291385105,0.0419847751293592,0.00750000000000013));
#8385=CARTESIAN_POINT('',(0.0975986818910345,0.0410501889128589,0.00750000000000012));
#8386=CARTESIAN_POINT('',(0.0977307929392625,0.0391810761384601,0.00750000000000012));
#8387=CARTESIAN_POINT('',(0.0977972589237085,0.0382465501499994,0.00750000000000011));
#8388=CARTESIAN_POINT('',(0.0979313527096415,0.0363775842173606,0.00750000000000011));
#8389=CARTESIAN_POINT('',(0.097998921654569,0.0354431399142782,0.0075));
#8390=CARTESIAN_POINT('',(0.0981341902324535,0.0335742609868604,0.0075));
#8391=CARTESIAN_POINT('',(0.0982018908017005,0.0326398132380792,0.0075000000000001));
#8392=CARTESIAN_POINT('',(0.0983365031342685,0.0307709448861005,0.0075000000000001));
#8393=CARTESIAN_POINT('',(0.098403322033449,0.029836532870819,0.0075000000000001));
#8394=CARTESIAN_POINT('',(0.0985378442941865,0.027967668615279,0.0075000000000001));
#8395=CARTESIAN_POINT('',(0.098605986278217,0.0270331964266593,0.0075000000000001));
#8396=CARTESIAN_POINT('',(0.0987418081796855,0.025164273064,0.00750000000000009));
#8397=CARTESIAN_POINT('',(0.0988092472874795,0.0242298328418986,0.0075000000000001));
#8398=CARTESIAN_POINT('',(0.0990042607098205,0.0214268443539005,0.0075000000000001));
#8399=CARTESIAN_POINT('',(0.099125628490629,0.0195585783585593,0.00750000000000009));
#8400=CARTESIAN_POINT('',(0.0992511720567925,0.0167587493303198,0.0075));
#8401=CARTESIAN_POINT('',(0.0992835788319455,0.01582590236392,0.0075));
#8402=CARTESIAN_POINT('',(0.099322299145561,0.0139613951405177,0.0075));
#8403=CARTESIAN_POINT('',(0.0993285833273575,0.0130297362186393,0.0075));
#8404=CARTESIAN_POINT('',(0.099313896201729,0.0116333445030001,0.0075));
#8405=CARTESIAN_POINT('',(0.0993049783812535,0.0111680635217599,0.0075));
#8406=CARTESIAN_POINT('',(0.0992783627476245,0.0102379008695994,0.0075));
#8407=CARTESIAN_POINT('',(0.0992607122456705,0.00977301704702071,0.0075));
#8408=CARTESIAN_POINT('',(0.0991960012903145,0.00837890039406019,0.0075));
#8409=CARTESIAN_POINT('',(0.0991372112532065,0.00745020102021953,0.00749999999999963));
#8410=CARTESIAN_POINT('',(0.0989236582605385,0.00466579396041844,0.00749999999999963));
#8411=CARTESIAN_POINT('',(0.098730903226131,0.00281181413819809,0.0075));
#8412=CARTESIAN_POINT('',(0.098437881667773,0.000496707835198503,0.0075));
#8413=CARTESIAN_POINT('',(0.09837667573375,3.38048952990239E-5,0.0075));
#8414=CARTESIAN_POINT('',(0.0982493101997395,-0.000891775693899536,0.0075));
#8415=CARTESIAN_POINT('',(0.098183103605932,-0.00135445120590028,0.0075));
#8416=CARTESIAN_POINT('',(0.0980441901799145,-0.00227950660182153,0.0075));
#8417=CARTESIAN_POINT('',(0.0979715092296075,-0.00274188766284134,0.0075));
#8418=CARTESIAN_POINT('',(0.097818066275852,-0.00366628226196043,0.0075));
#8419=CARTESIAN_POINT('',(0.097737061084352,-0.00412828474000016,0.0075));
#8420=CARTESIAN_POINT('',(0.097602788173773,-0.00482070790462075,0.0075));
#8421=CARTESIAN_POINT('',(0.097555865690296,-0.00505141716986124,0.0075));
#8422=CARTESIAN_POINT('',(0.097456817251359,-0.00551259904860047,0.0075));
#8423=CARTESIAN_POINT('',(0.0974048117313535,-0.00574307713947953,0.0075));
#8424=CARTESIAN_POINT('',(0.097242442431415,-0.00643422249217985,0.0075));
#8425=CARTESIAN_POINT('',(0.0971257135199975,-0.00689460027049904,0.0075));
#8426=CARTESIAN_POINT('',(0.09675917297175,-0.00827498984090092,0.0075));
#8427=CARTESIAN_POINT('',(0.094789346437917,-0.0150775640488003,0.0075));
#8428=CARTESIAN_POINT('',(0.0930515702422955,-0.0218906918079807,0.00749999999999975));
#8429=CARTESIAN_POINT('',(0.091629540075477,-0.0277868064433804,0.00749999999999938));
#8430=CARTESIAN_POINT('',(0.0945749669579302,0.059261057007703,0.00749999999999753));
#8431=CARTESIAN_POINT('',(0.0945749669579302,0.059261057007703,0.0324999999999976));
#8432=CARTESIAN_POINT('',(0.0945749669579302,0.059261057007703,0.00249999999999754));
#8433=CARTESIAN_POINT('',(0.0945749668206045,0.0592610568160392,0.00184999950041212));
#8434=CARTESIAN_POINT('',(0.0945749665795516,0.0592610566899046,0.00109999999631987));
#8435=CARTESIAN_POINT('',(0.0945749665795517,0.0592610566899046,0.));
#8436=CARTESIAN_POINT('',(0.0950257564007876,0.058742652248614,0.00109999999631987));
#8437=CARTESIAN_POINT('',(0.0950257564007876,0.058742652248614,0.));
#8438=CARTESIAN_POINT('',(0.0958860116003924,0.0576066480858049,0.00109999999631987));
#8439=CARTESIAN_POINT('',(0.0958860116003925,0.0576066480858049,-2.16840434497101E-19));
#8440=CARTESIAN_POINT('',(0.0968536610164473,0.0558097758494552,0.00109999999631987));
#8441=CARTESIAN_POINT('',(0.0968536610164473,0.0558097758494552,0.));
#8442=CARTESIAN_POINT('',(0.0975100538169401,0.0542353971733279,0.00109999999631987));
#8443=CARTESIAN_POINT('',(0.0975100538169401,0.0542353971733279,0.));
#8444=CARTESIAN_POINT('',(0.0979293562399809,0.0530232556664213,0.00109999999631987));
#8445=CARTESIAN_POINT('',(0.0979293562399809,0.0530232556664213,0.));
#8446=CARTESIAN_POINT('',(0.0982654430518742,0.0518148228612767,0.00109999999631987));
#8447=CARTESIAN_POINT('',(0.0982654430518743,0.0518148228612767,-2.16840434497101E-19));
#8448=CARTESIAN_POINT('',(0.0984730898674233,0.050836214807563,0.00109999999631987));
#8449=CARTESIAN_POINT('',(0.0984730898674233,0.050836214807563,-2.16840434497101E-19));
#8450=CARTESIAN_POINT('',(0.0985991795860902,0.0500789998965785,0.00109999999631987));
#8451=CARTESIAN_POINT('',(0.0985991795860903,0.0500789998965784,4.33680868994202E-19));
#8452=CARTESIAN_POINT('',(0.0986759183836581,0.0495242838924329,0.00109999999631987));
#8453=CARTESIAN_POINT('',(0.0986759183836581,0.0495242838924329,-4.33680868994202E-19));
#8454=CARTESIAN_POINT('',(0.0987274418392604,0.0490722427231249,0.00109999999631987));
#8455=CARTESIAN_POINT('',(0.0987274418392604,0.0490722427231249,4.33680868994202E-19));
#8456=CARTESIAN_POINT('',(0.0987631939891081,0.04871582463072,0.00109999999631987));
#8457=CARTESIAN_POINT('',(0.0987631939891081,0.04871582463072,-2.16840434497101E-19));
#8458=CARTESIAN_POINT('',(0.0987879622599509,0.0484498209547856,0.00109999999631987));
#8459=CARTESIAN_POINT('',(0.098787962259951,0.0484498209547856,0.));
#8460=CARTESIAN_POINT('',(0.0988072226138841,0.0482315117213869,0.00109999999631987));
#8461=CARTESIAN_POINT('',(0.0988072226138841,0.0482315117213869,2.16840434497101E-19));
#8462=CARTESIAN_POINT('',(0.0988207786131301,0.0480747287571088,0.00109999999631987));
#8463=CARTESIAN_POINT('',(0.0988207786131301,0.0480747287571087,-4.33680868994202E-19));
#8464=CARTESIAN_POINT('',(0.0988270254817819,0.0480022110505337,0.00109999999631987));
#8465=CARTESIAN_POINT('',(0.098827025481782,0.0480022110505337,1.0842021724855E-18));
#8466=CARTESIAN_POINT('',(0.0988314027903824,0.0479513720308343,0.00109999999631987));
#8467=CARTESIAN_POINT('',(0.0988314027903824,0.0479513720308343,-1.73472347597681E-18));
#8468=CARTESIAN_POINT('',(0.0988427178491313,0.0478200175557985,0.00109999999631987));
#8469=CARTESIAN_POINT('',(0.0988427178491313,0.0478200175557985,-8.67361737988404E-19));
#8470=CARTESIAN_POINT('',(0.0988544994824115,0.0476833474308302,0.00109999999631987));
#8471=CARTESIAN_POINT('',(0.0988544994824115,0.0476833474308302,2.16840434497101E-19));
#8472=CARTESIAN_POINT('',(0.0988746969446637,0.0474492161755283,0.00109999999631987));
#8473=CARTESIAN_POINT('',(0.0988746969446637,0.0474492161755283,-4.33680868994202E-19));
#8474=CARTESIAN_POINT('',(0.0989094818064574,0.0470464378148626,0.00109999999631987));
#8475=CARTESIAN_POINT('',(0.0989094818064574,0.0470464378148626,0.));
#8476=CARTESIAN_POINT('',(0.0989596442200861,0.0464666350816952,0.00109999999631987));
#8477=CARTESIAN_POINT('',(0.0989596442200861,0.0464666350816952,-2.16840434497101E-19));
#8478=CARTESIAN_POINT('',(0.0990198918093627,0.0457712760445604,0.00109999999631987));
#8479=CARTESIAN_POINT('',(0.0990198918093627,0.0457712760445604,0.));
#8480=CARTESIAN_POINT('',(0.0991004649079921,0.044841778667104,0.00109999999631987));
#8481=CARTESIAN_POINT('',(0.0991004649079922,0.044841778667104,-4.33680868994202E-19));
#8482=CARTESIAN_POINT('',(0.0992418004947855,0.0432102042877685,0.00109999999631987));
#8483=CARTESIAN_POINT('',(0.0992418004947855,0.0432102042877685,2.16840434497101E-19));
#8484=CARTESIAN_POINT('',(0.0994438416442526,0.0408614424550638,0.00109999999631987));
#8485=CARTESIAN_POINT('',(0.0994438416442526,0.0408614424550638,-2.16840434497101E-19));
#8486=CARTESIAN_POINT('',(0.0998434763800335,0.0361010303653102,0.00109999999631987));
#8487=CARTESIAN_POINT('',(0.0998434763800335,0.0361010303653102,5.42101086242752E-20));
#8488=CARTESIAN_POINT('',(0.100224708328002,0.0311836156152553,0.00109999999631987));
#8489=CARTESIAN_POINT('',(0.100224708328002,0.0311836156152553,3.61400724161835E-19));
#8490=CARTESIAN_POINT('',(0.100558954266414,0.0260162318376246,0.00109999999631987));
#8491=CARTESIAN_POINT('',(0.100558954266414,0.0260162318376246,0.));
#8492=CARTESIAN_POINT('',(0.10071194987553,0.0233622778898046,0.00109999999631987));
#8493=CARTESIAN_POINT('',(0.10071194987553,0.0233622778898046,4.33680868994202E-19));
#8494=CARTESIAN_POINT('',(0.100824439481107,0.0211923473256952,0.00109999999631987));
#8495=CARTESIAN_POINT('',(0.100824439481107,0.0211923473256952,-2.16840434497101E-19));
#8496=CARTESIAN_POINT('',(0.100890323098482,0.01981559879333,0.00109999999631987));
#8497=CARTESIAN_POINT('',(0.100890323098482,0.01981559879333,-2.16840434497101E-19));
#8498=CARTESIAN_POINT('',(0.100940190149726,0.0187015051120103,0.00109999999631987));
#8499=CARTESIAN_POINT('',(0.100940190149726,0.0187015051120103,2.16840434497101E-19));
#8500=CARTESIAN_POINT('',(0.100976145845368,0.0178588990328638,0.00109999999631987));
#8501=CARTESIAN_POINT('',(0.100976145845368,0.0178588990328638,-2.16840434497101E-19));
#8502=CARTESIAN_POINT('',(0.101004800046302,0.0171525864543436,0.00109999999631987));
#8503=CARTESIAN_POINT('',(0.101004800046302,0.0171525864543436,2.16840434497101E-19));
#8504=CARTESIAN_POINT('',(0.101027068571959,0.0165808264653486,0.00109999999631987));
#8505=CARTESIAN_POINT('',(0.101027068571959,0.0165808264653486,-4.33680868994202E-19));
#8506=CARTESIAN_POINT('',(0.101040384127784,0.0162294909573949,0.00109999999631987));
#8507=CARTESIAN_POINT('',(0.101040384127784,0.0162294909573949,-1.30104260698261E-18));
#8508=CARTESIAN_POINT('',(0.101050080667934,0.0159678391312394,0.00109999999631987));
#8509=CARTESIAN_POINT('',(0.101050080667934,0.0159678391312393,1.30104260698261E-18));
#8510=CARTESIAN_POINT('',(0.101054710580566,0.0158414939395914,0.00109999999631987));
#8511=CARTESIAN_POINT('',(0.101054710580566,0.0158414939395914,-2.16840434497101E-19));
#8512=CARTESIAN_POINT('',(0.101056900167365,0.0157814328743977,0.00109999999631987));
#8513=CARTESIAN_POINT('',(0.101056900167365,0.0157814328743977,4.33680868994202E-19));
#8514=CARTESIAN_POINT('',(0.101060434383269,0.0156836671710752,0.00109999999631987));
#8515=CARTESIAN_POINT('',(0.101060434383269,0.0156836671710752,-4.33680868994202E-19));
#8516=CARTESIAN_POINT('',(0.101068066744788,0.0154673989654953,0.00109999999631987));
#8517=CARTESIAN_POINT('',(0.101068066744788,0.0154673989654952,6.50521303491303E-19));
#8518=CARTESIAN_POINT('',(0.101083765288867,0.0149857534677554,0.00109999999631987));
#8519=CARTESIAN_POINT('',(0.101083765288867,0.0149857534677554,-6.50521303491303E-19));
#8520=CARTESIAN_POINT('',(0.101098445153408,0.0142331784061337,0.00109999999631987));
#8521=CARTESIAN_POINT('',(0.101098445153408,0.0142331784061336,2.16840434497101E-19));
#8522=CARTESIAN_POINT('',(0.10108968089322,0.0132701786889066,0.00109999999631987));
#8523=CARTESIAN_POINT('',(0.10108968089322,0.0132701786889065,-6.50521303491303E-19));
#8524=CARTESIAN_POINT('',(0.101031820706962,0.0118896045665833,0.00109999999631987));
#8525=CARTESIAN_POINT('',(0.101031820706962,0.0118896045665833,2.16840434497101E-19));
#8526=CARTESIAN_POINT('',(0.100858583269128,0.00995487441006384,0.00109999999631987));
#8527=CARTESIAN_POINT('',(0.100858583269128,0.00995487441006382,0.));
#8528=CARTESIAN_POINT('',(0.100477599983468,0.00730933392300022,0.00109999999631987));
#8529=CARTESIAN_POINT('',(0.100477599983468,0.0073093339230002,-2.16840434497101E-19));
#8530=CARTESIAN_POINT('',(0.0997692432297209,0.00347766934554701,0.00109999999631987));
#8531=CARTESIAN_POINT('',(0.0997692432297209,0.00347766934554699,4.33680868994202E-19));
#8532=CARTESIAN_POINT('',(0.0986152763036156,-0.0015203050696127,0.00109999999631987));
#8533=CARTESIAN_POINT('',(0.0986152763036156,-0.00152030506961271,2.16840434497101E-19));
#8534=CARTESIAN_POINT('',(0.0972528176585973,-0.00657873363114781,0.00109999999631987));
#8535=CARTESIAN_POINT('',(0.0972528176585974,-0.00657873363114783,0.));
#8536=CARTESIAN_POINT('',(0.0965602645361298,-0.00895808941598838,0.00109999999631987));
#8537=CARTESIAN_POINT('',(0.0965602645361298,-0.0089580894159884,0.));
#8538=CARTESIAN_POINT('',(0.0962310250104239,-0.0101137161343062,0.00109999999631987));
#8539=CARTESIAN_POINT('',(0.0962310250104239,-0.0101137161343062,0.));
#8540=CARTESIAN_POINT('',(0.0945749666208635,0.0592610566424003,0.000549999998159935));
#8541=CARTESIAN_POINT('',(0.096231025010426,-0.0101137161343008,0.000549999998159935));
#8542=CARTESIAN_POINT('',(0.0508787747976767,-0.0384169133291334,9.26210143967203E-22));
#8543=CARTESIAN_POINT('',(0.0508787747976765,-0.038416913329133,0.00750000000000346));
#8544=CARTESIAN_POINT('',(0.0511236138210821,-0.0389434003979378,9.26210143967203E-22));
#8545=CARTESIAN_POINT('',(0.0511236138210819,-0.0389434003979374,0.00750000000000346));
#8546=CARTESIAN_POINT('',(0.05165366560715,-0.039974286453016,9.26210143967203E-22));
#8547=CARTESIAN_POINT('',(0.0516536656071498,-0.0399742864530156,0.00750000000000346));
#8548=CARTESIAN_POINT('',(0.0526218689472874,-0.0412616547543597,9.26210143967203E-22));
#8549=CARTESIAN_POINT('',(0.0526218689472872,-0.0412616547543593,0.00750000000000346));
#8550=CARTESIAN_POINT('',(0.0537974026088023,-0.0422053300740229,9.26210143967203E-22));
#8551=CARTESIAN_POINT('',(0.0537974026088021,-0.0422053300740225,0.00750000000000346));
#8552=CARTESIAN_POINT('',(0.0551919093988993,-0.042803076055751,9.26210143967203E-22));
#8553=CARTESIAN_POINT('',(0.0551919093988991,-0.0428030760557505,0.00750000000000346));
#8554=CARTESIAN_POINT('',(0.0565241593598946,-0.0430596586940654,9.26210143967203E-22));
#8555=CARTESIAN_POINT('',(0.0565241593598944,-0.043059658694065,0.00750000000000346));
#8556=CARTESIAN_POINT('',(0.0575252222751713,-0.0431516699210036,9.26210143967203E-22));
#8557=CARTESIAN_POINT('',(0.0575252222751711,-0.0431516699210032,0.00750000000000346));
#8558=CARTESIAN_POINT('',(0.0581121849331786,-0.0431854689614036,9.26210143967203E-22));
#8559=CARTESIAN_POINT('',(0.0581121849331784,-0.0431854689614032,0.00750000000000346));
#8560=CARTESIAN_POINT('',(0.058557979053779,-0.0432029300303663,9.26210143967204E-22));
#8561=CARTESIAN_POINT('',(0.0585579790537788,-0.0432029300303659,0.00750000000000346));
#8562=CARTESIAN_POINT('',(0.0589346948265866,-0.0432121613787044,9.26210143967203E-22));
#8563=CARTESIAN_POINT('',(0.0589346948265864,-0.043212161378704,0.00750000000000346));
#8564=CARTESIAN_POINT('',(0.0592342172435724,-0.04321704467911,9.26210143967203E-22));
#8565=CARTESIAN_POINT('',(0.0592342172435722,-0.0432170446791096,0.00750000000000346));
#8566=CARTESIAN_POINT('',(0.0594292697809676,-0.043219242499009,9.26210143967204E-22));
#8567=CARTESIAN_POINT('',(0.0594292697809674,-0.0432192424990086,0.00750000000000346));
#8568=CARTESIAN_POINT('',(0.0595683806248746,-0.0432204570212734,9.26210143967203E-22));
#8569=CARTESIAN_POINT('',(0.0595683806248744,-0.043220457021273,0.00750000000000346));
#8570=CARTESIAN_POINT('',(0.0597194466491862,-0.0432214075356792,9.26210143967203E-22));
#8571=CARTESIAN_POINT('',(0.059719446649186,-0.0432214075356787,0.00750000000000346));
#8572=CARTESIAN_POINT('',(0.0596922394157713,-0.0432212293540196,9.26210143967203E-22));
#8573=CARTESIAN_POINT('',(0.0596922394157712,-0.0432212293540192,0.00750000000000346));
#8574=CARTESIAN_POINT('',(0.059716805351919,-0.0432213755881036,9.26210143967203E-22));
#8575=CARTESIAN_POINT('',(0.0597168053519188,-0.0432213755881032,0.00750000000000346));
#8576=CARTESIAN_POINT('',(0.0597267166715557,-0.0432214234376437,9.26210143967203E-22));
#8577=CARTESIAN_POINT('',(0.0597267166715555,-0.0432214234376433,0.00750000000000346));
#8578=CARTESIAN_POINT('',(0.059767620107469,-0.0432216367684748,9.26210143967206E-22));
#8579=CARTESIAN_POINT('',(0.0597676201074688,-0.0432216367684744,0.00750000000000346));
#8580=CARTESIAN_POINT('',(0.0598217866309403,-0.0432218745597953,9.26210143967202E-22));
#8581=CARTESIAN_POINT('',(0.0598217866309401,-0.0432218745597949,0.00750000000000346));
#8582=CARTESIAN_POINT('',(0.0598981183064894,-0.0432221454653284,9.26210143967203E-22));
#8583=CARTESIAN_POINT('',(0.0598981183064892,-0.043222145465328,0.00750000000000346));
#8584=CARTESIAN_POINT('',(0.0599733514052977,-0.0432223432283536,9.26210143967203E-22));
#8585=CARTESIAN_POINT('',(0.0599733514052975,-0.0432223432283532,0.00750000000000346));
#8586=CARTESIAN_POINT('',(0.060074046972609,-0.0432225291206158,9.26210143967204E-22));
#8587=CARTESIAN_POINT('',(0.0600740469726088,-0.0432225291206154,0.00750000000000346));
#8588=CARTESIAN_POINT('',(0.0601997860381153,-0.0432226252415379,9.26210143967203E-22));
#8589=CARTESIAN_POINT('',(0.0601997860381151,-0.0432226252415375,0.00750000000000346));
#8590=CARTESIAN_POINT('',(0.0603507310044941,-0.0432225723920385,9.26210143967203E-22));
#8591=CARTESIAN_POINT('',(0.0603507310044939,-0.0432225723920381,0.00750000000000346));
#8592=CARTESIAN_POINT('',(0.0605519729213288,-0.0432223409675805,9.26210143967203E-22));
#8593=CARTESIAN_POINT('',(0.0605519729213286,-0.04322234096758,0.00750000000000346));
#8594=CARTESIAN_POINT('',(0.0608035340375901,-0.0432218715978499,9.26210143967203E-22));
#8595=CARTESIAN_POINT('',(0.0608035340375899,-0.0432218715978495,0.00750000000000346));
#8596=CARTESIAN_POINT('',(0.0611054040334588,-0.0432213984293593,9.26210143967203E-22));
#8597=CARTESIAN_POINT('',(0.0611054040334586,-0.0432213984293589,0.00750000000000346));
#8598=CARTESIAN_POINT('',(0.0614072744316785,-0.0432210044903828,9.26210143967203E-22));
#8599=CARTESIAN_POINT('',(0.0614072744316784,-0.0432210044903824,0.00750000000000346));
#8600=CARTESIAN_POINT('',(0.061809767544483,-0.0432205790579522,9.26210143967203E-22));
#8601=CARTESIAN_POINT('',(0.0618097675444828,-0.0432205790579518,0.00750000000000346));
#8602=CARTESIAN_POINT('',(0.0623128831977777,-0.0432202192720855,9.26210143967203E-22));
#8603=CARTESIAN_POINT('',(0.0623128831977775,-0.0432202192720851,0.00750000000000346));
#8604=CARTESIAN_POINT('',(0.0629166208110114,-0.0432200171757148,9.26210143967203E-22));
#8605=CARTESIAN_POINT('',(0.0629166208110112,-0.0432200171757144,0.00750000000000346));
#8606=CARTESIAN_POINT('',(0.0633191119413799,-0.0432200049455097,9.26210143967203E-22));
#8607=CARTESIAN_POINT('',(0.0633191119413797,-0.0432200049455093,0.00750000000000346));
#8608=CARTESIAN_POINT('',(0.0635203573841992,-0.0432200218222597,9.26210143967203E-22));
#8609=CARTESIAN_POINT('',(0.063520357384199,-0.0432200218222593,0.00750000000000346));
#8610=CARTESIAN_POINT('',(0.063520357384199,-0.0432200218222007,0.00195430017936661));
#8611=CARTESIAN_POINT('',(0.0635193551882325,-0.0432183329885783,0.00130430067711445));
#8612=CARTESIAN_POINT('',(0.063520357384199,-0.0432200218222007,0.00750430067711446));
#8613=CARTESIAN_POINT('',(0.0635183529922659,-0.0432166441549559,0.0013));
#8614=CARTESIAN_POINT('',(0.0508787747973295,-0.0384169133284012,0.));
#8615=CARTESIAN_POINT('',(0.0508787746279266,-0.0384169134071813,0.0075));
#8616=CARTESIAN_POINT('',(0.040059506457114,-0.0116702276089791,0.00750000000000346));
#8617=CARTESIAN_POINT('',(0.0420357710703936,-0.0165763304238008,0.00750000000000346));
#8618=CARTESIAN_POINT('',(0.0440120356836734,-0.0214824332386402,0.00750000000000346));
#8619=CARTESIAN_POINT('',(0.0459883002969529,-0.02638853605346,0.00750000000000346));
#8620=CARTESIAN_POINT('',(0.0479645649102327,-0.0312946388683012,0.00750000000000346));
#8621=CARTESIAN_POINT('',(0.0499408295235126,-0.036200741683121,0.00750000000000346));
#8622=CARTESIAN_POINT('',(0.0501207993973989,-0.0366475192547798,0.00750000000000346));
#8623=CARTESIAN_POINT('',(0.0503007692712854,-0.0370942968264191,0.00750000000000346));
#8624=CARTESIAN_POINT('',(0.0504845487351039,-0.0375393027756806,0.00750000000000346));
#8625=CARTESIAN_POINT('',(0.0515943997279869,-0.0400991841388406,0.00750000000000346));
#8626=CARTESIAN_POINT('',(0.0530885336771379,-0.042480357478201,0.00750000000000346));
#8627=CARTESIAN_POINT('',(0.054875384146343,-0.0430880947772997,0.00750000000000346));
#8628=CARTESIAN_POINT('',(0.0572826240269579,-0.0432072813042,0.00750000000000346));
#8629=CARTESIAN_POINT('',(0.0596904733126219,-0.0432212237019999,0.00750000000000346));
#8630=CARTESIAN_POINT('',(0.0599117345543489,-0.0432225048919007,0.00750000000000346));
#8631=CARTESIAN_POINT('',(0.0601330044876149,-0.043222897412999,0.00750000000000346));
#8632=CARTESIAN_POINT('',(0.0603542801237519,-0.0432227167792013,0.00750000000000346));
#8633=CARTESIAN_POINT('',(0.0618954593510479,-0.0432196642425014,0.00750000000000346));
#8634=CARTESIAN_POINT('',(0.0634366252640869,-0.0432194190931997,0.00750000000000346));
#8635=CARTESIAN_POINT('',(0.0647565093457329,-0.0432202707327994,0.00750000000000346));
#8636=CARTESIAN_POINT('',(0.0673138382006499,-0.0432220449707009,0.00750000000000346));
#8637=CARTESIAN_POINT('',(0.0698711796426249,-0.0432203150159011,0.00750000000000346));
#8638=CARTESIAN_POINT('',(0.0711086310418789,-0.0432191137117,0.00750000000000346));
#8639=CARTESIAN_POINT('',(0.0731145330753639,-0.0432173156243996,0.00750000000000346));
#8640=CARTESIAN_POINT('',(0.0751204158010189,-0.0432169583424996,0.00750000000000346));
#8641=CARTESIAN_POINT('',(0.0758888676212119,-0.0432167247814002,0.00750000000000346));
#8642=CARTESIAN_POINT('',(0.0772484158296689,-0.0432155953510003,0.00750000000000346));
#8643=CARTESIAN_POINT('',(0.0786080255947519,-0.0432122343138007,0.00750000000000346));
#8644=CARTESIAN_POINT('',(0.0791991023270569,-0.0432078859374004,0.00750000000000346));
#8645=CARTESIAN_POINT('',(0.0802454249092449,-0.0431907113026993,0.00750000000000346));
#8646=CARTESIAN_POINT('',(0.0812913524660569,-0.0431490324740017,0.00750000000000346));
#8647=CARTESIAN_POINT('',(0.0817459614712079,-0.0431222349549997,0.00750000000000346));
#8648=CARTESIAN_POINT('',(0.0821995551189319,-0.0430827573594,0.00750000000000346));
#8649=CARTESIAN_POINT('',(0.0826516631337069,-0.0430265798422002,0.00750000000000346));
#8650=CARTESIAN_POINT('',(0.0842730687601039,-0.042825109088401,0.00750000000000346));
#8651=CARTESIAN_POINT('',(0.0858679005735839,-0.0424097763771004,0.00750000000000346));
#8652=CARTESIAN_POINT('',(0.0868784133670529,-0.0415677085153002,0.00750000000000346));
#8653=CARTESIAN_POINT('',(0.0877322125399509,-0.0396383818017403,0.00750000000000346));
#8654=CARTESIAN_POINT('',(0.0883549489705845,-0.037630693358121,0.00750000000000346));
#8655=CARTESIAN_POINT('',(0.0884876416021504,-0.0371749410019414,0.00750000000000346));
#8656=CARTESIAN_POINT('',(0.0886164115056579,-0.0367178583068418,0.00750000000000346));
#8657=CARTESIAN_POINT('',(0.0887451814091659,-0.0362607756117405,0.00750000000000346));
#8658=CARTESIAN_POINT('',(0.0897195357924969,-0.0328021993809812,0.00750000000000346));
#8659=CARTESIAN_POINT('',(0.0906938901758279,-0.0293436231502005,0.00750000000000346));
#8660=CARTESIAN_POINT('',(0.0916682445591594,-0.0258850469194413,0.00750000000000346));
#8661=CARTESIAN_POINT('',(0.0926425989424904,-0.0224264706886802,0.00750000000000346));
#8662=CARTESIAN_POINT('',(0.0936169533258219,-0.0189678944578996,0.00750000000000346));
#8663=CARTESIAN_POINT('',(0.0551822875005223,-0.0427414143027601,0.0075));
#8664=CARTESIAN_POINT('',(0.040059506457114,-0.0116702276089791,0.00750000000000346));
#8665=CARTESIAN_POINT('',(0.0420357710703936,-0.0165763304238008,0.00750000000000346));
#8666=CARTESIAN_POINT('',(0.0440120356836734,-0.0214824332386402,0.00750000000000346));
#8667=CARTESIAN_POINT('',(0.0459883002969529,-0.02638853605346,0.00750000000000346));
#8668=CARTESIAN_POINT('',(0.0479645649102327,-0.0312946388683012,0.00750000000000346));
#8669=CARTESIAN_POINT('',(0.0499408295235126,-0.036200741683121,0.00750000000000346));
#8670=CARTESIAN_POINT('',(0.0501207993973989,-0.0366475192547798,0.00750000000000346));
#8671=CARTESIAN_POINT('',(0.0503007692712854,-0.0370942968264191,0.00750000000000346));
#8672=CARTESIAN_POINT('',(0.0504845487351039,-0.0375393027756806,0.00750000000000346));
#8673=CARTESIAN_POINT('',(0.0515943997279869,-0.0400991841388406,0.00750000000000346));
#8674=CARTESIAN_POINT('',(0.0530885336771379,-0.042480357478201,0.00750000000000346));
#8675=CARTESIAN_POINT('',(0.054875384146343,-0.0430880947772997,0.00750000000000346));
#8676=CARTESIAN_POINT('',(0.0572826240269579,-0.0432072813042,0.00750000000000346));
#8677=CARTESIAN_POINT('',(0.0596904733126219,-0.0432212237019999,0.00750000000000346));
#8678=CARTESIAN_POINT('',(0.0599117345543489,-0.0432225048919007,0.00750000000000346));
#8679=CARTESIAN_POINT('',(0.0601330044876149,-0.043222897412999,0.00750000000000346));
#8680=CARTESIAN_POINT('',(0.0603542801237519,-0.0432227167792013,0.00750000000000346));
#8681=CARTESIAN_POINT('',(0.0618954593510479,-0.0432196642425014,0.00750000000000346));
#8682=CARTESIAN_POINT('',(0.0634366252640869,-0.0432194190931997,0.00750000000000346));
#8683=CARTESIAN_POINT('',(0.0647565093457329,-0.0432202707327994,0.00750000000000346));
#8684=CARTESIAN_POINT('',(0.0673138382006499,-0.0432220449707009,0.00750000000000346));
#8685=CARTESIAN_POINT('',(0.0698711796426249,-0.0432203150159011,0.00750000000000346));
#8686=CARTESIAN_POINT('',(0.0711086310418789,-0.0432191137117,0.00750000000000346));
#8687=CARTESIAN_POINT('',(0.0731145330753639,-0.0432173156243996,0.00750000000000346));
#8688=CARTESIAN_POINT('',(0.0751204158010189,-0.0432169583424996,0.00750000000000346));
#8689=CARTESIAN_POINT('',(0.0758888676212119,-0.0432167247814002,0.00750000000000346));
#8690=CARTESIAN_POINT('',(0.0772484158296689,-0.0432155953510003,0.00750000000000346));
#8691=CARTESIAN_POINT('',(0.0786080255947519,-0.0432122343138007,0.00750000000000346));
#8692=CARTESIAN_POINT('',(0.0791991023270569,-0.0432078859374004,0.00750000000000346));
#8693=CARTESIAN_POINT('',(0.0802454249092449,-0.0431907113026993,0.00750000000000346));
#8694=CARTESIAN_POINT('',(0.0812913524660569,-0.0431490324740017,0.00750000000000346));
#8695=CARTESIAN_POINT('',(0.0817459614712079,-0.0431222349549997,0.00750000000000346));
#8696=CARTESIAN_POINT('',(0.0821995551189319,-0.0430827573594,0.00750000000000346));
#8697=CARTESIAN_POINT('',(0.0826516631337069,-0.0430265798422002,0.00750000000000346));
#8698=CARTESIAN_POINT('',(0.0842730687601039,-0.042825109088401,0.00750000000000346));
#8699=CARTESIAN_POINT('',(0.0858679005735839,-0.0424097763771004,0.00750000000000346));
#8700=CARTESIAN_POINT('',(0.0868784133670529,-0.0415677085153002,0.00750000000000346));
#8701=CARTESIAN_POINT('',(0.0877322125399509,-0.0396383818017403,0.00750000000000346));
#8702=CARTESIAN_POINT('',(0.0883549489705845,-0.037630693358121,0.00750000000000346));
#8703=CARTESIAN_POINT('',(0.0884876416021504,-0.0371749410019414,0.00750000000000346));
#8704=CARTESIAN_POINT('',(0.0886164115056579,-0.0367178583068418,0.00750000000000346));
#8705=CARTESIAN_POINT('',(0.0887451814091659,-0.0362607756117405,0.00750000000000346));
#8706=CARTESIAN_POINT('',(0.0897195357924969,-0.0328021993809812,0.00750000000000346));
#8707=CARTESIAN_POINT('',(0.0906938901758279,-0.0293436231502005,0.00750000000000346));
#8708=CARTESIAN_POINT('',(0.0916682445591594,-0.0258850469194413,0.00750000000000346));
#8709=CARTESIAN_POINT('',(0.0926425989424904,-0.0224264706886802,0.00750000000000346));
#8710=CARTESIAN_POINT('',(0.0936169533258219,-0.0189678944578996,0.00750000000000346));
#8711=CARTESIAN_POINT('',(0.088062080349115,-0.0385328774715298,-1.93062782396565E-19));
#8712=CARTESIAN_POINT('',(0.088062080349115,-0.0385328774715298,0.00750000000000001));
#8713=CARTESIAN_POINT('',(0.0884568479568361,-0.0373686251354306,-5.38601355228667E-18));
#8714=CARTESIAN_POINT('',(0.0884568479568361,-0.0373686251354306,0.0075));
#8715=CARTESIAN_POINT('',(0.0891245157478637,-0.0349935585633523,-7.23473569580649E-18));
#8716=CARTESIAN_POINT('',(0.0891245157478637,-0.0349935585633523,0.0075));
#8717=CARTESIAN_POINT('',(0.0904915718276879,-0.0302594873632626,1.54100839943398E-18));
#8718=CARTESIAN_POINT('',(0.0904915718276879,-0.0302594873632626,0.00750000000000001));
#8719=CARTESIAN_POINT('',(0.0921790168623288,-0.02433359505382,-5.24640972196224E-18));
#8720=CARTESIAN_POINT('',(0.0921790168623288,-0.02433359505382,0.0075));
#8721=CARTESIAN_POINT('',(0.0942075959355573,-0.0172245139722386,-1.78671078956439E-17));
#8722=CARTESIAN_POINT('',(0.0942075959355573,-0.0172245139722386,0.00749999999999999));
#8723=CARTESIAN_POINT('',(0.0955557984377875,-0.012483753166121,-1.44320750590552E-17));
#8724=CARTESIAN_POINT('',(0.0955557984377875,-0.012483753166121,0.00749999999999999));
#8725=CARTESIAN_POINT('',(0.0962310250104263,-0.0101137161343009,-1.44801223480834E-17));
#8726=CARTESIAN_POINT('',(0.0962310250104263,-0.0101137161343009,0.00749999999999999));
#8727=CARTESIAN_POINT('',(0.0468879272716202,-0.0281716436916409,0.00750000000000012));
#8728=CARTESIAN_POINT('',(0.0477764677886534,-0.030529143821381,0.0075));
#8729=CARTESIAN_POINT('',(0.048951530928237,-0.0336195913923394,0.0075));
#8730=CARTESIAN_POINT('',(0.0501395057296565,-0.0367045390788015,0.0075));
#8731=CARTESIAN_POINT('',(0.0505962903034105,-0.0377924589790002,0.0075));
#8732=CARTESIAN_POINT('',(0.050754197222062,-0.0381526942192618,0.0075));
#8733=CARTESIAN_POINT('',(0.051005546504771,-0.0386868753487608,0.0075));
#8734=CARTESIAN_POINT('',(0.0510917196127795,-0.0388639176688805,0.0075));
#8735=CARTESIAN_POINT('',(0.051270079503516,-0.0392154407088796,0.0075));
#8736=CARTESIAN_POINT('',(0.051362295435368,-0.0393898918686393,0.0075));
#8737=CARTESIAN_POINT('',(0.051553345014137,-0.0397339545031415,0.0075));
#8738=CARTESIAN_POINT('',(0.051652268074749,-0.0399037472852814,0.0075));
#8739=CARTESIAN_POINT('',(0.0518581500398445,-0.0402380394172397,0.0075));
#8740=CARTESIAN_POINT('',(0.0519650074492495,-0.0404026056246813,0.0075));
#8741=CARTESIAN_POINT('',(0.052189009203157,-0.0407249617513017,0.0075));
#8742=CARTESIAN_POINT('',(0.0523061786077195,-0.0408827351627003,0.0075));
#8743=CARTESIAN_POINT('',(0.052553792632128,-0.0411895372346009,0.0075));
#8744=CARTESIAN_POINT('',(0.0526848261829525,-0.0413390626590609,0.0075));
#8745=CARTESIAN_POINT('',(0.052958392039025,-0.0416223026747815,0.0075));
#8746=CARTESIAN_POINT('',(0.0531011761197765,-0.0417565953779011,0.0075));
#8747=CARTESIAN_POINT('',(0.0534000609748545,-0.0420089213291597,0.0075));
#8748=CARTESIAN_POINT('',(0.053556154852474,-0.0421269629980792,0.0075));
#8749=CARTESIAN_POINT('',(0.053801768258391,-0.0422900176660619,0.0075));
#8750=CARTESIAN_POINT('',(0.0538855954816275,-0.0423419808721608,0.0075));
#8751=CARTESIAN_POINT('',(0.054057016480151,-0.0424413083887814,0.0075));
#8752=CARTESIAN_POINT('',(0.054144590185226,-0.0424886531067994,0.0075));
#8753=CARTESIAN_POINT('',(0.054409012468326,-0.0426225281596811,0.0075));
#8754=CARTESIAN_POINT('',(0.05458874892269,-0.0427016614561406,0.0075));
#8755=CARTESIAN_POINT('',(0.055136355019482,-0.0429144740151806,0.0075));
#8756=CARTESIAN_POINT('',(0.0555124933411565,-0.0430239409167008,0.0075));
#8757=CARTESIAN_POINT('',(0.056088891705034,-0.0431524439088608,0.0075));
#8758=CARTESIAN_POINT('',(0.056283499705384,-0.0431893441174811,0.0075));
#8759=CARTESIAN_POINT('',(0.0566721891305835,-0.0432525367614005,0.0075));
#8760=CARTESIAN_POINT('',(0.056866688428725,-0.04327891212324,0.0075));
#8761=CARTESIAN_POINT('',(0.057839816301217,-0.0433894646929413,0.0075));
#8762=CARTESIAN_POINT('',(0.058620347590167,-0.0434093797652402,0.0075));
#8763=CARTESIAN_POINT('',(0.0601820462570005,-0.043427726691462,0.0075));
#8764=CARTESIAN_POINT('',(0.060963290604277,-0.0434235589870209,0.0075));
#8765=CARTESIAN_POINT('',(0.062525688045425,-0.0434183055636392,0.0075));
#8766=CARTESIAN_POINT('',(0.063306797823148,-0.0434186828009206,0.0075));
#8767=CARTESIAN_POINT('',(0.064868988728944,-0.0434204048865005,0.0075));
#8768=CARTESIAN_POINT('',(0.065650083585372,-0.0434211180027812,0.0075));
#8769=CARTESIAN_POINT('',(0.067212273982021,-0.0434214379428806,0.0075));
#8770=CARTESIAN_POINT('',(0.0695555594690095,-0.0434207951874406,0.0075));
#8771=CARTESIAN_POINT('',(0.0718988440645665,-0.0434185834182994,0.0075));
#8772=CARTESIAN_POINT('',(0.074242129875635,-0.0434177242385001,0.0075));
#8773=CARTESIAN_POINT('',(0.075023226219763,-0.0434180277225807,0.0075));
#8774=CARTESIAN_POINT('',(0.0765854164126505,-0.0434172638582399,0.0075));
#8775=CARTESIAN_POINT('',(0.077366509628213,-0.0434158486626011,0.0075));
#8776=CARTESIAN_POINT('',(0.0785381393952965,-0.0434082014541417,0.0075));
#8777=CARTESIAN_POINT('',(0.078928682939023,-0.0434047315000204,0.0075));
#8778=CARTESIAN_POINT('',(0.079709619215137,-0.0433952906261794,0.0075));
#8779=CARTESIAN_POINT('',(0.080100032995104,-0.0433894473468204,0.0075));
#8780=CARTESIAN_POINT('',(0.081270453143155,-0.0433549546416803,0.0075));
#8781=CARTESIAN_POINT('',(0.082049649041834,-0.0433095638359599,0.0075));
#8782=CARTESIAN_POINT('',(0.0832141157115725,-0.0431520937033411,0.0075));
#8783=CARTESIAN_POINT('',(0.083599378451481,-0.0430852724211803,0.0075));
#8784=CARTESIAN_POINT('',(0.084167577961626,-0.0429451459049019,0.0075));
#8785=CARTESIAN_POINT('',(0.084355440430755,-0.0428918812103394,0.0075));
#8786=CARTESIAN_POINT('',(0.0846342219028795,-0.0427991389934412,0.0075));
#8787=CARTESIAN_POINT('',(0.084726858996875,-0.0427659571942201,0.0075));
#8788=CARTESIAN_POINT('',(0.0849096989041105,-0.0426949635345011,0.0075));
#8789=CARTESIAN_POINT('',(0.084999841236418,-0.0426571886088603,0.0075));
#8790=CARTESIAN_POINT('',(0.0852659803940125,-0.0425362182888005,0.0075));
#8791=CARTESIAN_POINT('',(0.085437633263921,-0.0424452772921402,0.0075));
#8792=CARTESIAN_POINT('',(0.0856847843667105,-0.0422904498286609,0.0075));
#8793=CARTESIAN_POINT('',(0.0857654964634965,-0.0422358600770601,0.0075));
#8794=CARTESIAN_POINT('',(0.0858840211339525,-0.0421494402411007,0.0075));
#8795=CARTESIAN_POINT('',(0.0859231048588285,-0.0421198767158622,0.0075));
#8796=CARTESIAN_POINT('',(0.086000409911824,-0.0420592119465013,0.0075));
#8797=CARTESIAN_POINT('',(0.0860386983015585,-0.0420280512188604,0.0075));
#8798=CARTESIAN_POINT('',(0.0862265489406205,-0.041869520772142,0.0075));
#8799=CARTESIAN_POINT('',(0.086366065536848,-0.0417333737904606,0.0075));
#8800=CARTESIAN_POINT('',(0.0866245860907395,-0.0414433138356411,0.0075));
#8801=CARTESIAN_POINT('',(0.0867439191688505,-0.0412896859136218,0.0075));
#8802=CARTESIAN_POINT('',(0.0869111534928245,-0.0410490541129214,0.0075));
#8803=CARTESIAN_POINT('',(0.0869650270341385,-0.0409669853006811,0.0075));
#8804=CARTESIAN_POINT('',(0.087068871877657,-0.040800549321741,0.0075));
#8805=CARTESIAN_POINT('',(0.087118659176991,-0.0407165172982005,0.0075));
#8806=CARTESIAN_POINT('',(0.087262599458932,-0.0404623541889606,0.0075));
#8807=CARTESIAN_POINT('',(0.087351267842291,-0.0402901320518598,0.0075));
#8808=CARTESIAN_POINT('',(0.087517540759186,-0.0399414695881202,0.0075));
#8809=CARTESIAN_POINT('',(0.087595140573048,-0.0397650274620798,0.0075));
#8810=CARTESIAN_POINT('',(0.087742506579922,-0.0394091565735408,0.0075));
#8811=CARTESIAN_POINT('',(0.087812373896363,-0.0392297663652208,0.0075));
#8812=CARTESIAN_POINT('',(0.088146861487948,-0.0383271540160805,0.0075));
#8813=CARTESIAN_POINT('',(0.0883661926225165,-0.0375866649942615,0.0075));
#8814=CARTESIAN_POINT('',(0.0890254453442575,-0.0353656780548608,0.0075));
#8815=CARTESIAN_POINT('',(0.089451180566307,-0.0338806093680013,0.0075));
#8816=CARTESIAN_POINT('',(0.0903005799309315,-0.0309102957373604,0.0075));
#8817=CARTESIAN_POINT('',(0.09072514014233,-0.029425098852661,0.0075));
#8818=CARTESIAN_POINT('',(0.09199851564307,-0.0249694205351201,0.0075));
#8819=CARTESIAN_POINT('',(0.0928465945975835,-0.0219987289893399,0.0075));
#8820=CARTESIAN_POINT('',(0.094539344893749,-0.0160563750767402,0.0075));
#8821=CARTESIAN_POINT('',(0.0960606991283615,-0.0107076520044007,0.0075));
#8822=CARTESIAN_POINT('',(0.0975862216964375,-0.00536011701885997,0.0075));
#8823=CARTESIAN_POINT('',(0.098264972763759,-0.00298364601846046,0.0075));
#8824=CARTESIAN_POINT('',(0.042421241168191,0.0502309857763006,0.00109999999631987));
#8825=CARTESIAN_POINT('',(0.042421241168191,0.0502309857763007,0.));
#8826=CARTESIAN_POINT('',(0.0424768112174809,0.0513769761777835,0.00109999999631987));
#8827=CARTESIAN_POINT('',(0.0424768112174809,0.0513769761777835,0.));
#8828=CARTESIAN_POINT('',(0.0426140806812615,0.0536605090341777,0.00109999999631987));
#8829=CARTESIAN_POINT('',(0.0426140806812615,0.0536605090341778,-2.16840434497101E-19));
#8830=CARTESIAN_POINT('',(0.0439829892915964,0.0577689219652611,0.00109999999631987));
#8831=CARTESIAN_POINT('',(0.0439829892915964,0.0577689219652611,0.));
#8832=CARTESIAN_POINT('',(0.0463352060766266,0.0601625381587282,0.00109999999631987));
#8833=CARTESIAN_POINT('',(0.0463352060766266,0.0601625381587282,0.));
#8834=CARTESIAN_POINT('',(0.0480284900481041,0.0615934693924856,0.00109999999631987));
#8835=CARTESIAN_POINT('',(0.0480284900481041,0.0615934693924856,0.));
#8836=CARTESIAN_POINT('',(0.042421241168191,0.0502309857763006,0.000549999998159935));
#8837=CARTESIAN_POINT('',(0.0480284900481039,0.0615934693924854,0.00109999999631987));
#8838=CARTESIAN_POINT('',(0.0480284900481046,0.061593469392486,0.000733333330879913));
#8839=CARTESIAN_POINT('',(0.0480284900481053,0.0615934693924866,0.000366666665439957));
#8840=CARTESIAN_POINT('',(0.0480284900481059,0.0615934693924872,0.));
#8841=CARTESIAN_POINT('',(0.0430155197315769,-0.0177631418094314,0.00109999999631987));
#8842=CARTESIAN_POINT('',(0.0430155197315769,-0.0177631418094314,0.));
#8843=CARTESIAN_POINT('',(0.0427929563354014,-0.017075913041663,0.00109999999631987));
#8844=CARTESIAN_POINT('',(0.0427929563354014,-0.017075913041663,0.));
#8845=CARTESIAN_POINT('',(0.0423657971092214,-0.0156856817451953,0.00109999999631987));
#8846=CARTESIAN_POINT('',(0.0423657971092214,-0.0156856817451953,-2.16840434497101E-19));
#8847=CARTESIAN_POINT('',(0.04153672365738,-0.0124921293889313,0.00109999999631987));
#8848=CARTESIAN_POINT('',(0.04153672365738,-0.0124921293889313,2.16840434497101E-19));
#8849=CARTESIAN_POINT('',(0.040573806162506,-0.00758085879928555,0.00109999999631987));
#8850=CARTESIAN_POINT('',(0.040573806162506,-0.00758085879928555,2.16840434497101E-19));
#8851=CARTESIAN_POINT('',(0.0400593012524322,-0.00262594657275892,0.00109999999631987));
#8852=CARTESIAN_POINT('',(0.0400593012524322,-0.00262594657275892,-2.16840434497101E-19));
#8853=CARTESIAN_POINT('',(0.0400204526987178,0.000651445931587488,0.00109999999631987));
#8854=CARTESIAN_POINT('',(0.0400204526987178,0.000651445931587488,0.));
#8855=CARTESIAN_POINT('',(0.040087253729196,0.00209845329809085,0.00109999999631987));
#8856=CARTESIAN_POINT('',(0.040087253729196,0.00209845329809085,0.));
#8857=CARTESIAN_POINT('',(0.0401221123414465,0.00281732318500194,0.00109999999631987));
#8858=CARTESIAN_POINT('',(0.0401221123414465,0.00281732318500194,0.));
#8859=CARTESIAN_POINT('',(0.0430155197315769,-0.0177631418094314,0.));
#8860=CARTESIAN_POINT('',(0.0430155197315762,-0.0177631418094292,0.000366666665439957));
#8861=CARTESIAN_POINT('',(0.0430155197315755,-0.0177631418094271,0.000733333330879913));
#8862=CARTESIAN_POINT('',(0.0430155197315748,-0.0177631418094249,0.00109999999631987));
#8863=CARTESIAN_POINT('',(0.040122112345796,0.00281732327469974,0.000549999998159935));
#8864=CARTESIAN_POINT('',(0.040122112345796,0.00281732327469974,0.019975228514011));
#8865=CARTESIAN_POINT('',(0.0417772782669602,0.00425834745320032,-2.66708666267513E-15));
#8866=CARTESIAN_POINT('',(0.0417772782669603,0.00425834745320083,0.0075));
#8867=CARTESIAN_POINT('',(0.0417100729529268,0.00253889447953591,-2.5500091521242E-15));
#8868=CARTESIAN_POINT('',(0.0417100729529268,0.00253889447953642,0.00750000000000012));
#8869=CARTESIAN_POINT('',(0.0415605767125729,-0.000899974430259022,-2.40002426456241E-15));
#8870=CARTESIAN_POINT('',(0.041560576712573,-0.000899974430258512,0.00750000000000027));
#8871=CARTESIAN_POINT('',(0.0414023524033642,-0.00605775247137985,-1.66738566715143E-15));
#8872=CARTESIAN_POINT('',(0.0414023524033643,-0.00605775247137934,0.007500000000001));
#8873=CARTESIAN_POINT('',(0.0413998975211295,-0.0103672592094679,-2.58036065902735E-15));
#8874=CARTESIAN_POINT('',(0.0413998975211295,-0.0103672592094674,0.00750000000000009));
#8875=CARTESIAN_POINT('',(0.041870480269648,-0.0137248533427543,-1.28692750189691E-15));
#8876=CARTESIAN_POINT('',(0.041870480269648,-0.0137248533427538,0.00750000000000138));
#8877=CARTESIAN_POINT('',(0.0425047487391848,-0.0161927075907102,-1.2932731892303E-15));
#8878=CARTESIAN_POINT('',(0.0425047487391848,-0.0161927075907097,0.00750000000000137));
#8879=CARTESIAN_POINT('',(0.0432904153288299,-0.0186335078352246,-1.13568667793466E-15));
#8880=CARTESIAN_POINT('',(0.0432904153288299,-0.0186335078352241,0.00750000000000153));
#8881=CARTESIAN_POINT('',(0.0444325036986966,-0.0218685240141482,-8.2897982072958E-16));
#8882=CARTESIAN_POINT('',(0.0444325036986966,-0.0218685240141477,0.00750000000000184));
#8883=CARTESIAN_POINT('',(0.0459682315070885,-0.0258673464556521,-1.07378426702715E-15));
#8884=CARTESIAN_POINT('',(0.0459682315070885,-0.0258673464556516,0.00750000000000159));
#8885=CARTESIAN_POINT('',(0.0478167437650048,-0.0306654791166889,1.31244882538971E-15));
#8886=CARTESIAN_POINT('',(0.0478167437650048,-0.0306654791166884,0.00750000000000398));
#8887=CARTESIAN_POINT('',(0.0490481346928079,-0.0338642738803954,-9.21236690007729E-17));
#8888=CARTESIAN_POINT('',(0.0490481346928079,-0.0338642738803949,0.00750000000000257));
#8889=CARTESIAN_POINT('',(0.0496624621072151,-0.0354642306226072,1.57894871640389E-17));
#8890=CARTESIAN_POINT('',(0.0496624621072151,-0.0354642306226067,0.00750000000000268));
#8891=CARTESIAN_POINT('',(0.04177727826696,0.00425834745320053,0.00184999950041208));
#8892=CARTESIAN_POINT('',(0.04177727826696,0.00425834745320053,0.00749999999999965));
#8893=CARTESIAN_POINT('',(0.041911758706576,0.00840227671771933,0.00749999999999935));
#8894=CARTESIAN_POINT('',(0.0418756609171864,0.00702070055189998,0.00749999999999945));
#8895=CARTESIAN_POINT('',(0.0418035033162982,0.00477605126435966,0.00749999999999961));
#8896=CARTESIAN_POINT('',(0.041706066232542,0.00253217351004066,0.00749999999999976));
#8897=CARTESIAN_POINT('',(0.0416357622135496,0.000805971854140123,0.00749999999999988));
#8898=CARTESIAN_POINT('',(0.0416022378410052,-5.71786495003747E-5,0.0075));
#8899=CARTESIAN_POINT('',(0.0415394293592992,-0.00178360907020002,0.0075));
#8900=CARTESIAN_POINT('',(0.0415100564386642,-0.00264688627674113,0.00750000000000013));
#8901=CARTESIAN_POINT('',(0.0414599412370554,-0.00437370409804126,0.00750000000000024));
#8902=CARTESIAN_POINT('',(0.0414395342102994,-0.00523725494484127,0.00750000000000028));
#8903=CARTESIAN_POINT('',(0.0414217253490544,-0.00653297192398115,0.00750000000000037));
#8904=CARTESIAN_POINT('',(0.0414177117963366,-0.00696493626580073,0.0075000000000004));
#8905=CARTESIAN_POINT('',(0.0414163010422906,-0.00782906688138128,0.00750000000000046));
#8906=CARTESIAN_POINT('',(0.0414191144387658,-0.00826082539236049,0.00750000000000049));
#8907=CARTESIAN_POINT('',(0.0414444866720232,-0.0095525956756005,0.00750000000000058));
#8908=CARTESIAN_POINT('',(0.041483982437792,-0.0104096950928997,0.00750000000000017));
#8909=CARTESIAN_POINT('',(0.0416016816568472,-0.0116847802746597,0.00750000000000026));
#8910=CARTESIAN_POINT('',(0.0416507265961316,-0.0121080354927015,0.00750000000000075));
#8911=CARTESIAN_POINT('',(0.0417732684522491,-0.0129501270287003,0.00750000000000081));
#8912=CARTESIAN_POINT('',(0.0418468760300372,-0.013368943348281,0.00750000000000084));
#8913=CARTESIAN_POINT('',(0.0421001771823736,-0.0146195228885409,0.00750000000000092));
#8914=CARTESIAN_POINT('',(0.0423132149947142,-0.0154452602221403,0.007500000000001));
#8915=CARTESIAN_POINT('',(0.042672374633077,-0.0166767092821408,0.00750000000000108));
#8916=CARTESIAN_POINT('',(0.0427986452141464,-0.0170860084757594,0.0075000000000011));
#8917=CARTESIAN_POINT('',(0.043059599875063,-0.0179030863965809,0.00750000000000115));
#8918=CARTESIAN_POINT('',(0.0431940396460916,-0.0183109092746604,0.00750000000000117));
#8919=CARTESIAN_POINT('',(0.043469149602606,-0.0191254290859407,0.00750000000000122));
#8920=CARTESIAN_POINT('',(0.0436099385277488,-0.0195322372758609,0.00750000000000126));
#8921=CARTESIAN_POINT('',(0.0438962442648044,-0.0203437754044414,0.00750000000000131));
#8922=CARTESIAN_POINT('',(0.0440418014682996,-0.0207486319434213,0.00750000000000135));
#8923=CARTESIAN_POINT('',(0.044778610215561,-0.0227694902114804,0.00750000000000148));
#8924=CARTESIAN_POINT('',(0.0453956366594484,-0.0243757095063602,0.00750000000000159));
#8925=CARTESIAN_POINT('',(0.0466307279391928,-0.0275877539917014,0.0075000000000018));
#8926=CARTESIAN_POINT('',(0.047558835191557,-0.0299961084493015,0.00750000000000385));
#8927=CARTESIAN_POINT('',(0.048486326943164,-0.0324046965099408,0.00750000000000212));
#8928=CARTESIAN_POINT('',(0.049104151396485,-0.0340106129335992,0.00750000000000223));
#8929=CARTESIAN_POINT('',(0.0499064038434424,-0.0360986532054797,0.00750000000000238));
#8930=CARTESIAN_POINT('',(0.0507073053852785,-0.03818720619088,0.00750000000000251));
#8931=CARTESIAN_POINT('',(0.0511997074457285,-0.0394726443138608,0.00750000000000257));
#8932=CARTESIAN_POINT('',(0.0495745197670201,-0.0352352105887123,0.00750000000000232));
#8933=CARTESIAN_POINT('',(0.0495745275818852,-0.0352352075872441,0.0325000000000012));
#8934=CARTESIAN_POINT('',(0.0495745275818852,-0.0352352075872441,0.00250000000000116));
#8935=CARTESIAN_POINT('',(0.0495745197668917,-0.0352352105883782,3.25260651745651E-19));
#8936=CARTESIAN_POINT('',(0.049574519766892,-0.0352352105883789,0.000833333333335271));
#8937=CARTESIAN_POINT('',(0.0495745197668923,-0.0352352105883796,0.00166666666667054));
#8938=CARTESIAN_POINT('',(0.0495745197668926,-0.0352352105883803,0.00250000000000581));
#8939=CARTESIAN_POINT('',(0.0495745353971259,-0.0352352045867543,1.28176790169985E-17));
#8940=CARTESIAN_POINT('',(0.0495745353971259,-0.0352352045867543,0.0075));
#8941=CARTESIAN_POINT('',(0.0499855919899012,-0.0363058651687663,1.29179785058647E-17));
#8942=CARTESIAN_POINT('',(0.0499855919899012,-0.0363058651687663,0.0075));
#8943=CARTESIAN_POINT('',(0.0503952276043136,-0.0373771310343327,1.52458404982569E-17));
#8944=CARTESIAN_POINT('',(0.0503952276043136,-0.0373771310343327,0.0075));
#8945=CARTESIAN_POINT('',(0.0508787746279252,-0.0384169134071782,1.74453912919697E-17));
#8946=CARTESIAN_POINT('',(0.0508787746279252,-0.0384169134071782,0.0075));
#8947=CARTESIAN_POINT('',(0.0468879272716202,-0.0281716436916409,0.00750000000000012));
#8948=CARTESIAN_POINT('',(0.0477764677886534,-0.030529143821381,0.0075));
#8949=CARTESIAN_POINT('',(0.048951530928237,-0.0336195913923394,0.0075));
#8950=CARTESIAN_POINT('',(0.0501395057296565,-0.0367045390788015,0.0075));
#8951=CARTESIAN_POINT('',(0.0505962903034105,-0.0377924589790002,0.0075));
#8952=CARTESIAN_POINT('',(0.050754197222062,-0.0381526942192618,0.0075));
#8953=CARTESIAN_POINT('',(0.051005546504771,-0.0386868753487608,0.0075));
#8954=CARTESIAN_POINT('',(0.0510917196127795,-0.0388639176688805,0.0075));
#8955=CARTESIAN_POINT('',(0.051270079503516,-0.0392154407088796,0.0075));
#8956=CARTESIAN_POINT('',(0.051362295435368,-0.0393898918686393,0.0075));
#8957=CARTESIAN_POINT('',(0.051553345014137,-0.0397339545031415,0.0075));
#8958=CARTESIAN_POINT('',(0.051652268074749,-0.0399037472852814,0.0075));
#8959=CARTESIAN_POINT('',(0.0518581500398445,-0.0402380394172397,0.0075));
#8960=CARTESIAN_POINT('',(0.0519650074492495,-0.0404026056246813,0.0075));
#8961=CARTESIAN_POINT('',(0.052189009203157,-0.0407249617513017,0.0075));
#8962=CARTESIAN_POINT('',(0.0523061786077195,-0.0408827351627003,0.0075));
#8963=CARTESIAN_POINT('',(0.052553792632128,-0.0411895372346009,0.0075));
#8964=CARTESIAN_POINT('',(0.0526848261829525,-0.0413390626590609,0.0075));
#8965=CARTESIAN_POINT('',(0.052958392039025,-0.0416223026747815,0.0075));
#8966=CARTESIAN_POINT('',(0.0531011761197765,-0.0417565953779011,0.0075));
#8967=CARTESIAN_POINT('',(0.0534000609748545,-0.0420089213291597,0.0075));
#8968=CARTESIAN_POINT('',(0.053556154852474,-0.0421269629980792,0.0075));
#8969=CARTESIAN_POINT('',(0.053801768258391,-0.0422900176660619,0.0075));
#8970=CARTESIAN_POINT('',(0.0538855954816275,-0.0423419808721608,0.0075));
#8971=CARTESIAN_POINT('',(0.054057016480151,-0.0424413083887814,0.0075));
#8972=CARTESIAN_POINT('',(0.054144590185226,-0.0424886531067994,0.0075));
#8973=CARTESIAN_POINT('',(0.054409012468326,-0.0426225281596811,0.0075));
#8974=CARTESIAN_POINT('',(0.05458874892269,-0.0427016614561406,0.0075));
#8975=CARTESIAN_POINT('',(0.055136355019482,-0.0429144740151806,0.0075));
#8976=CARTESIAN_POINT('',(0.0555124933411565,-0.0430239409167008,0.0075));
#8977=CARTESIAN_POINT('',(0.056088891705034,-0.0431524439088608,0.0075));
#8978=CARTESIAN_POINT('',(0.056283499705384,-0.0431893441174811,0.0075));
#8979=CARTESIAN_POINT('',(0.0566721891305835,-0.0432525367614005,0.0075));
#8980=CARTESIAN_POINT('',(0.056866688428725,-0.04327891212324,0.0075));
#8981=CARTESIAN_POINT('',(0.057839816301217,-0.0433894646929413,0.0075));
#8982=CARTESIAN_POINT('',(0.058620347590167,-0.0434093797652402,0.0075));
#8983=CARTESIAN_POINT('',(0.0601820462570005,-0.043427726691462,0.0075));
#8984=CARTESIAN_POINT('',(0.060963290604277,-0.0434235589870209,0.0075));
#8985=CARTESIAN_POINT('',(0.062525688045425,-0.0434183055636392,0.0075));
#8986=CARTESIAN_POINT('',(0.063306797823148,-0.0434186828009206,0.0075));
#8987=CARTESIAN_POINT('',(0.064868988728944,-0.0434204048865005,0.0075));
#8988=CARTESIAN_POINT('',(0.065650083585372,-0.0434211180027812,0.0075));
#8989=CARTESIAN_POINT('',(0.067212273982021,-0.0434214379428806,0.0075));
#8990=CARTESIAN_POINT('',(0.0695555594690095,-0.0434207951874406,0.0075));
#8991=CARTESIAN_POINT('',(0.0718988440645665,-0.0434185834182994,0.0075));
#8992=CARTESIAN_POINT('',(0.074242129875635,-0.0434177242385001,0.0075));
#8993=CARTESIAN_POINT('',(0.075023226219763,-0.0434180277225807,0.0075));
#8994=CARTESIAN_POINT('',(0.0765854164126505,-0.0434172638582399,0.0075));
#8995=CARTESIAN_POINT('',(0.077366509628213,-0.0434158486626011,0.0075));
#8996=CARTESIAN_POINT('',(0.0785381393952965,-0.0434082014541417,0.0075));
#8997=CARTESIAN_POINT('',(0.078928682939023,-0.0434047315000204,0.0075));
#8998=CARTESIAN_POINT('',(0.079709619215137,-0.0433952906261794,0.0075));
#8999=CARTESIAN_POINT('',(0.080100032995104,-0.0433894473468204,0.0075));
#9000=CARTESIAN_POINT('',(0.081270453143155,-0.0433549546416803,0.0075));
#9001=CARTESIAN_POINT('',(0.082049649041834,-0.0433095638359599,0.0075));
#9002=CARTESIAN_POINT('',(0.0832141157115725,-0.0431520937033411,0.0075));
#9003=CARTESIAN_POINT('',(0.083599378451481,-0.0430852724211803,0.0075));
#9004=CARTESIAN_POINT('',(0.084167577961626,-0.0429451459049019,0.0075));
#9005=CARTESIAN_POINT('',(0.084355440430755,-0.0428918812103394,0.0075));
#9006=CARTESIAN_POINT('',(0.0846342219028795,-0.0427991389934412,0.0075));
#9007=CARTESIAN_POINT('',(0.084726858996875,-0.0427659571942201,0.0075));
#9008=CARTESIAN_POINT('',(0.0849096989041105,-0.0426949635345011,0.0075));
#9009=CARTESIAN_POINT('',(0.084999841236418,-0.0426571886088603,0.0075));
#9010=CARTESIAN_POINT('',(0.0852659803940125,-0.0425362182888005,0.0075));
#9011=CARTESIAN_POINT('',(0.085437633263921,-0.0424452772921402,0.0075));
#9012=CARTESIAN_POINT('',(0.0856847843667105,-0.0422904498286609,0.0075));
#9013=CARTESIAN_POINT('',(0.0857654964634965,-0.0422358600770601,0.0075));
#9014=CARTESIAN_POINT('',(0.0858840211339525,-0.0421494402411007,0.0075));
#9015=CARTESIAN_POINT('',(0.0859231048588285,-0.0421198767158622,0.0075));
#9016=CARTESIAN_POINT('',(0.086000409911824,-0.0420592119465013,0.0075));
#9017=CARTESIAN_POINT('',(0.0860386983015585,-0.0420280512188604,0.0075));
#9018=CARTESIAN_POINT('',(0.0862265489406205,-0.041869520772142,0.0075));
#9019=CARTESIAN_POINT('',(0.086366065536848,-0.0417333737904606,0.0075));
#9020=CARTESIAN_POINT('',(0.0866245860907395,-0.0414433138356411,0.0075));
#9021=CARTESIAN_POINT('',(0.0867439191688505,-0.0412896859136218,0.0075));
#9022=CARTESIAN_POINT('',(0.0869111534928245,-0.0410490541129214,0.0075));
#9023=CARTESIAN_POINT('',(0.0869650270341385,-0.0409669853006811,0.0075));
#9024=CARTESIAN_POINT('',(0.087068871877657,-0.040800549321741,0.0075));
#9025=CARTESIAN_POINT('',(0.087118659176991,-0.0407165172982005,0.0075));
#9026=CARTESIAN_POINT('',(0.087262599458932,-0.0404623541889606,0.0075));
#9027=CARTESIAN_POINT('',(0.087351267842291,-0.0402901320518598,0.0075));
#9028=CARTESIAN_POINT('',(0.087517540759186,-0.0399414695881202,0.0075));
#9029=CARTESIAN_POINT('',(0.087595140573048,-0.0397650274620798,0.0075));
#9030=CARTESIAN_POINT('',(0.087742506579922,-0.0394091565735408,0.0075));
#9031=CARTESIAN_POINT('',(0.087812373896363,-0.0392297663652208,0.0075));
#9032=CARTESIAN_POINT('',(0.088146861487948,-0.0383271540160805,0.0075));
#9033=CARTESIAN_POINT('',(0.0883661926225165,-0.0375866649942615,0.0075));
#9034=CARTESIAN_POINT('',(0.0890254453442575,-0.0353656780548608,0.0075));
#9035=CARTESIAN_POINT('',(0.089451180566307,-0.0338806093680013,0.0075));
#9036=CARTESIAN_POINT('',(0.0903005799309315,-0.0309102957373604,0.0075));
#9037=CARTESIAN_POINT('',(0.09072514014233,-0.029425098852661,0.0075));
#9038=CARTESIAN_POINT('',(0.09199851564307,-0.0249694205351201,0.0075));
#9039=CARTESIAN_POINT('',(0.0928465945975835,-0.0219987289893399,0.0075));
#9040=CARTESIAN_POINT('',(0.094539344893749,-0.0160563750767402,0.0075));
#9041=CARTESIAN_POINT('',(0.0960606991283615,-0.0107076520044007,0.0075));
#9042=CARTESIAN_POINT('',(0.0975862216964375,-0.00536011701885997,0.0075));
#9043=CARTESIAN_POINT('',(0.098264972763759,-0.00298364601846046,0.0075));
#9044=CARTESIAN_POINT('',(0.06122201434982,0.0674266995994994,0.));
#9045=CARTESIAN_POINT('',(0.06122201434982,0.0674266995994994,0.00129999950225213));
#9046=CARTESIAN_POINT('',(0.06122201434982,0.0674266995994994,0.0075));
#9047=CARTESIAN_POINT('',(0.0282738287727978,0.0674334597872789,0.0075));
#9048=CARTESIAN_POINT('',(0.0555416942232385,0.0674278650667386,0.0075));
#9049=CARTESIAN_POINT('',(0.0555416942232385,0.0674278650667386,0.));
#9050=CARTESIAN_POINT('',(0.055541694223324,0.067427865066799,0.));
#9051=CARTESIAN_POINT('',(0.0057191147446613,0.0291739019196668,0.0075));
#9052=CARTESIAN_POINT('',(0.0517250224821814,0.0644974102076047,0.0075));
#9053=CARTESIAN_POINT('',(0.051725022482186,0.0644974102075988,0.00129999950225213));
#9054=CARTESIAN_POINT('',(0.0417772782669589,0.00425834745320041,0.0075));
#9055=CARTESIAN_POINT('',(0.0417772782669589,0.00425834745320043,-1.17093834628434E-16));
#9056=CARTESIAN_POINT('',(0.0419599948790907,0.00690535441717726,0.00750000000000001));
#9057=CARTESIAN_POINT('',(0.0419599948790907,0.00690535441717727,-1.11889664200504E-16));
#9058=CARTESIAN_POINT('',(0.0422078166126046,0.012205518847113,0.0075));
#9059=CARTESIAN_POINT('',(0.0422078166126046,0.012205518847113,-1.14491749414469E-16));
#9060=CARTESIAN_POINT('',(0.04262156519836,0.0201535706103661,0.00750000000000003));
#9061=CARTESIAN_POINT('',(0.04262156519836,0.0201535706103661,-8.41340885848751E-17));
#9062=CARTESIAN_POINT('',(0.0430247419144459,0.0281021665313307,0.00750000000000005));
#9063=CARTESIAN_POINT('',(0.0430247419144459,0.0281021665313307,-6.67868538251071E-17));
#9064=CARTESIAN_POINT('',(0.0434369301466082,0.0360503235569759,0.00750000000000033));
#9065=CARTESIAN_POINT('',(0.0434369301466082,0.036050323556976,2.13370987545147E-16));
#9066=CARTESIAN_POINT('',(0.0437728300607939,0.0426740951755778,0.00750000000000004));
#9067=CARTESIAN_POINT('',(0.0437728300607939,0.0426740951755778,-7.89299181569447E-17));
#9068=CARTESIAN_POINT('',(0.0440271016737786,0.0479742302108,0.0075000000000001));
#9069=CARTESIAN_POINT('',(0.0440271016737786,0.0479742302108,-2.25514051876985E-17));
#9070=CARTESIAN_POINT('',(0.0441854440037733,0.051286214578489,0.0075000000000001));
#9071=CARTESIAN_POINT('',(0.0441854440037734,0.051286214578489,-1.90819582357449E-17));
#9072=CARTESIAN_POINT('',(0.0443439043235366,0.0539354093546739,0.0075000000000001));
#9073=CARTESIAN_POINT('',(0.0443439043235366,0.053935409354674,-1.64798730217797E-17));
#9074=CARTESIAN_POINT('',(0.0445229116788421,0.0559148456727572,0.00750000000000011));
#9075=CARTESIAN_POINT('',(0.0445229116788421,0.0559148456727572,-8.67361737988404E-18));
#9076=CARTESIAN_POINT('',(0.0448578957971643,0.0579003972267048,0.00750000000000011));
#9077=CARTESIAN_POINT('',(0.0448578957971643,0.0579003972267048,-1.21430643318376E-17));
#9078=CARTESIAN_POINT('',(0.0459009573696659,0.0596382514992862,0.00750000000000012));
#9079=CARTESIAN_POINT('',(0.0459009573696659,0.0596382514992862,8.67361737988404E-19));
#9080=CARTESIAN_POINT('',(0.0473362708442554,0.0610238974776433,0.0075000000000001));
#9081=CARTESIAN_POINT('',(0.0473362708442554,0.0610238974776433,-1.47451495458029E-17));
#9082=CARTESIAN_POINT('',(0.0493813458405911,0.0627227571826558,0.00750000000000014));
#9083=CARTESIAN_POINT('',(0.0493813458405911,0.0627227571826558,2.16840434497101E-17));
#9084=CARTESIAN_POINT('',(0.0509633963037331,0.0639324426768777,0.00750000000000008));
#9085=CARTESIAN_POINT('',(0.0509633963037331,0.0639324426768777,-3.29597460435593E-17));
#9086=CARTESIAN_POINT('',(0.0520293815518867,0.06472552720055,0.00750000000000012));
#9087=CARTESIAN_POINT('',(0.0520293815518867,0.06472552720055,6.07153216591882E-18));
#9088=CARTESIAN_POINT('',(0.0398466305540564,-0.0136778590544218,0.00749999999999956));
#9089=CARTESIAN_POINT('',(0.0399875007861002,-0.0125220131183799,0.0074999999999996));
#9090=CARTESIAN_POINT('',(0.040128371018144,-0.0113661671823202,0.00749999999999965));
#9091=CARTESIAN_POINT('',(0.0402692412501876,-0.0102103212462818,0.00749999999999968));
#9092=CARTESIAN_POINT('',(0.040856498114791,-0.00539185498466211,0.00749999999999985));
#9093=CARTESIAN_POINT('',(0.0415575248382484,0.000360097557898338,0.0075));
#9094=CARTESIAN_POINT('',(0.0418969828136636,0.00613095964510002,0.0075));
#9095=CARTESIAN_POINT('',(0.0419998618861354,0.00800445178595943,0.0075));
#9096=CARTESIAN_POINT('',(0.042047638685257,0.00894138941247924,0.0075));
#9097=CARTESIAN_POINT('',(0.0421918927468014,0.0117521539856593,0.0075));
#9098=CARTESIAN_POINT('',(0.0422873373792768,0.0136260349374595,0.0075));
#9099=CARTESIAN_POINT('',(0.0425736576893756,0.0192476785034384,0.0075));
#9100=CARTESIAN_POINT('',(0.04276429751192,0.0229954534525003,0.0075));
#9101=CARTESIAN_POINT('',(0.0430525568084656,0.0286169956121789,0.0075));
#9102=CARTESIAN_POINT('',(0.0431492023406608,0.0304908137065407,0.00750000000000035));
#9103=CARTESIAN_POINT('',(0.0433424402604602,0.0342384525642405,0.00750000000000036));
#9104=CARTESIAN_POINT('',(0.0435354041222722,0.0379861073133992,0.00750000000000009));
#9105=CARTESIAN_POINT('',(0.043723874528925,0.0417340226187601,0.00750000000000009));
#9106=CARTESIAN_POINT('',(0.0438620626805782,0.0445451426024998,0.0075000000000001));
#9107=CARTESIAN_POINT('',(0.0439075677323504,0.0454822149336991,0.0075000000000001));
#9108=CARTESIAN_POINT('',(0.043997406280999,0.0473564275295804,0.00750000000000011));
#9109=CARTESIAN_POINT('',(0.0440642086994218,0.0487621204048398,0.0075000000000001));
#9110=CARTESIAN_POINT('',(0.044134464322691,0.0501676130435396,0.00750000000000012));
#9111=CARTESIAN_POINT('',(0.0441825485470104,0.0511045358195599,0.00750000000000012));
#9112=CARTESIAN_POINT('',(0.0442070635855968,0.051572969784619,0.00750000000000012));
#9113=CARTESIAN_POINT('',(0.044258522538049,0.0525096968745995,0.00750000000000012));
#9114=CARTESIAN_POINT('',(0.044286047319725,0.0529779563175197,0.00750000000000012));
#9115=CARTESIAN_POINT('',(0.0443507946484396,0.0539139128714581,0.00750000000000012));
#9116=CARTESIAN_POINT('',(0.044387653221802,0.0543816310877396,0.00750000000000012));
#9117=CARTESIAN_POINT('',(0.0444532632965937,0.055082609871139,0.00750000000000012));
#9118=CARTESIAN_POINT('',(0.0444770525580024,0.0553161581773001,0.00750000000000013));
#9119=CARTESIAN_POINT('',(0.0445308660645366,0.0557828932495799,0.00750000000000013));
#9120=CARTESIAN_POINT('',(0.0445607626573692,0.0560160874177189,0.00750000000000013));
#9121=CARTESIAN_POINT('',(0.0446125432954912,0.0563654764955395,0.00750000000000013));
#9122=CARTESIAN_POINT('',(0.0446310696391874,0.0564818661039599,0.00750000000000013));
#9123=CARTESIAN_POINT('',(0.044671819303666,0.05671443094894,0.00750000000000013));
#9124=CARTESIAN_POINT('',(0.0446940442484484,0.056830556901339,0.00750000000000012));
#9125=CARTESIAN_POINT('',(0.044767503842565,0.0571760535984396,0.00750000000000012));
#9126=CARTESIAN_POINT('',(0.044825879705308,0.0574031317658985,0.00750000000000013));
#9127=CARTESIAN_POINT('',(0.044967493297691,0.0578486869654,0.00750000000000013));
#9128=CARTESIAN_POINT('',(0.0450504106381622,0.0580672748382991,0.00750000000000012));
#9129=CARTESIAN_POINT('',(0.045196818112645,0.0583875347097997,0.00750000000000012));
#9130=CARTESIAN_POINT('',(0.0452494049634744,0.0584929787749395,0.00750000000000013));
#9131=CARTESIAN_POINT('',(0.0453338139969406,0.0586492321607004,0.00750000000000013));
#9132=CARTESIAN_POINT('',(0.0453629198809884,0.0587010978282603,0.00750000000000013));
#9133=CARTESIAN_POINT('',(0.045422553660798,0.0588036288958396,0.00750000000000013));
#9134=CARTESIAN_POINT('',(0.0454530800686104,0.0588543016822793,0.00750000000000013));
#9135=CARTESIAN_POINT('',(0.045733817325834,0.0593053445691396,0.00750000000000013));
#9136=CARTESIAN_POINT('',(0.0460259283084702,0.0596707103475786,0.00750000000000014));
#9137=CARTESIAN_POINT('',(0.0465008635527072,0.0601880415502993,0.00750000000000014));
#9138=CARTESIAN_POINT('',(0.0466652690101004,0.0603553944614994,0.00750000000000014));
#9139=CARTESIAN_POINT('',(0.0470018893407016,0.0606835761207609,0.00750000000000014));
#9140=CARTESIAN_POINT('',(0.0471743589291836,0.0608444158801404,0.00750000000000013));
#9141=CARTESIAN_POINT('',(0.0475237108221878,0.0611596243945005,0.00750000000000013));
#9142=CARTESIAN_POINT('',(0.0477007929267174,0.0613142002434799,0.00750000000000014));
#9143=CARTESIAN_POINT('',(0.0480580566278946,0.0616194508977994,0.00750000000000014));
#9144=CARTESIAN_POINT('',(0.0482381502929534,0.0617702363744979,0.00750000000000014));
#9145=CARTESIAN_POINT('',(0.0487817726840776,0.0622183872990387,0.00750000000000014));
#9146=CARTESIAN_POINT('',(0.04914878309072,0.06251137067804,0.00750000000000015));
#9147=CARTESIAN_POINT('',(0.0498882908920432,0.0630904314724994,0.00750000000000015));
#9148=CARTESIAN_POINT('',(0.0502607152824435,0.0633766007716599,0.00750000000000015));
#9149=CARTESIAN_POINT('',(0.051005241218521,0.0639493457047387,0.00750000000000015));
#9150=CARTESIAN_POINT('',(0.0513775824740755,0.0642356196380387,0.00750000000000014));
#9151=CARTESIAN_POINT('',(0.0519403506177145,0.064659673577399,0.00750000000000014));
#9152=CARTESIAN_POINT('',(0.0521286677356135,0.0648001089557795,0.00750000000000015));
#9153=CARTESIAN_POINT('',(0.0525082388180745,0.0650772833756594,0.00750000000000015));
#9154=CARTESIAN_POINT('',(0.0526996596341925,0.06521413309172,0.00750000000000015));
#9155=CARTESIAN_POINT('',(0.053278498806931,0.0656149160548996,0.00750000000000015));
#9156=CARTESIAN_POINT('',(0.0536706901124485,0.0658695800938798,0.00750000000000015));
#9157=CARTESIAN_POINT('',(0.0542769492267145,0.0662158385520986,0.00750000000000015));
#9158=CARTESIAN_POINT('',(0.054482056035965,0.0663252519029403,0.00750000000000015));
#9159=CARTESIAN_POINT('',(0.054899540622163,0.0665296202982582,0.00750000000000015));
#9160=CARTESIAN_POINT('',(0.055111829916292,0.0666247512906999,0.00750000000000015));
#9161=CARTESIAN_POINT('',(0.055436902364219,0.0667542471204801,0.00750000000000015));
#9162=CARTESIAN_POINT('',(0.0555463820593585,0.0667951808795202,0.00750000000000015));
#9163=CARTESIAN_POINT('',(0.0557679033662425,0.066871954030999,0.00750000000000015));
#9164=CARTESIAN_POINT('',(0.055991975887977,0.0669436540962582,0.00750000000000019));
#9165=CARTESIAN_POINT('',(0.0562207667649875,0.0670059717204996,0.00750000000000015));
#9166=CARTESIAN_POINT('',(0.056451717910266,0.0670639936550987,0.00750000000000015));
#9167=CARTESIAN_POINT('',(0.0565676857374505,0.0670907050280789,0.00750000000000015));
#9168=CARTESIAN_POINT('',(0.056915370470579,0.0671645058762991,0.00750000000000015));
#9169=CARTESIAN_POINT('',(0.057147549725279,0.0672055986550593,0.00750000000000017));
#9170=CARTESIAN_POINT('',(0.0576125206874425,0.0672750332611187,0.00750000000000017));
#9171=CARTESIAN_POINT('',(0.0578453201438765,0.067303213758839,0.00750000000000017));
#9172=CARTESIAN_POINT('',(0.058311453656567,0.0673484446609596,0.00750000000000017));
#9173=CARTESIAN_POINT('',(0.0585447927709015,0.0673653897587805,0.00750000000000015));
#9174=CARTESIAN_POINT('',(0.0590118944183215,0.067390464593819,0.00750000000000015));
#9175=CARTESIAN_POINT('',(0.0592456496088035,0.0673987472003006,0.00750000000000015));
#9176=CARTESIAN_POINT('',(0.0597133813282995,0.0674107042588403,0.00750000000000015));
#9177=CARTESIAN_POINT('',(0.059947352688536,0.0674144863222193,0.00750000000000016));
#9178=CARTESIAN_POINT('',(0.060415354621439,0.06742081767662,0.00750000000000016));
#9179=CARTESIAN_POINT('',(0.0611174829823005,0.0674277026641992,0.00750000000000017));
#9180=CARTESIAN_POINT('',(0.0618198933655625,0.067428716090479,0.00750000000000015));
#9181=CARTESIAN_POINT('',(0.0627565227472335,0.0674283558807609,0.00750000000000015));
#9182=CARTESIAN_POINT('',(0.063224870466631,0.0674274881382395,0.00750000000000017));
#9183=CARTESIAN_POINT('',(0.064629846697766,0.067426278297539,0.00750000000000017));
#9184=CARTESIAN_POINT('',(0.0655664740975685,0.0674262218207389,0.00750000000000015));
#9185=CARTESIAN_POINT('',(0.0683763847008245,0.0674252296576992,0.00750000000000015));
#9186=CARTESIAN_POINT('',(0.070249658417748,0.0674237601038996,0.00750000000000016));
#9187=CARTESIAN_POINT('',(0.073996205985286,0.0674266355983004,0.00750000000000017));
#9188=CARTESIAN_POINT('',(0.075869631475009,0.0674310805232583,0.00750000000000016));
#9189=CARTESIAN_POINT('',(0.0786791859596265,0.0674166154207381,0.00750000000000016));
#9190=CARTESIAN_POINT('',(0.0796156420613245,0.0674101996591983,0.00750000000000017));
#9191=CARTESIAN_POINT('',(0.0810183509952495,0.0673498408179398,0.00750000000000017));
#9192=CARTESIAN_POINT('',(0.0814855900076945,0.0673212286302203,0.00750000000000017));
#9193=CARTESIAN_POINT('',(0.0821857064761775,0.0672592501476999,0.00750000000000017));
#9194=CARTESIAN_POINT('',(0.0824189538987575,0.0672353867636204,0.00750000000000017));
#9195=CARTESIAN_POINT('',(0.082885133075257,0.0671795517727993,0.00750000000000017));
#9196=CARTESIAN_POINT('',(0.0831183820465305,0.0671476678664007,0.00750000000000016));
#9197=CARTESIAN_POINT('',(0.083580808896265,0.0670724799066793,0.00750000000000016));
#9198=CARTESIAN_POINT('',(0.0838102309044785,0.0670289533680393,0.00750000000000017));
#9199=CARTESIAN_POINT('',(0.0842647746026175,0.0669276591085399,0.00750000000000017));
#9200=CARTESIAN_POINT('',(0.084489936372849,0.0668700241199201,0.00750000000000017));
#9201=CARTESIAN_POINT('',(0.0849355569119605,0.0667391794120196,0.00750000000000017));
#9202=CARTESIAN_POINT('',(0.0851559898640395,0.0666658841962988,0.00750000000000017));
#9203=CARTESIAN_POINT('',(0.0855917247230805,0.0665023014997193,0.00750000000000017));
#9204=CARTESIAN_POINT('',(0.085807078921916,0.0664121871916592,0.00750000000000017));
#9205=CARTESIAN_POINT('',(0.086126360267351,0.0662645971693987,0.00750000000000017));
#9206=CARTESIAN_POINT('',(0.086232161513509,0.0662133278314396,0.00750000000000016));
#9207=CARTESIAN_POINT('',(0.086442504686458,0.0661066187208395,0.00750000000000016));
#9208=CARTESIAN_POINT('',(0.0865466990303055,0.0660513220477395,0.00750000000000017));
#9209=CARTESIAN_POINT('',(0.086855048022184,0.0658809739278397,0.00750000000000017));
#9210=CARTESIAN_POINT('',(0.087055680914235,0.0657611479821991,0.00750000000000017));
#9211=CARTESIAN_POINT('',(0.0876459147110945,0.0653868664078203,0.00750000000000017));
#9212=CARTESIAN_POINT('',(0.0880235931786785,0.0651172801784785,0.00750000000000016));
#9213=CARTESIAN_POINT('',(0.0885797053085535,0.0646996952671586,0.00750000000000016));
#9214=CARTESIAN_POINT('',(0.0887634972679315,0.0645584967261392,0.00750000000000017));
#9215=CARTESIAN_POINT('',(0.089128991709645,0.0642734479175999,0.00750000000000016));
#9216=CARTESIAN_POINT('',(0.0893105809903905,0.0641294539874995,0.00750000000000017));
#9217=CARTESIAN_POINT('',(0.089852183204308,0.0636934547419781,0.00750000000000017));
#9218=CARTESIAN_POINT('',(0.0902091271972045,0.0633975546767793,0.00750000000000017));
#9219=CARTESIAN_POINT('',(0.09091501124313,0.0627955968566791,0.00750000000000017));
#9220=CARTESIAN_POINT('',(0.091263802068634,0.0624893497191987,0.00750000000000016));
#9221=CARTESIAN_POINT('',(0.09195524152233,0.0618690604663392,0.00750000000000016));
#9222=CARTESIAN_POINT('',(0.092298166171064,0.0615553686448198,0.00750000000000017));
#9223=CARTESIAN_POINT('',(0.092806272811467,0.0610768606289405,0.00750000000000017));
#9224=CARTESIAN_POINT('',(0.092974590665378,0.0609160086654583,0.00750000000000017));
#9225=CARTESIAN_POINT('',(0.0933079314589705,0.0605918869021789,0.00750000000000017));
#9226=CARTESIAN_POINT('',(0.0934730450702705,0.0604285343635986,0.00750000000000016));
#9227=CARTESIAN_POINT('',(0.093963021170621,0.0599340256560392,0.00750000000000015));
#9228=CARTESIAN_POINT('',(0.0942823959701855,0.0595983163793008,0.00750000000000016));
#9229=CARTESIAN_POINT('',(0.094736916613972,0.0590743904616584,0.00750000000000016));
#9230=CARTESIAN_POINT('',(0.094884332768925,0.0588963544345003,0.00750000000000013));
#9231=CARTESIAN_POINT('',(0.095168666093654,0.0585315714261991,0.00750000000000013));
#9232=CARTESIAN_POINT('',(0.095306086305702,0.0583452418165997,0.00750000000000016));
#9233=CARTESIAN_POINT('',(0.0954985796392605,0.0580544328662409,0.00750000000000016));
#9234=CARTESIAN_POINT('',(0.095560435540939,0.0579555811633199,0.00750000000000015));
#9235=CARTESIAN_POINT('',(0.09567770644045,0.0577525337726605,0.00750000000000015));
#9236=CARTESIAN_POINT('',(0.0957329518261305,0.0576481973586205,0.00750000000000017));
#9237=CARTESIAN_POINT('',(0.095810128392982,0.0574869705195393,0.00750000000000017));
#9238=CARTESIAN_POINT('',(0.095835017612427,0.0574323132904997,0.00750000000000017));
#9239=CARTESIAN_POINT('',(0.095882694985439,0.05732240870414,0.00750000000000017));
#9240=CARTESIAN_POINT('',(0.0959054511925845,0.0572672568963597,0.00750000000000015));
#9241=CARTESIAN_POINT('',(0.095970776154544,0.057101258919559,0.00750000000000015));
#9242=CARTESIAN_POINT('',(0.0960896772516855,0.0567670975091392,0.00750000000000017));
#9243=CARTESIAN_POINT('',(0.0961795225182975,0.0564275807430992,0.00750000000000015));
#9244=CARTESIAN_POINT('',(0.096282845806257,0.0559718560193385,0.00750000000000015));
#9245=CARTESIAN_POINT('',(0.096326321343209,0.0557424848548198,0.00750000000000017));
#9246=CARTESIAN_POINT('',(0.0964051680186775,0.0552822487830191,0.00750000000000017));
#9247=CARTESIAN_POINT('',(0.0964401970330305,0.055051320817979,0.00750000000000015));
#9248=CARTESIAN_POINT('',(0.0965045055031075,0.0545884051717795,0.00750000000000015));
#9249=CARTESIAN_POINT('',(0.096533874148315,0.0543564339293994,0.00750000000000014));
#9250=CARTESIAN_POINT('',(0.096589193490999,0.05389186147376,0.00750000000000014));
#9251=CARTESIAN_POINT('',(0.09661512531078,0.0536592567811383,0.00750000000000014));
#9252=CARTESIAN_POINT('',(0.096665246007933,0.0531937261496793,0.00750000000000014));
#9253=CARTESIAN_POINT('',(0.096689324115451,0.0529607797945211,0.00750000000000015));
#9254=CARTESIAN_POINT('',(0.096758643526205,0.0522614034741391,0.00750000000000015));
#9255=CARTESIAN_POINT('',(0.0968005308889865,0.0517947351277392,0.00750000000000015));
#9256=CARTESIAN_POINT('',(0.097001071240302,0.0494609660015399,0.00750000000000014));
#9257=CARTESIAN_POINT('',(0.0971387043776265,0.0475922621936409,0.00750000000000014));
#9258=CARTESIAN_POINT('',(0.0973371935501615,0.0447886169238601,0.00750000000000013));
#9259=CARTESIAN_POINT('',(0.0974021401558285,0.0438539784100591,0.00750000000000013));
#9260=CARTESIAN_POINT('',(0.0975330291385105,0.0419847751293592,0.00750000000000013));
#9261=CARTESIAN_POINT('',(0.0975986818910345,0.0410501889128589,0.00750000000000012));
#9262=CARTESIAN_POINT('',(0.0977307929392625,0.0391810761384601,0.00750000000000012));
#9263=CARTESIAN_POINT('',(0.0977972589237085,0.0382465501499994,0.00750000000000011));
#9264=CARTESIAN_POINT('',(0.0979313527096415,0.0363775842173606,0.00750000000000011));
#9265=CARTESIAN_POINT('',(0.097998921654569,0.0354431399142782,0.0075));
#9266=CARTESIAN_POINT('',(0.0981341902324535,0.0335742609868604,0.0075));
#9267=CARTESIAN_POINT('',(0.0982018908017005,0.0326398132380792,0.0075000000000001));
#9268=CARTESIAN_POINT('',(0.0983365031342685,0.0307709448861005,0.0075000000000001));
#9269=CARTESIAN_POINT('',(0.098403322033449,0.029836532870819,0.0075000000000001));
#9270=CARTESIAN_POINT('',(0.0985378442941865,0.027967668615279,0.0075000000000001));
#9271=CARTESIAN_POINT('',(0.098605986278217,0.0270331964266593,0.0075000000000001));
#9272=CARTESIAN_POINT('',(0.0987418081796855,0.025164273064,0.00750000000000009));
#9273=CARTESIAN_POINT('',(0.0988092472874795,0.0242298328418986,0.0075000000000001));
#9274=CARTESIAN_POINT('',(0.0990042607098205,0.0214268443539005,0.0075000000000001));
#9275=CARTESIAN_POINT('',(0.099125628490629,0.0195585783585593,0.00750000000000009));
#9276=CARTESIAN_POINT('',(0.0992511720567925,0.0167587493303198,0.0075));
#9277=CARTESIAN_POINT('',(0.0992835788319455,0.01582590236392,0.0075));
#9278=CARTESIAN_POINT('',(0.099322299145561,0.0139613951405177,0.0075));
#9279=CARTESIAN_POINT('',(0.0993285833273575,0.0130297362186393,0.0075));
#9280=CARTESIAN_POINT('',(0.099313896201729,0.0116333445030001,0.0075));
#9281=CARTESIAN_POINT('',(0.0993049783812535,0.0111680635217599,0.0075));
#9282=CARTESIAN_POINT('',(0.0992783627476245,0.0102379008695994,0.0075));
#9283=CARTESIAN_POINT('',(0.0992607122456705,0.00977301704702071,0.0075));
#9284=CARTESIAN_POINT('',(0.0991960012903145,0.00837890039406019,0.0075));
#9285=CARTESIAN_POINT('',(0.0991372112532065,0.00745020102021953,0.00749999999999963));
#9286=CARTESIAN_POINT('',(0.0989236582605385,0.00466579396041844,0.00749999999999963));
#9287=CARTESIAN_POINT('',(0.098730903226131,0.00281181413819809,0.0075));
#9288=CARTESIAN_POINT('',(0.098437881667773,0.000496707835198503,0.0075));
#9289=CARTESIAN_POINT('',(0.09837667573375,3.38048952990239E-5,0.0075));
#9290=CARTESIAN_POINT('',(0.0982493101997395,-0.000891775693899536,0.0075));
#9291=CARTESIAN_POINT('',(0.098183103605932,-0.00135445120590028,0.0075));
#9292=CARTESIAN_POINT('',(0.0980441901799145,-0.00227950660182153,0.0075));
#9293=CARTESIAN_POINT('',(0.0979715092296075,-0.00274188766284134,0.0075));
#9294=CARTESIAN_POINT('',(0.097818066275852,-0.00366628226196043,0.0075));
#9295=CARTESIAN_POINT('',(0.097737061084352,-0.00412828474000016,0.0075));
#9296=CARTESIAN_POINT('',(0.097602788173773,-0.00482070790462075,0.0075));
#9297=CARTESIAN_POINT('',(0.097555865690296,-0.00505141716986124,0.0075));
#9298=CARTESIAN_POINT('',(0.097456817251359,-0.00551259904860047,0.0075));
#9299=CARTESIAN_POINT('',(0.0974048117313535,-0.00574307713947953,0.0075));
#9300=CARTESIAN_POINT('',(0.097242442431415,-0.00643422249217985,0.0075));
#9301=CARTESIAN_POINT('',(0.0971257135199975,-0.00689460027049904,0.0075));
#9302=CARTESIAN_POINT('',(0.09675917297175,-0.00827498984090092,0.0075));
#9303=CARTESIAN_POINT('',(0.094789346437917,-0.0150775640488003,0.0075));
#9304=CARTESIAN_POINT('',(0.0930515702422955,-0.0218906918079807,0.00749999999999975));
#9305=CARTESIAN_POINT('',(0.091629540075477,-0.0277868064433804,0.00749999999999938));
#9306=CARTESIAN_POINT('',(0.085548350050263,0.0674298220238985,0.));
#9307=CARTESIAN_POINT('',(0.0846833041256494,0.0674295053091558,0.0325));
#9308=CARTESIAN_POINT('',(0.0846832966516342,0.0674294997734515,0.0075));
#9309=CARTESIAN_POINT('',(0.0846833144421974,0.0674295093172127,0.0025));
#9310=CARTESIAN_POINT('',(0.0282359022259486,0.0674094272890808,0.0075));
#9311=CARTESIAN_POINT('',(0.076225135914483,0.0674265043418192,0.0075));
#9312=CARTESIAN_POINT('',(0.076225135914483,0.0674265043417996,0.00129999950225215));
#9313=CARTESIAN_POINT('',(0.084683318099059,0.0674295142007654,0.0025));
#9314=CARTESIAN_POINT('',(0.084683318099059,0.0674295142007654,0.00166666666666667));
#9315=CARTESIAN_POINT('',(0.084683318099059,0.0674295142007654,0.000833333333333339));
#9316=CARTESIAN_POINT('',(0.084683318099059,0.0674295142007654,7.58941520739853E-18));
#9317=CARTESIAN_POINT('',(0.0612220143350271,0.0674267005523806,0.0075));
#9318=CARTESIAN_POINT('',(0.0612220143350271,0.0674267005523807,0.));
#9319=CARTESIAN_POINT('',(0.063721930246648,0.067438068557024,0.00749999999999998));
#9320=CARTESIAN_POINT('',(0.063721930246648,0.067438068557024,-1.30104260698261E-17));
#9321=CARTESIAN_POINT('',(0.0687237250801036,0.0674154394320703,0.0075));
#9322=CARTESIAN_POINT('',(0.0687237250801036,0.0674154394320703,3.46944695195361E-18));
#9323=CARTESIAN_POINT('',(0.0737246967893414,0.0674308837463508,0.0075));
#9324=CARTESIAN_POINT('',(0.0737246967893414,0.0674308837463508,8.67361737988404E-19));
#9325=CARTESIAN_POINT('',(0.0762251359143456,0.067426504172745,0.0075));
#9326=CARTESIAN_POINT('',(0.0762251359143456,0.067426504172745,-8.67361737988404E-19));
#9327=CARTESIAN_POINT('',(0.0398466305540564,-0.0136778590544218,0.00749999999999956));
#9328=CARTESIAN_POINT('',(0.0399875007861002,-0.0125220131183799,0.0074999999999996));
#9329=CARTESIAN_POINT('',(0.040128371018144,-0.0113661671823202,0.00749999999999965));
#9330=CARTESIAN_POINT('',(0.0402692412501876,-0.0102103212462818,0.00749999999999968));
#9331=CARTESIAN_POINT('',(0.040856498114791,-0.00539185498466211,0.00749999999999985));
#9332=CARTESIAN_POINT('',(0.0415575248382484,0.000360097557898338,0.0075));
#9333=CARTESIAN_POINT('',(0.0418969828136636,0.00613095964510002,0.0075));
#9334=CARTESIAN_POINT('',(0.0419998618861354,0.00800445178595943,0.0075));
#9335=CARTESIAN_POINT('',(0.042047638685257,0.00894138941247924,0.0075));
#9336=CARTESIAN_POINT('',(0.0421918927468014,0.0117521539856593,0.0075));
#9337=CARTESIAN_POINT('',(0.0422873373792768,0.0136260349374595,0.0075));
#9338=CARTESIAN_POINT('',(0.0425736576893756,0.0192476785034384,0.0075));
#9339=CARTESIAN_POINT('',(0.04276429751192,0.0229954534525003,0.0075));
#9340=CARTESIAN_POINT('',(0.0430525568084656,0.0286169956121789,0.0075));
#9341=CARTESIAN_POINT('',(0.0431492023406608,0.0304908137065407,0.00750000000000035));
#9342=CARTESIAN_POINT('',(0.0433424402604602,0.0342384525642405,0.00750000000000036));
#9343=CARTESIAN_POINT('',(0.0435354041222722,0.0379861073133992,0.00750000000000009));
#9344=CARTESIAN_POINT('',(0.043723874528925,0.0417340226187601,0.00750000000000009));
#9345=CARTESIAN_POINT('',(0.0438620626805782,0.0445451426024998,0.0075000000000001));
#9346=CARTESIAN_POINT('',(0.0439075677323504,0.0454822149336991,0.0075000000000001));
#9347=CARTESIAN_POINT('',(0.043997406280999,0.0473564275295804,0.00750000000000011));
#9348=CARTESIAN_POINT('',(0.0440642086994218,0.0487621204048398,0.0075000000000001));
#9349=CARTESIAN_POINT('',(0.044134464322691,0.0501676130435396,0.00750000000000012));
#9350=CARTESIAN_POINT('',(0.0441825485470104,0.0511045358195599,0.00750000000000012));
#9351=CARTESIAN_POINT('',(0.0442070635855968,0.051572969784619,0.00750000000000012));
#9352=CARTESIAN_POINT('',(0.044258522538049,0.0525096968745995,0.00750000000000012));
#9353=CARTESIAN_POINT('',(0.044286047319725,0.0529779563175197,0.00750000000000012));
#9354=CARTESIAN_POINT('',(0.0443507946484396,0.0539139128714581,0.00750000000000012));
#9355=CARTESIAN_POINT('',(0.044387653221802,0.0543816310877396,0.00750000000000012));
#9356=CARTESIAN_POINT('',(0.0444532632965937,0.055082609871139,0.00750000000000012));
#9357=CARTESIAN_POINT('',(0.0444770525580024,0.0553161581773001,0.00750000000000013));
#9358=CARTESIAN_POINT('',(0.0445308660645366,0.0557828932495799,0.00750000000000013));
#9359=CARTESIAN_POINT('',(0.0445607626573692,0.0560160874177189,0.00750000000000013));
#9360=CARTESIAN_POINT('',(0.0446125432954912,0.0563654764955395,0.00750000000000013));
#9361=CARTESIAN_POINT('',(0.0446310696391874,0.0564818661039599,0.00750000000000013));
#9362=CARTESIAN_POINT('',(0.044671819303666,0.05671443094894,0.00750000000000013));
#9363=CARTESIAN_POINT('',(0.0446940442484484,0.056830556901339,0.00750000000000012));
#9364=CARTESIAN_POINT('',(0.044767503842565,0.0571760535984396,0.00750000000000012));
#9365=CARTESIAN_POINT('',(0.044825879705308,0.0574031317658985,0.00750000000000013));
#9366=CARTESIAN_POINT('',(0.044967493297691,0.0578486869654,0.00750000000000013));
#9367=CARTESIAN_POINT('',(0.0450504106381622,0.0580672748382991,0.00750000000000012));
#9368=CARTESIAN_POINT('',(0.045196818112645,0.0583875347097997,0.00750000000000012));
#9369=CARTESIAN_POINT('',(0.0452494049634744,0.0584929787749395,0.00750000000000013));
#9370=CARTESIAN_POINT('',(0.0453338139969406,0.0586492321607004,0.00750000000000013));
#9371=CARTESIAN_POINT('',(0.0453629198809884,0.0587010978282603,0.00750000000000013));
#9372=CARTESIAN_POINT('',(0.045422553660798,0.0588036288958396,0.00750000000000013));
#9373=CARTESIAN_POINT('',(0.0454530800686104,0.0588543016822793,0.00750000000000013));
#9374=CARTESIAN_POINT('',(0.045733817325834,0.0593053445691396,0.00750000000000013));
#9375=CARTESIAN_POINT('',(0.0460259283084702,0.0596707103475786,0.00750000000000014));
#9376=CARTESIAN_POINT('',(0.0465008635527072,0.0601880415502993,0.00750000000000014));
#9377=CARTESIAN_POINT('',(0.0466652690101004,0.0603553944614994,0.00750000000000014));
#9378=CARTESIAN_POINT('',(0.0470018893407016,0.0606835761207609,0.00750000000000014));
#9379=CARTESIAN_POINT('',(0.0471743589291836,0.0608444158801404,0.00750000000000013));
#9380=CARTESIAN_POINT('',(0.0475237108221878,0.0611596243945005,0.00750000000000013));
#9381=CARTESIAN_POINT('',(0.0477007929267174,0.0613142002434799,0.00750000000000014));
#9382=CARTESIAN_POINT('',(0.0480580566278946,0.0616194508977994,0.00750000000000014));
#9383=CARTESIAN_POINT('',(0.0482381502929534,0.0617702363744979,0.00750000000000014));
#9384=CARTESIAN_POINT('',(0.0487817726840776,0.0622183872990387,0.00750000000000014));
#9385=CARTESIAN_POINT('',(0.04914878309072,0.06251137067804,0.00750000000000015));
#9386=CARTESIAN_POINT('',(0.0498882908920432,0.0630904314724994,0.00750000000000015));
#9387=CARTESIAN_POINT('',(0.0502607152824435,0.0633766007716599,0.00750000000000015));
#9388=CARTESIAN_POINT('',(0.051005241218521,0.0639493457047387,0.00750000000000015));
#9389=CARTESIAN_POINT('',(0.0513775824740755,0.0642356196380387,0.00750000000000014));
#9390=CARTESIAN_POINT('',(0.0519403506177145,0.064659673577399,0.00750000000000014));
#9391=CARTESIAN_POINT('',(0.0521286677356135,0.0648001089557795,0.00750000000000015));
#9392=CARTESIAN_POINT('',(0.0525082388180745,0.0650772833756594,0.00750000000000015));
#9393=CARTESIAN_POINT('',(0.0526996596341925,0.06521413309172,0.00750000000000015));
#9394=CARTESIAN_POINT('',(0.053278498806931,0.0656149160548996,0.00750000000000015));
#9395=CARTESIAN_POINT('',(0.0536706901124485,0.0658695800938798,0.00750000000000015));
#9396=CARTESIAN_POINT('',(0.0542769492267145,0.0662158385520986,0.00750000000000015));
#9397=CARTESIAN_POINT('',(0.054482056035965,0.0663252519029403,0.00750000000000015));
#9398=CARTESIAN_POINT('',(0.054899540622163,0.0665296202982582,0.00750000000000015));
#9399=CARTESIAN_POINT('',(0.055111829916292,0.0666247512906999,0.00750000000000015));
#9400=CARTESIAN_POINT('',(0.055436902364219,0.0667542471204801,0.00750000000000015));
#9401=CARTESIAN_POINT('',(0.0555463820593585,0.0667951808795202,0.00750000000000015));
#9402=CARTESIAN_POINT('',(0.0557679033662425,0.066871954030999,0.00750000000000015));
#9403=CARTESIAN_POINT('',(0.055991975887977,0.0669436540962582,0.00750000000000019));
#9404=CARTESIAN_POINT('',(0.0562207667649875,0.0670059717204996,0.00750000000000015));
#9405=CARTESIAN_POINT('',(0.056451717910266,0.0670639936550987,0.00750000000000015));
#9406=CARTESIAN_POINT('',(0.0565676857374505,0.0670907050280789,0.00750000000000015));
#9407=CARTESIAN_POINT('',(0.056915370470579,0.0671645058762991,0.00750000000000015));
#9408=CARTESIAN_POINT('',(0.057147549725279,0.0672055986550593,0.00750000000000017));
#9409=CARTESIAN_POINT('',(0.0576125206874425,0.0672750332611187,0.00750000000000017));
#9410=CARTESIAN_POINT('',(0.0578453201438765,0.067303213758839,0.00750000000000017));
#9411=CARTESIAN_POINT('',(0.058311453656567,0.0673484446609596,0.00750000000000017));
#9412=CARTESIAN_POINT('',(0.0585447927709015,0.0673653897587805,0.00750000000000015));
#9413=CARTESIAN_POINT('',(0.0590118944183215,0.067390464593819,0.00750000000000015));
#9414=CARTESIAN_POINT('',(0.0592456496088035,0.0673987472003006,0.00750000000000015));
#9415=CARTESIAN_POINT('',(0.0597133813282995,0.0674107042588403,0.00750000000000015));
#9416=CARTESIAN_POINT('',(0.059947352688536,0.0674144863222193,0.00750000000000016));
#9417=CARTESIAN_POINT('',(0.060415354621439,0.06742081767662,0.00750000000000016));
#9418=CARTESIAN_POINT('',(0.0611174829823005,0.0674277026641992,0.00750000000000017));
#9419=CARTESIAN_POINT('',(0.0618198933655625,0.067428716090479,0.00750000000000015));
#9420=CARTESIAN_POINT('',(0.0627565227472335,0.0674283558807609,0.00750000000000015));
#9421=CARTESIAN_POINT('',(0.063224870466631,0.0674274881382395,0.00750000000000017));
#9422=CARTESIAN_POINT('',(0.064629846697766,0.067426278297539,0.00750000000000017));
#9423=CARTESIAN_POINT('',(0.0655664740975685,0.0674262218207389,0.00750000000000015));
#9424=CARTESIAN_POINT('',(0.0683763847008245,0.0674252296576992,0.00750000000000015));
#9425=CARTESIAN_POINT('',(0.070249658417748,0.0674237601038996,0.00750000000000016));
#9426=CARTESIAN_POINT('',(0.073996205985286,0.0674266355983004,0.00750000000000017));
#9427=CARTESIAN_POINT('',(0.075869631475009,0.0674310805232583,0.00750000000000016));
#9428=CARTESIAN_POINT('',(0.0786791859596265,0.0674166154207381,0.00750000000000016));
#9429=CARTESIAN_POINT('',(0.0796156420613245,0.0674101996591983,0.00750000000000017));
#9430=CARTESIAN_POINT('',(0.0810183509952495,0.0673498408179398,0.00750000000000017));
#9431=CARTESIAN_POINT('',(0.0814855900076945,0.0673212286302203,0.00750000000000017));
#9432=CARTESIAN_POINT('',(0.0821857064761775,0.0672592501476999,0.00750000000000017));
#9433=CARTESIAN_POINT('',(0.0824189538987575,0.0672353867636204,0.00750000000000017));
#9434=CARTESIAN_POINT('',(0.082885133075257,0.0671795517727993,0.00750000000000017));
#9435=CARTESIAN_POINT('',(0.0831183820465305,0.0671476678664007,0.00750000000000016));
#9436=CARTESIAN_POINT('',(0.083580808896265,0.0670724799066793,0.00750000000000016));
#9437=CARTESIAN_POINT('',(0.0838102309044785,0.0670289533680393,0.00750000000000017));
#9438=CARTESIAN_POINT('',(0.0842647746026175,0.0669276591085399,0.00750000000000017));
#9439=CARTESIAN_POINT('',(0.084489936372849,0.0668700241199201,0.00750000000000017));
#9440=CARTESIAN_POINT('',(0.0849355569119605,0.0667391794120196,0.00750000000000017));
#9441=CARTESIAN_POINT('',(0.0851559898640395,0.0666658841962988,0.00750000000000017));
#9442=CARTESIAN_POINT('',(0.0855917247230805,0.0665023014997193,0.00750000000000017));
#9443=CARTESIAN_POINT('',(0.085807078921916,0.0664121871916592,0.00750000000000017));
#9444=CARTESIAN_POINT('',(0.086126360267351,0.0662645971693987,0.00750000000000017));
#9445=CARTESIAN_POINT('',(0.086232161513509,0.0662133278314396,0.00750000000000016));
#9446=CARTESIAN_POINT('',(0.086442504686458,0.0661066187208395,0.00750000000000016));
#9447=CARTESIAN_POINT('',(0.0865466990303055,0.0660513220477395,0.00750000000000017));
#9448=CARTESIAN_POINT('',(0.086855048022184,0.0658809739278397,0.00750000000000017));
#9449=CARTESIAN_POINT('',(0.087055680914235,0.0657611479821991,0.00750000000000017));
#9450=CARTESIAN_POINT('',(0.0876459147110945,0.0653868664078203,0.00750000000000017));
#9451=CARTESIAN_POINT('',(0.0880235931786785,0.0651172801784785,0.00750000000000016));
#9452=CARTESIAN_POINT('',(0.0885797053085535,0.0646996952671586,0.00750000000000016));
#9453=CARTESIAN_POINT('',(0.0887634972679315,0.0645584967261392,0.00750000000000017));
#9454=CARTESIAN_POINT('',(0.089128991709645,0.0642734479175999,0.00750000000000016));
#9455=CARTESIAN_POINT('',(0.0893105809903905,0.0641294539874995,0.00750000000000017));
#9456=CARTESIAN_POINT('',(0.089852183204308,0.0636934547419781,0.00750000000000017));
#9457=CARTESIAN_POINT('',(0.0902091271972045,0.0633975546767793,0.00750000000000017));
#9458=CARTESIAN_POINT('',(0.09091501124313,0.0627955968566791,0.00750000000000017));
#9459=CARTESIAN_POINT('',(0.091263802068634,0.0624893497191987,0.00750000000000016));
#9460=CARTESIAN_POINT('',(0.09195524152233,0.0618690604663392,0.00750000000000016));
#9461=CARTESIAN_POINT('',(0.092298166171064,0.0615553686448198,0.00750000000000017));
#9462=CARTESIAN_POINT('',(0.092806272811467,0.0610768606289405,0.00750000000000017));
#9463=CARTESIAN_POINT('',(0.092974590665378,0.0609160086654583,0.00750000000000017));
#9464=CARTESIAN_POINT('',(0.0933079314589705,0.0605918869021789,0.00750000000000017));
#9465=CARTESIAN_POINT('',(0.0934730450702705,0.0604285343635986,0.00750000000000016));
#9466=CARTESIAN_POINT('',(0.093963021170621,0.0599340256560392,0.00750000000000015));
#9467=CARTESIAN_POINT('',(0.0942823959701855,0.0595983163793008,0.00750000000000016));
#9468=CARTESIAN_POINT('',(0.094736916613972,0.0590743904616584,0.00750000000000016));
#9469=CARTESIAN_POINT('',(0.094884332768925,0.0588963544345003,0.00750000000000013));
#9470=CARTESIAN_POINT('',(0.095168666093654,0.0585315714261991,0.00750000000000013));
#9471=CARTESIAN_POINT('',(0.095306086305702,0.0583452418165997,0.00750000000000016));
#9472=CARTESIAN_POINT('',(0.0954985796392605,0.0580544328662409,0.00750000000000016));
#9473=CARTESIAN_POINT('',(0.095560435540939,0.0579555811633199,0.00750000000000015));
#9474=CARTESIAN_POINT('',(0.09567770644045,0.0577525337726605,0.00750000000000015));
#9475=CARTESIAN_POINT('',(0.0957329518261305,0.0576481973586205,0.00750000000000017));
#9476=CARTESIAN_POINT('',(0.095810128392982,0.0574869705195393,0.00750000000000017));
#9477=CARTESIAN_POINT('',(0.095835017612427,0.0574323132904997,0.00750000000000017));
#9478=CARTESIAN_POINT('',(0.095882694985439,0.05732240870414,0.00750000000000017));
#9479=CARTESIAN_POINT('',(0.0959054511925845,0.0572672568963597,0.00750000000000015));
#9480=CARTESIAN_POINT('',(0.095970776154544,0.057101258919559,0.00750000000000015));
#9481=CARTESIAN_POINT('',(0.0960896772516855,0.0567670975091392,0.00750000000000017));
#9482=CARTESIAN_POINT('',(0.0961795225182975,0.0564275807430992,0.00750000000000015));
#9483=CARTESIAN_POINT('',(0.096282845806257,0.0559718560193385,0.00750000000000015));
#9484=CARTESIAN_POINT('',(0.096326321343209,0.0557424848548198,0.00750000000000017));
#9485=CARTESIAN_POINT('',(0.0964051680186775,0.0552822487830191,0.00750000000000017));
#9486=CARTESIAN_POINT('',(0.0964401970330305,0.055051320817979,0.00750000000000015));
#9487=CARTESIAN_POINT('',(0.0965045055031075,0.0545884051717795,0.00750000000000015));
#9488=CARTESIAN_POINT('',(0.096533874148315,0.0543564339293994,0.00750000000000014));
#9489=CARTESIAN_POINT('',(0.096589193490999,0.05389186147376,0.00750000000000014));
#9490=CARTESIAN_POINT('',(0.09661512531078,0.0536592567811383,0.00750000000000014));
#9491=CARTESIAN_POINT('',(0.096665246007933,0.0531937261496793,0.00750000000000014));
#9492=CARTESIAN_POINT('',(0.096689324115451,0.0529607797945211,0.00750000000000015));
#9493=CARTESIAN_POINT('',(0.096758643526205,0.0522614034741391,0.00750000000000015));
#9494=CARTESIAN_POINT('',(0.0968005308889865,0.0517947351277392,0.00750000000000015));
#9495=CARTESIAN_POINT('',(0.097001071240302,0.0494609660015399,0.00750000000000014));
#9496=CARTESIAN_POINT('',(0.0971387043776265,0.0475922621936409,0.00750000000000014));
#9497=CARTESIAN_POINT('',(0.0973371935501615,0.0447886169238601,0.00750000000000013));
#9498=CARTESIAN_POINT('',(0.0974021401558285,0.0438539784100591,0.00750000000000013));
#9499=CARTESIAN_POINT('',(0.0975330291385105,0.0419847751293592,0.00750000000000013));
#9500=CARTESIAN_POINT('',(0.0975986818910345,0.0410501889128589,0.00750000000000012));
#9501=CARTESIAN_POINT('',(0.0977307929392625,0.0391810761384601,0.00750000000000012));
#9502=CARTESIAN_POINT('',(0.0977972589237085,0.0382465501499994,0.00750000000000011));
#9503=CARTESIAN_POINT('',(0.0979313527096415,0.0363775842173606,0.00750000000000011));
#9504=CARTESIAN_POINT('',(0.097998921654569,0.0354431399142782,0.0075));
#9505=CARTESIAN_POINT('',(0.0981341902324535,0.0335742609868604,0.0075));
#9506=CARTESIAN_POINT('',(0.0982018908017005,0.0326398132380792,0.0075000000000001));
#9507=CARTESIAN_POINT('',(0.0983365031342685,0.0307709448861005,0.0075000000000001));
#9508=CARTESIAN_POINT('',(0.098403322033449,0.029836532870819,0.0075000000000001));
#9509=CARTESIAN_POINT('',(0.0985378442941865,0.027967668615279,0.0075000000000001));
#9510=CARTESIAN_POINT('',(0.098605986278217,0.0270331964266593,0.0075000000000001));
#9511=CARTESIAN_POINT('',(0.0987418081796855,0.025164273064,0.00750000000000009));
#9512=CARTESIAN_POINT('',(0.0988092472874795,0.0242298328418986,0.0075000000000001));
#9513=CARTESIAN_POINT('',(0.0990042607098205,0.0214268443539005,0.0075000000000001));
#9514=CARTESIAN_POINT('',(0.099125628490629,0.0195585783585593,0.00750000000000009));
#9515=CARTESIAN_POINT('',(0.0992511720567925,0.0167587493303198,0.0075));
#9516=CARTESIAN_POINT('',(0.0992835788319455,0.01582590236392,0.0075));
#9517=CARTESIAN_POINT('',(0.099322299145561,0.0139613951405177,0.0075));
#9518=CARTESIAN_POINT('',(0.0993285833273575,0.0130297362186393,0.0075));
#9519=CARTESIAN_POINT('',(0.099313896201729,0.0116333445030001,0.0075));
#9520=CARTESIAN_POINT('',(0.0993049783812535,0.0111680635217599,0.0075));
#9521=CARTESIAN_POINT('',(0.0992783627476245,0.0102379008695994,0.0075));
#9522=CARTESIAN_POINT('',(0.0992607122456705,0.00977301704702071,0.0075));
#9523=CARTESIAN_POINT('',(0.0991960012903145,0.00837890039406019,0.0075));
#9524=CARTESIAN_POINT('',(0.0991372112532065,0.00745020102021953,0.00749999999999963));
#9525=CARTESIAN_POINT('',(0.0989236582605385,0.00466579396041844,0.00749999999999963));
#9526=CARTESIAN_POINT('',(0.098730903226131,0.00281181413819809,0.0075));
#9527=CARTESIAN_POINT('',(0.098437881667773,0.000496707835198503,0.0075));
#9528=CARTESIAN_POINT('',(0.09837667573375,3.38048952990239E-5,0.0075));
#9529=CARTESIAN_POINT('',(0.0982493101997395,-0.000891775693899536,0.0075));
#9530=CARTESIAN_POINT('',(0.098183103605932,-0.00135445120590028,0.0075));
#9531=CARTESIAN_POINT('',(0.0980441901799145,-0.00227950660182153,0.0075));
#9532=CARTESIAN_POINT('',(0.0979715092296075,-0.00274188766284134,0.0075));
#9533=CARTESIAN_POINT('',(0.097818066275852,-0.00366628226196043,0.0075));
#9534=CARTESIAN_POINT('',(0.097737061084352,-0.00412828474000016,0.0075));
#9535=CARTESIAN_POINT('',(0.097602788173773,-0.00482070790462075,0.0075));
#9536=CARTESIAN_POINT('',(0.097555865690296,-0.00505141716986124,0.0075));
#9537=CARTESIAN_POINT('',(0.097456817251359,-0.00551259904860047,0.0075));
#9538=CARTESIAN_POINT('',(0.0974048117313535,-0.00574307713947953,0.0075));
#9539=CARTESIAN_POINT('',(0.097242442431415,-0.00643422249217985,0.0075));
#9540=CARTESIAN_POINT('',(0.0971257135199975,-0.00689460027049904,0.0075));
#9541=CARTESIAN_POINT('',(0.09675917297175,-0.00827498984090092,0.0075));
#9542=CARTESIAN_POINT('',(0.094789346437917,-0.0150775640488003,0.0075));
#9543=CARTESIAN_POINT('',(0.0930515702422955,-0.0218906918079807,0.00749999999999975));
#9544=CARTESIAN_POINT('',(0.091629540075477,-0.0277868064433804,0.00749999999999938));
#9545=CARTESIAN_POINT('',(0.084621590354726,0.0674757193569873,0.00750000000000001));
#9546=CARTESIAN_POINT('',(0.084621590354726,0.0674757193569873,8.67361737988404E-19));
#9547=CARTESIAN_POINT('',(0.0863457585506252,0.066183899941456,0.00750000000000001));
#9548=CARTESIAN_POINT('',(0.0863457585506252,0.066183899941456,8.67361737988404E-19));
#9549=CARTESIAN_POINT('',(0.0889468149598766,0.0642655223332136,0.0075));
#9550=CARTESIAN_POINT('',(0.0889468149598766,0.0642655223332136,-5.20417042793042E-18));
#9551=CARTESIAN_POINT('',(0.0922827687441011,0.0615345528244853,0.00750000000000003));
#9552=CARTESIAN_POINT('',(0.0922827687441011,0.0615345528244853,1.90819582357449E-17));
#9553=CARTESIAN_POINT('',(0.0938660156822542,0.0600763441785253,0.00750000000000001));
#9554=CARTESIAN_POINT('',(0.0938660156822542,0.0600763441785253,0.));
#9555=CARTESIAN_POINT('',(0.0945749666606371,0.0592610565966793,0.00750000000000001));
#9556=CARTESIAN_POINT('',(0.0945749666606371,0.0592610565966793,0.));
#9557=CARTESIAN_POINT('',(0.0832709775045015,0.0684959420133993,0.0075));
#9558=CARTESIAN_POINT('',(0.0836234101972435,0.0682275225069784,0.0075));
#9559=CARTESIAN_POINT('',(0.0844181743899325,0.0676259546350604,0.0075));
#9560=CARTESIAN_POINT('',(0.0852174151676725,0.0670303268069397,0.0075));
#9561=CARTESIAN_POINT('',(0.0861049399461235,0.0663678274102395,0.0075));
#9562=CARTESIAN_POINT('',(0.086548513986735,0.0660363277894405,0.0075));
#9563=CARTESIAN_POINT('',(0.087875997923838,0.0650375321341397,0.0075));
#9564=CARTESIAN_POINT('',(0.0887569916089865,0.0643660738247398,0.0075));
#9565=CARTESIAN_POINT('',(0.09006209758799,0.0633383852637,0.0075));
#9566=CARTESIAN_POINT('',(0.0904943784155025,0.0629924026869784,0.0075));
#9567=CARTESIAN_POINT('',(0.0913508723747635,0.0622904214520208,0.0075));
#9568=CARTESIAN_POINT('',(0.0917753348642115,0.0619343106348005,0.0075));
#9569=CARTESIAN_POINT('',(0.0926108058062935,0.0612078203376605,0.0075));
#9570=CARTESIAN_POINT('',(0.093021950252742,0.0608376654383989,0.0075));
#9571=CARTESIAN_POINT('',(0.0936214964681615,0.0602644323132395,0.0075));
#9572=CARTESIAN_POINT('',(0.0938184411604625,0.0600703101259992,0.0075));
#9573=CARTESIAN_POINT('',(0.094204028818966,0.0596733625738395,0.0075));
#9574=CARTESIAN_POINT('',(0.0946875150283445,0.0591539156945391,0.0075));
#9575=CARTESIAN_POINT('',(0.0951283956594695,0.0585898029334206,0.0075));
#9576=CARTESIAN_POINT('',(0.095397191746936,0.0582458746853387,0.0075));
#9577=CARTESIAN_POINT('',(0.0954037309293225,0.0582375077125796,0.0075));
#9578=CARTESIAN_POINT('',(0.095410270111709,0.0582291407398206,0.0075));
#9579=CARTESIAN_POINT('',(0.0954168092940955,0.0582207737670402,0.0075));
#9580=CARTESIAN_POINT('',(0.0706777554288585,0.0157244315137571,0.0075));
#9581=CARTESIAN_POINT('',(0.0564132096713703,-0.0427414143027601,0.0075));
#9582=CARTESIAN_POINT('',(0.063520357384199,-0.0427414143027601,0.00750430067711446));
#9583=CARTESIAN_POINT('',(0.063520357384199,-0.000183652952417651,0.0075));
#9584=CARTESIAN_POINT('',(0.0706777554288585,0.0157244315137571,0.0075));
#9585=CARTESIAN_POINT('',(0.0842845946041685,-0.0429830897813879,0.0075));
#9586=CARTESIAN_POINT('',(0.0884052963047126,-0.0430545571620995,0.0075));
#9587=CARTESIAN_POINT('',(0.0884052963047127,-0.0430545571620994,0.0075));
#9588=CARTESIAN_POINT('',(0.0888848902841521,-0.0425351750155577,0.0075));
#9589=CARTESIAN_POINT('',(0.0896898424763377,-0.0413322375537391,0.0075));
#9590=CARTESIAN_POINT('',(0.090200540592859,-0.0400114034035378,0.0075));
#9591=CARTESIAN_POINT('',(0.0904296590754728,-0.039335809018195,0.0075));
#9592=CARTESIAN_POINT('',(0.0904296590754728,-0.039335809018195,0.0075));
#9593=CARTESIAN_POINT('',(0.0904296348169183,-0.0393358007926018,0.0075));
#9594=CARTESIAN_POINT('',(0.0908273726709454,-0.0381628099524873,0.0075));
#9595=CARTESIAN_POINT('',(0.0914998632974554,-0.0357814644476761,0.0075));
#9596=CARTESIAN_POINT('',(0.0928721519032314,-0.0310266255484118,0.0075));
#9597=CARTESIAN_POINT('',(0.0945667292019794,-0.0250771007313623,0.0075));
#9598=CARTESIAN_POINT('',(0.0966036130961867,-0.0179386460572076,0.0075));
#9599=CARTESIAN_POINT('',(0.0979573532908836,-0.0131784736431183,0.0075));
#9600=CARTESIAN_POINT('',(0.0986353505471124,-0.0107987115457007,0.0075));
#9601=CARTESIAN_POINT('',(0.0986353505471124,-0.0107987115457007,0.0075));
#9602=CARTESIAN_POINT('',(0.0986353505471124,-0.0107987115457007,0.0075));
#9603=CARTESIAN_POINT('',(0.0990536866192064,-0.00933035703658442,0.0075));
#9604=CARTESIAN_POINT('',(0.0999137000539438,-0.00639593980606686,0.0075));
#9605=CARTESIAN_POINT('',(0.100649368963147,-0.00193989796913399,0.0075));
#9606=CARTESIAN_POINT('',(0.101228587805287,0.00253148394903271,0.0075));
#9607=CARTESIAN_POINT('',(0.101643230246839,0.00701907906303532,0.0075));
#9608=CARTESIAN_POINT('',(0.101855167872998,0.0115263484392015,0.0075));
#9609=CARTESIAN_POINT('',(0.101785797317701,0.0175716905075616,0.0075));
#9610=CARTESIAN_POINT('',(0.101251897551551,0.0251645348612759,0.0075));
#9611=CARTESIAN_POINT('',(0.100589458986283,0.034256376449586,0.0075));
#9612=CARTESIAN_POINT('',(0.10004660798382,0.0418375230474123,0.0075));
#9613=CARTESIAN_POINT('',(0.0996803910835501,0.0471448632790064,0.0075));
#9614=CARTESIAN_POINT('',(0.0994474402801134,0.0501754581651733,0.0075));
#9615=CARTESIAN_POINT('',(0.0992585703460205,0.052448637434935,0.0075));
#9616=CARTESIAN_POINT('',(0.099023094628914,0.0547132955638883,0.0075));
#9617=CARTESIAN_POINT('',(0.0986978142848697,0.0569760830095972,0.0075));
#9618=CARTESIAN_POINT('',(0.09791162214576,0.0591253052125273,0.0075));
#9619=CARTESIAN_POINT('',(0.0969621733841849,0.060325580604834,0.0075));
#9620=CARTESIAN_POINT('',(0.0964616594899076,0.0609012982516625,0.0075));
#9621=CARTESIAN_POINT('',(0.0964616594899077,0.0609012982516624,0.0075));
#9622=CARTESIAN_POINT('',(0.0964616594899077,0.0609012982516624,0.0075));
#9623=CARTESIAN_POINT('',(0.095681069759386,0.061799004134323,0.0075));
#9624=CARTESIAN_POINT('',(0.0939483110389925,0.0634074300119824,0.0075));
#9625=CARTESIAN_POINT('',(0.0902771227069237,0.0664042752522534,0.0075));
#9626=CARTESIAN_POINT('',(0.0874084687636996,0.0685026502066084,0.0075));
#9627=CARTESIAN_POINT('',(0.0855176613923276,0.0699298112615741,0.0075));
#9628=CARTESIAN_POINT('',(0.0855176613923277,0.069929811261574,0.0075));
#9629=CARTESIAN_POINT('',(0.0706584682312778,0.0699245235916937,0.0075));
#9630=CARTESIAN_POINT('',(0.0762267971230944,0.0699265050912708,0.0075));
#9631=CARTESIAN_POINT('',(0.0762267971230944,0.0699265050912708,0.0075));
#9632=CARTESIAN_POINT('',(0.07372506582226,0.0699308747531627,0.0075));
#9633=CARTESIAN_POINT('',(0.0687216029060346,0.0699154886111825,0.0075));
#9634=CARTESIAN_POINT('',(0.0637181404837077,0.0699379828789088,0.0075));
#9635=CARTESIAN_POINT('',(0.0612164089788002,0.0699267008022105,0.0075));
#9636=CARTESIAN_POINT('',(0.0612164089788002,0.0699267008022105,0.0075));
#9637=CARTESIAN_POINT('',(0.0706888760527547,0.0699247572761853,0.0075));
#9638=CARTESIAN_POINT('',(0.055872336789516,0.0699277972793268,0.0075));
#9639=CARTESIAN_POINT('',(0.0521486383587775,0.0670687276761259,0.0075));
#9640=CARTESIAN_POINT('',(0.043483748263692,0.0604157926045224,0.0075));
#9641=CARTESIAN_POINT('',(0.0434837482636921,0.0604157926045224,0.0075));
#9642=CARTESIAN_POINT('',(0.0429551710503044,0.0596137356133617,0.0075));
#9643=CARTESIAN_POINT('',(0.0425713416472054,0.0587050705044542,0.0075));
#9644=CARTESIAN_POINT('',(0.0423438847506215,0.0577752465134307,0.0075));
#9645=CARTESIAN_POINT('',(0.0423438847506216,0.0577752465134309,0.0075));
#9646=CARTESIAN_POINT('',(0.0403551947613581,0.027981965297973,0.0075));
#9647=CARTESIAN_POINT('',(0.0410568830196003,0.0384942098993232,0.0075));
#9648=CARTESIAN_POINT('',(0.0410568830196003,0.0384942098993232,0.0075));
#9649=CARTESIAN_POINT('',(0.0407681206641962,0.0328103585219108,0.0075));
#9650=CARTESIAN_POINT('',(0.0403307565393936,0.0242848005372169,0.0075));
#9651=CARTESIAN_POINT('',(0.0397395566990347,0.0129178076276183,0.0075));
#9652=CARTESIAN_POINT('',(0.0394774079353733,0.00723257479849972,0.0075));
#9653=CARTESIAN_POINT('',(0.0392806443846294,0.00439336816099502,0.0075));
#9654=CARTESIAN_POINT('',(0.0392806443846294,0.00439336816099501,0.0075));
#9655=CARTESIAN_POINT('',(0.0392806443846294,0.00439336816099501,0.0075));
#9656=CARTESIAN_POINT('',(0.0391939438754671,0.00216794258155452,0.0075));
#9657=CARTESIAN_POINT('',(0.0390069064663882,-0.00228394968924934,0.0075));
#9658=CARTESIAN_POINT('',(0.0388799424094085,-0.00673125547641224,0.0075));
#9659=CARTESIAN_POINT('',(0.0389325078841804,-0.00894604836873384,0.0075));
#9660=CARTESIAN_POINT('',(0.0389325078841775,-0.00894604836873431,0.0075));
#9661=CARTESIAN_POINT('',(0.0415507700842324,-0.0245230549498667,0.0075));
#9662=CARTESIAN_POINT('',(0.0404400771922466,-0.0179151336776135,0.0075));
#9663=CARTESIAN_POINT('',(0.0404400771922497,-0.0179151336776131,0.0075));
#9664=CARTESIAN_POINT('',(0.0414026519090064,-0.0209889624161075,0.0075));
#9665=CARTESIAN_POINT('',(0.0437536129247182,-0.027061225269056,0.00750000000000001));
#9666=CARTESIAN_POINT('',(0.0460783884197359,-0.0331048072044623,0.0075));
#9667=CARTESIAN_POINT('',(0.0472406934956794,-0.0361314554967588,0.0075));
#9668=CARTESIAN_POINT('',(0.0472406934956794,-0.0361314554967588,0.0075));
#9669=CARTESIAN_POINT('',(0.0472407091180398,-0.0361314494988937,0.0075));
#9670=CARTESIAN_POINT('',(0.0476721459890293,-0.0372551930737948,0.0075));
#9671=CARTESIAN_POINT('',(0.0481039331200607,-0.0383787928384738,0.0075));
#9672=CARTESIAN_POINT('',(0.0486119112572224,-0.0394711100010666,0.0075));
#9673=CARTESIAN_POINT('',(0.0486119112572223,-0.0394711100010665,0.0075));
#9674=CARTESIAN_POINT('',(0.0486119112572223,-0.0394711100010665,0.0075));
#9675=CARTESIAN_POINT('',(0.0491599396598269,-0.0406495563357033,0.0075));
#9676=CARTESIAN_POINT('',(0.0497950690065863,-0.041772488198901,0.0075));
#9677=CARTESIAN_POINT('',(0.0506718298900606,-0.0427414143027598,0.0075));
#9678=CARTESIAN_POINT('',(0.0506718298900606,-0.0427414143027598,0.0075));
#9679=CARTESIAN_POINT('',(0.0564132096713703,-0.0427414143027601,0.0075));
#9680=CARTESIAN_POINT('',(0.0521486383587775,0.0670687276761259,0.0025));
#9681=CARTESIAN_POINT('',(0.055872336789516,0.0699277972793268,0.0025));
#9682=CARTESIAN_POINT('',(0.0558723367895161,0.0699277972793268,0.0025));
#9683=CARTESIAN_POINT('',(0.0521486383587775,0.0670687276761259,0.0025));
#9684=CARTESIAN_POINT('',(0.0620524045629892,0.0746728764648489,0.0025));
#9685=CARTESIAN_POINT('',(0.0620524045629892,0.0746728764648489,0.0025));
#9686=CARTESIAN_POINT('',(0.0424680869242142,0.0596359640236478,0.0025));
#9687=CARTESIAN_POINT('',(0.0424680869242142,0.0596359640236478,0.0025));
#9688=CARTESIAN_POINT('',(0.0521486383587775,0.0670687276761259,0.0025));
#9689=CARTESIAN_POINT('',(0.0429918595923834,0.0600381186401948,0.0025));
#9690=CARTESIAN_POINT('',(0.0429918595923834,0.0600381186401947,0.0025));
#9691=CARTESIAN_POINT('',(0.0429918595923834,0.0600381186401947,0.00359999999631987));
#9692=CARTESIAN_POINT('',(0.0521486383587775,0.0670687276761259,0.00359999999631987));
#9693=CARTESIAN_POINT('',(0.0434837482636921,0.0604157926045224,0.00359999999631987));
#9694=CARTESIAN_POINT('',(0.043483748263692,0.0604157926045224,0.005));
#9695=CARTESIAN_POINT('',(0.0392806443846293,0.00439336816099404,0.0075));
#9696=CARTESIAN_POINT('',(0.0392806443846293,0.00439336816099405,0.00359999999631974));
#9697=CARTESIAN_POINT('',(0.039474124953675,0.00718520289758968,0.00750000000000001));
#9698=CARTESIAN_POINT('',(0.039474124953675,0.00718520289758969,0.00359999999631975));
#9699=CARTESIAN_POINT('',(0.0397383574765497,0.0128865967963153,0.00750000000000001));
#9700=CARTESIAN_POINT('',(0.0397383574765497,0.0128865967963153,0.00359999999631976));
#9701=CARTESIAN_POINT('',(0.0403294517566379,0.0242638315073907,0.00749999999999999));
#9702=CARTESIAN_POINT('',(0.0403294517566379,0.0242638315073907,0.00359999999631973));
#9703=CARTESIAN_POINT('',(0.0407678929308457,0.0328058759344337,0.0075000000000003));
#9704=CARTESIAN_POINT('',(0.0407678929308457,0.0328058759344337,0.00359999999632005));
#9705=CARTESIAN_POINT('',(0.0410568830196004,0.0384942098993249,0.00750000000000013));
#9706=CARTESIAN_POINT('',(0.0410568830196004,0.0384942098993249,0.00359999999631987));
#9707=CARTESIAN_POINT('',(0.0410568830196004,0.0384942098993249,0.00359999999631987));
#9708=CARTESIAN_POINT('',(0.0407681208546999,0.0328103622716885,0.00359999999631987));
#9709=CARTESIAN_POINT('',(0.0403307562157509,0.024284795933562,0.00359999999631987));
#9710=CARTESIAN_POINT('',(0.0397395566091136,0.0129178029541588,0.00359999999631987));
#9711=CARTESIAN_POINT('',(0.0394774066957008,0.00723255691060172,0.00359999999631987));
#9712=CARTESIAN_POINT('',(0.0392806443846293,0.00439336816099404,0.00359999999631987));
#9713=CARTESIAN_POINT('',(0.0410568830196004,0.0384942098993249,0.00359999999631987));
#9714=CARTESIAN_POINT('',(0.0392806443846293,0.00439336816099405,0.00359999999631987));
#9715=CARTESIAN_POINT('',(0.0392806443846294,0.00439336816099501,0.0075));
#9716=CARTESIAN_POINT('',(0.0410568830196004,0.0384942098993238,0.00500000000000006));
#9717=CARTESIAN_POINT('',(0.127179354095373,0.149787204207998,0.00359999999631987));
#9718=CARTESIAN_POINT('',(0.0424446909336427,0.0592854602597758,0.00359999999631987));
#9719=CARTESIAN_POINT('',(0.0426188941415542,0.0595412025764764,0.00359999999631987));
#9720=CARTESIAN_POINT('',(0.0428014804879928,0.0597919719641607,0.00359999999631987));
#9721=CARTESIAN_POINT('',(0.0429918595923834,0.0600381186401947,0.00359999999631987));
#9722=CARTESIAN_POINT('',(0.0424446909336427,0.0592854602597758,0.00359999999631987));
#9723=CARTESIAN_POINT('',(0.0488347127102861,0.155016678696163,0.00359999999631987));
#9724=CARTESIAN_POINT('',(0.0423438847506216,0.0577752465134308,0.00359999999631987));
#9725=CARTESIAN_POINT('',(0.0434837482636921,0.0604157926045223,0.00359999999631987));
#9726=CARTESIAN_POINT('',(0.0429459058806396,0.0595996767513529,0.00359999999631987));
#9727=CARTESIAN_POINT('',(0.0425740648045384,0.0587162025345555,0.00359999999631987));
#9728=CARTESIAN_POINT('',(0.0423438847506216,0.0577752465134309,0.00359999999631987));
#9729=CARTESIAN_POINT('',(0.127179354095373,0.149787204207998,0.00359999999631987));
#9730=CARTESIAN_POINT('',(0.0488347127102861,0.155016678696163,0.00359999999631987));
#9731=CARTESIAN_POINT('',(0.0381865124064847,-0.00450784639443521,0.00359999999631987));
#9732=CARTESIAN_POINT('',(0.0415507700842324,-0.0245230549498667,0.00359999999631987));
#9733=CARTESIAN_POINT('',(0.0389325078841808,-0.00894604836875403,0.00359999999631987));
#9734=CARTESIAN_POINT('',(0.0392806443846293,0.00439336816099403,0.00359999999631985));
#9735=CARTESIAN_POINT('',(0.0391939631171776,0.00216843647709459,0.00359999999631985));
#9736=CARTESIAN_POINT('',(0.0390070153465285,-0.00228223066801644,0.00359999999631988));
#9737=CARTESIAN_POINT('',(0.0388798973739466,-0.0067293579530047,0.00359999999631987));
#9738=CARTESIAN_POINT('',(0.0389325078841808,-0.00894604836875402,0.00359999999631987));
#9739=CARTESIAN_POINT('',(0.0392806443846293,0.00439336816099478,0.00359999999631898));
#9740=CARTESIAN_POINT('',(0.0392806443846293,0.00439336816099504,0.0075));
#9741=CARTESIAN_POINT('',(0.0391957738269353,0.00221491371062864,0.00359999999631912));
#9742=CARTESIAN_POINT('',(0.0391957738269354,0.00221491371062891,0.00750000000000015));
#9743=CARTESIAN_POINT('',(0.0390118040922295,-0.0022115472784247,0.00359999999631936));
#9744=CARTESIAN_POINT('',(0.0390118040922295,-0.00221154727842443,0.00750000000000038));
#9745=CARTESIAN_POINT('',(0.038877730497628,-0.00663805882007305,0.00359999999631988));
#9746=CARTESIAN_POINT('',(0.0388777304976281,-0.00663805882007278,0.00750000000000091));
#9747=CARTESIAN_POINT('',(0.0389325078841808,-0.00894604836875403,0.00359999999631987));
#9748=CARTESIAN_POINT('',(0.0389325078841808,-0.00894604836875376,0.0075000000000009));
#9749=CARTESIAN_POINT('',(0.0389325078841809,-0.00894604836875415,0.00499999999999981));
#9750=CARTESIAN_POINT('',(0.127179354095373,0.149787204207998,0.00359999999631987));
#9751=CARTESIAN_POINT('',(0.0405671914576805,-0.0183162896789576,0.00359999999631987));
#9752=CARTESIAN_POINT('',(0.0405244133390859,-0.018182787949021,0.00359999999631987));
#9753=CARTESIAN_POINT('',(0.0404820454091862,-0.0180491910069554,0.00359999999631987));
#9754=CARTESIAN_POINT('',(0.0404401366612371,-0.0179154874805503,0.00359999999631987));
#9755=CARTESIAN_POINT('',(0.0405671914576805,-0.0183162896789576,0.00359999999631987));
#9756=CARTESIAN_POINT('',(0.0404401366612371,-0.0179154874805503,0.00359999999631987));
#9757=CARTESIAN_POINT('',(0.0404400771922487,-0.0179151336776104,0.00359999999631987));
#9758=CARTESIAN_POINT('',(0.0404819604654351,-0.0180488812262852,0.00359999999631987));
#9759=CARTESIAN_POINT('',(0.0405243621814916,-0.0181825981010266,0.00359999999631987));
#9760=CARTESIAN_POINT('',(0.0405671914576805,-0.0183162896789575,0.00359999999631987));
#9761=CARTESIAN_POINT('',(0.0404400771922463,-0.0179151336776113,0.00359999999631987));
#9762=CARTESIAN_POINT('',(0.0415507700842324,-0.0245230549498667,0.00359999999631987));
#9763=CARTESIAN_POINT('',(0.0486119114266216,-0.0394711099222873,0.00249999999999996));
#9764=CARTESIAN_POINT('',(0.0486119114266215,-0.0394711099222871,0.0075));
#9765=CARTESIAN_POINT('',(0.0491213969413791,-0.0405666760180648,0.00249999999999996));
#9766=CARTESIAN_POINT('',(0.049121396941379,-0.0405666760180645,0.00750000000000001));
#9767=CARTESIAN_POINT('',(0.0497668308190507,-0.0417412816093456,0.00249999999999998));
#9768=CARTESIAN_POINT('',(0.0497668308190505,-0.0417412816093453,0.00750000000000003));
#9769=CARTESIAN_POINT('',(0.0506718298900608,-0.0427414143027602,0.0025));
#9770=CARTESIAN_POINT('',(0.0506718298900607,-0.0427414143027599,0.00750000000000005));
#9771=CARTESIAN_POINT('',(0.0506718298900607,-0.0427414143027601,0.0025));
#9772=CARTESIAN_POINT('',(0.0506718298900608,-0.0427414143027602,0.0025));
#9773=CARTESIAN_POINT('',(0.0486119112572219,-0.0394711100010655,0.000700913892438342));
#9774=CARTESIAN_POINT('',(0.0486119112572219,-0.0394711100010655,0.0025));
#9775=CARTESIAN_POINT('',(0.0506718298900608,-0.0427414143027601,0.0025));
#9776=CARTESIAN_POINT('',(0.0498090096469614,-0.0417878942812419,0.0025));
#9777=CARTESIAN_POINT('',(0.0491585596532007,-0.040646588411881,0.0025));
#9778=CARTESIAN_POINT('',(0.0486119114266216,-0.0394711099222874,0.0025));
#9779=CARTESIAN_POINT('',(0.102656495269385,0.00536575691513069,0.00359999999631987));
#9780=CARTESIAN_POINT('',(0.102656495269385,0.00536575691513067,0.0025));
#9781=CARTESIAN_POINT('',(0.102362903402444,0.00377656766533516,0.00359999999631987));
#9782=CARTESIAN_POINT('',(0.102362903402444,0.00377656766533514,0.0025));
#9783=CARTESIAN_POINT('',(0.101662415125096,0.00047964974405069,0.00359999999631987));
#9784=CARTESIAN_POINT('',(0.101662415125096,0.000479649744050672,0.0025));
#9785=CARTESIAN_POINT('',(0.100501418687842,-0.0041643918174375,0.00359999999631987));
#9786=CARTESIAN_POINT('',(0.100501418687842,-0.00416439181743752,0.0025));
#9787=CARTESIAN_POINT('',(0.099453754226188,-0.00795959550055579,0.00359999999631987));
#9788=CARTESIAN_POINT('',(0.0994537542261881,-0.00795959550055581,0.0025));
#9789=CARTESIAN_POINT('',(0.09890015415028,-0.00986925412933315,0.00359999999631987));
#9790=CARTESIAN_POINT('',(0.09890015415028,-0.00986925412933317,0.0025));
#9791=CARTESIAN_POINT('',(0.0986353505470754,-0.0107987115458277,0.00359999999631987));
#9792=CARTESIAN_POINT('',(0.0986353505470754,-0.0107987115458278,0.0025));
#9793=CARTESIAN_POINT('',(0.0986353505470754,-0.0107987115458276,0.00359999999631987));
#9794=CARTESIAN_POINT('',(0.0993970272377161,-0.00812523565456445,0.00359999999631987));
#9795=CARTESIAN_POINT('',(0.100916568368051,-0.00277996842115318,0.00359999999631987));
#9796=CARTESIAN_POINT('',(0.1021550527634,0.00265148881157041,0.00359999999631987));
#9797=CARTESIAN_POINT('',(0.102656495269385,0.00536575691513059,0.00359999999631987));
#9798=CARTESIAN_POINT('',(0.098635350547076,-0.0107987115458279,0.00359999999631987));
#9799=CARTESIAN_POINT('',(0.0986353505471124,-0.0107987115457007,0.000700913892438328));
#9800=CARTESIAN_POINT('',(0.0986353505471124,-0.0107987115457007,0.0025));
#9801=CARTESIAN_POINT('',(0.102656495269385,0.00536575691513067,0.0025));
#9802=CARTESIAN_POINT('',(0.102156819853283,0.00266105392750946,0.0025));
#9803=CARTESIAN_POINT('',(0.100924556862741,-0.00274940310037807,0.0025));
#9804=CARTESIAN_POINT('',(0.0993988064081399,-0.00811899078808797,0.0025));
#9805=CARTESIAN_POINT('',(0.0986353505471117,-0.0107987115457004,0.0025));
#9806=CARTESIAN_POINT('',(0.0282599553417964,-0.000183652952417651,0.0025));
#9807=CARTESIAN_POINT('',(0.0403551947613581,0.027981965297973,0.0025));
#9808=CARTESIAN_POINT('',(0.0424446909336514,0.0592854602597995,0.0025));
#9809=CARTESIAN_POINT('',(0.0424446909336567,0.0592854602597964,0.0025));
#9810=CARTESIAN_POINT('',(0.042618894141564,0.0595412025764899,0.0025));
#9811=CARTESIAN_POINT('',(0.0428014804879979,0.0597919719641674,0.0025));
#9812=CARTESIAN_POINT('',(0.0429918595923835,0.0600381186401948,0.0025));
#9813=CARTESIAN_POINT('',(0.0282599553417964,-0.000183652952417651,0.0025));
#9814=CARTESIAN_POINT('',(0.0282743417136107,0.0699334597346572,0.0025));
#9815=CARTESIAN_POINT('',(0.0612164089787969,0.0699267008022105,0.0025));
#9816=CARTESIAN_POINT('',(0.0612164089787969,0.0699267008022105,0.0025));
#9817=CARTESIAN_POINT('',(0.0637181404837045,0.0699379828789089,0.0025));
#9818=CARTESIAN_POINT('',(0.0687216029060314,0.0699154886111826,0.0025));
#9819=CARTESIAN_POINT('',(0.0737250658222569,0.0699308747531627,0.0025));
#9820=CARTESIAN_POINT('',(0.0762267971230914,0.0699265050912708,0.0025));
#9821=CARTESIAN_POINT('',(0.0762267971230914,0.0699265050912708,0.0025));
#9822=CARTESIAN_POINT('',(0.0282350125966316,0.0699094271307927,0.0025));
#9823=CARTESIAN_POINT('',(0.0855176613923277,0.069929811261574,0.0025));
#9824=CARTESIAN_POINT('',(0.0964614743457635,0.0609015104222894,0.0025));
#9825=CARTESIAN_POINT('',(0.0956808833735559,0.061799183367884,0.0025));
#9826=CARTESIAN_POINT('',(0.0939481493088438,0.06340756757654,0.0025));
#9827=CARTESIAN_POINT('',(0.0902770281048142,0.0664043438948159,0.0025));
#9828=CARTESIAN_POINT('',(0.0874084312850241,0.0685026784951093,0.0025));
#9829=CARTESIAN_POINT('',(0.0855176613923276,0.069929811261574,0.0025));
#9830=CARTESIAN_POINT('',(0.09646156696749,0.0609014042798737,0.00249999999999754));
#9831=CARTESIAN_POINT('',(0.0964615667829739,0.0609014041194262,0.0025));
#9832=CARTESIAN_POINT('',(0.0973498916751914,0.0598798219587954,0.0025));
#9833=CARTESIAN_POINT('',(0.0988259893805448,0.0576703443395943,0.0025));
#9834=CARTESIAN_POINT('',(0.09985667273106,0.05516824753247,0.0025));
#9835=CARTESIAN_POINT('',(0.100261531345525,0.0538969255234783,0.0025));
#9836=CARTESIAN_POINT('',(0.0904527302598287,0.0667365891847695,0.0025));
#9837=CARTESIAN_POINT('',(0.0806823159378543,0.0745113346986549,0.0025));
#9838=CARTESIAN_POINT('',(0.0764388141495546,0.0745849318624136,0.0025));
#9839=CARTESIAN_POINT('',(0.0713680606225723,0.0746728764648489,0.0025));
#9840=CARTESIAN_POINT('',(0.0662965445194251,0.0746728764648489,0.0025));
#9841=CARTESIAN_POINT('',(0.0282599553417964,-0.000183652952417651,0.0025));
#9842=CARTESIAN_POINT('',(0.0415507700842324,-0.0245230549498667,0.0025));
#9843=CARTESIAN_POINT('',(0.044613004242782,-0.0427414143027601,0.0025));
#9844=CARTESIAN_POINT('',(0.0404401366612371,-0.0179154874805503,0.0025));
#9845=CARTESIAN_POINT('',(0.0564132096713703,-0.0427414143027601,0.0025));
#9846=CARTESIAN_POINT('',(0.0486119112572219,-0.0394711100010655,0.0025));
#9847=CARTESIAN_POINT('',(0.0481039331200594,-0.038378792838471,0.0025));
#9848=CARTESIAN_POINT('',(0.0476721459890275,-0.0372551930737903,0.0025));
#9849=CARTESIAN_POINT('',(0.0472407091180374,-0.0361314494988874,0.0025));
#9850=CARTESIAN_POINT('',(0.0472406934956768,-0.0361314554967525,0.0025));
#9851=CARTESIAN_POINT('',(0.0472406934956768,-0.0361314554967525,0.0025));
#9852=CARTESIAN_POINT('',(0.0461175913975873,-0.0332068919569281,0.0025));
#9853=CARTESIAN_POINT('',(0.0438693090833086,-0.0273585446799606,0.0025));
#9854=CARTESIAN_POINT('',(0.0416031057884119,-0.0215169221549412,0.0025));
#9855=CARTESIAN_POINT('',(0.0406371182951007,-0.0185334022015659,0.0025));
#9856=CARTESIAN_POINT('',(0.0406371362693312,-0.0185333963819697,0.0025));
#9857=CARTESIAN_POINT('',(0.0406371362693312,-0.0185333963819697,0.0025));
#9858=CARTESIAN_POINT('',(0.0405705042731532,-0.0183276508487228,0.0025));
#9859=CARTESIAN_POINT('',(0.0405047719163,-0.0181216964931058,0.0025));
#9860=CARTESIAN_POINT('',(0.0404401366612371,-0.0179154874805503,0.0025));
#9861=CARTESIAN_POINT('',(0.0415507700842324,-0.0245230549498667,0.0025));
#9862=CARTESIAN_POINT('',(0.0381865124064847,-0.00450784639443521,0.0025));
#9863=CARTESIAN_POINT('',(0.044613004242782,-0.0427414143027601,0.0025));
#9864=CARTESIAN_POINT('',(0.0404401366612371,-0.0179154874805503,0.0025));
#9865=CARTESIAN_POINT('',(0.040440077192243,-0.017915133677592,0.00500000000000043));
#9866=CARTESIAN_POINT('',(0.0564132096713703,-0.0427414143027601,0.0025));
#9867=CARTESIAN_POINT('',(0.0703499499335113,-0.0427414143027601,0.0025));
#9868=CARTESIAN_POINT('',(0.0703499499335113,-0.0427414143027601,0.00790045410394669));
#9869=CARTESIAN_POINT('',(0.0703499499335113,-0.0427414143027601,0.00750860135422891));
#9870=CARTESIAN_POINT('',(0.062005487859855,-0.0427414143027601,0.00750860135422891));
#9871=CARTESIAN_POINT('',(0.0703499499335113,-0.0427414143027601,0.0025));
#9872=CARTESIAN_POINT('',(0.0703499499335113,-0.0427414143027601,0.0115168739215233));
#9873=CARTESIAN_POINT('',(0.0564132096713703,-0.0427414143027601,0.0115168739215233));
#9874=CARTESIAN_POINT('',(0.0512,-0.0427414143027601,0.0115168739215233));
#9875=CARTESIAN_POINT('',(0.0512,-0.0427414143027601,0.0025));
#9876=CARTESIAN_POINT('',(0.0512,-0.0427414143027601,0.00790045410394669));
#9877=CARTESIAN_POINT('',(0.0564132096713703,-0.0427414143027601,0.00790045410394669));
#9878=CARTESIAN_POINT('',(0.0842845946041685,-0.0429830897813879,0.0025));
#9879=CARTESIAN_POINT('',(0.0842845946041685,-0.0429830897813879,0.00750860135422891));
#9880=CARTESIAN_POINT('',(0.0842845946041685,-0.0429830897813879,0.00790045410394669));
#9881=CARTESIAN_POINT('',(0.0912,-0.043103027099378,0.00790045410394669));
#9882=CARTESIAN_POINT('',(0.0912,-0.043103027099378,0.0025));
#9883=CARTESIAN_POINT('',(0.0912,-0.043103027099378,0.0115141701511895));
#9884=CARTESIAN_POINT('',(0.0842857632987465,-0.0429831100506397,0.0115150667681288));
#9885=CARTESIAN_POINT('',(0.0960830257003401,-0.0431877158446725,0.0025));
#9886=CARTESIAN_POINT('',(0.0960830257003401,-0.0431877158446725,0.0025));
#9887=CARTESIAN_POINT('',(0.0842845946041685,-0.0429830897813879,0.0025));
#9888=CARTESIAN_POINT('',(0.0884052963047128,-0.0430545571620997,0.0025));
#9889=CARTESIAN_POINT('',(0.0884052963047127,-0.0430545571620998,0.0025));
#9890=CARTESIAN_POINT('',(0.0994607219713994,-0.0250251977523644,0.0025));
#9891=CARTESIAN_POINT('',(0.0994607219713994,-0.0250251977523644,0.0025));
#9892=CARTESIAN_POINT('',(0.0904527302598287,0.0667365891847695,0.0025));
#9893=CARTESIAN_POINT('',(0.0806823159378543,0.0745113346986549,0.0025));
#9894=CARTESIAN_POINT('',(0.0764388141495546,0.0745849318624136,0.0025));
#9895=CARTESIAN_POINT('',(0.0713680606225723,0.0746728764648489,0.0025));
#9896=CARTESIAN_POINT('',(0.0662965445194251,0.0746728764648489,0.0025));
#9897=CARTESIAN_POINT('',(0.0403551947613581,0.027981965297973,0.0025));
#9898=CARTESIAN_POINT('',(0.0402385120137162,0.0262338990170251,0.0025));
#9899=CARTESIAN_POINT('',(0.0402385120137162,0.0262338990170252,0.0124));
#9900=CARTESIAN_POINT('',(0.0403551947613581,0.027981965297973,0.0124));
#9901=CARTESIAN_POINT('',(0.0400707690119339,0.0237208806727863,0.0124));
#9902=CARTESIAN_POINT('',(0.0400707690119339,0.0237208806727859,0.0025));
#9903=CARTESIAN_POINT('',(0.0423438847506216,0.0577752465134308,0.005));
#9904=CARTESIAN_POINT('',(0.0424446909336427,0.0592854602597758,0.0025));
#9905=CARTESIAN_POINT('',(0.0282599553417964,-0.000183652952417651,0.0025));
#9906=CARTESIAN_POINT('',(0.0986353505471124,-0.0107987115457007,0.0025));
#9907=CARTESIAN_POINT('',(0.0979573532909017,-0.0131784736430546,0.0025));
#9908=CARTESIAN_POINT('',(0.0966036130962407,-0.0179386460570168,0.0025));
#9909=CARTESIAN_POINT('',(0.0945667292020893,-0.0250771007309813,0.0025));
#9910=CARTESIAN_POINT('',(0.0928721519033826,-0.0310266255478705,0.0025));
#9911=CARTESIAN_POINT('',(0.0914998632976521,-0.0357814644470104,0.0025));
#9912=CARTESIAN_POINT('',(0.0908273726711522,-0.0381628099517556,0.0025));
#9913=CARTESIAN_POINT('',(0.0904296348171733,-0.0393358007918498,0.0025));
#9914=CARTESIAN_POINT('',(0.090429659075728,-0.039335809017443,0.0025));
#9915=CARTESIAN_POINT('',(0.090429659075728,-0.039335809017443,0.0025));
#9916=CARTESIAN_POINT('',(0.0902005993001846,-0.0400112302951843,0.0025));
#9917=CARTESIAN_POINT('',(0.0896902231513033,-0.0413308644568607,0.0025));
#9918=CARTESIAN_POINT('',(0.0888864805683196,-0.0425334527979324,0.0025));
#9919=CARTESIAN_POINT('',(0.0884052963047128,-0.0430545571620997,0.0025));
#9920=CARTESIAN_POINT('',(0.127179354095373,0.149787204207998,0.00359999999631987));
#9921=CARTESIAN_POINT('',(0.100261531345525,0.0538969255234783,0.00359999999631987));
#9922=CARTESIAN_POINT('',(0.0994545007397125,0.0564311331071672,0.00359999999631987));
#9923=CARTESIAN_POINT('',(0.0982019471796533,0.0588999499552418,0.00359999999631987));
#9924=CARTESIAN_POINT('',(0.096461566745821,0.0609014041621525,0.00359999999631987));
#9925=CARTESIAN_POINT('',(0.0964615669404085,0.060901404314759,0.00359999999631987));
#9926=CARTESIAN_POINT('',(0.0986353505470768,-0.0107987115458277,0.00359999999631987));
#9927=CARTESIAN_POINT('',(0.0990474501427003,-0.00935224699303217,0.00359999999631987));
#9928=CARTESIAN_POINT('',(0.0998958228351053,-0.0064628828042833,0.00359999999631987));
#9929=CARTESIAN_POINT('',(0.100633895839048,-0.00205001398714272,0.00359999999631987));
#9930=CARTESIAN_POINT('',(0.101211645442573,0.0023864993596284,0.00359999999631987));
#9931=CARTESIAN_POINT('',(0.101630198248162,0.00684648642660997,0.00359999999631987));
#9932=CARTESIAN_POINT('',(0.101851541254659,0.0113355705317622,0.00359999999631987));
#9933=CARTESIAN_POINT('',(0.101796067866299,0.0173726517925282,0.00359999999631987));
#9934=CARTESIAN_POINT('',(0.101265935958611,0.0249874353933478,0.00359999999631987));
#9935=CARTESIAN_POINT('',(0.100598562341797,0.0341275831941723,0.00359999999631987));
#9936=CARTESIAN_POINT('',(0.100053061177181,0.0417439685646773,0.00359999999631987));
#9937=CARTESIAN_POINT('',(0.0996852628213539,0.0470768738186236,0.00359999999631987));
#9938=CARTESIAN_POINT('',(0.0994517354064973,0.0501221916930223,0.00359999999631987));
#9939=CARTESIAN_POINT('',(0.0992623950361494,0.0524061559398668,0.00359999999631987));
#9940=CARTESIAN_POINT('',(0.0990272740709369,0.0546802807575773,0.00359999999631987));
#9941=CARTESIAN_POINT('',(0.0987010448910576,0.0569610602410199,0.00359999999631987));
#9942=CARTESIAN_POINT('',(0.0979200553196226,0.0591141341989275,0.00359999999631987));
#9943=CARTESIAN_POINT('',(0.0969583771392239,0.0603299564318149,0.00359999999631987));
#9944=CARTESIAN_POINT('',(0.0964615671259781,0.0609014044927028,0.00359999999631987));
#9945=CARTESIAN_POINT('',(0.0961425650450081,0.0612589244474426,0.00750000000000014));
#9946=CARTESIAN_POINT('',(0.0961425650450081,0.0612589244474427,0.00359999999631987));
#9947=CARTESIAN_POINT('',(0.0964216383570867,0.0609537366351292,0.00750000000000014));
#9948=CARTESIAN_POINT('',(0.0964216383570867,0.0609537366351292,0.00359999999631987));
#9949=CARTESIAN_POINT('',(0.0968389413421546,0.0604698506434679,0.00750000000000008));
#9950=CARTESIAN_POINT('',(0.0968389413421546,0.0604698506434679,0.00359999999631981));
#9951=CARTESIAN_POINT('',(0.0973767887673184,0.0597529960332053,0.00750000000000015));
#9952=CARTESIAN_POINT('',(0.0973767887673184,0.0597529960332054,0.00359999999631988));
#9953=CARTESIAN_POINT('',(0.0977990528471677,0.0591120491122332,0.00750000000000011));
#9954=CARTESIAN_POINT('',(0.0977990528471677,0.0591120491122332,0.00359999999631984));
#9955=CARTESIAN_POINT('',(0.0981988545683681,0.058306633562979,0.00750000000000015));
#9956=CARTESIAN_POINT('',(0.0981988545683681,0.058306633562979,0.00359999999631988));
#9957=CARTESIAN_POINT('',(0.0985538673731945,0.0573058112451327,0.00750000000000013));
#9958=CARTESIAN_POINT('',(0.0985538673731945,0.0573058112451327,0.00359999999631986));
#9959=CARTESIAN_POINT('',(0.0988030745497292,0.0561709071580538,0.00750000000000016));
#9960=CARTESIAN_POINT('',(0.0988030745497292,0.0561709071580538,0.00359999999631989));
#9961=CARTESIAN_POINT('',(0.0989800341100786,0.0549777455182028,0.00750000000000013));
#9962=CARTESIAN_POINT('',(0.0989800341100786,0.0549777455182028,0.00359999999631985));
#9963=CARTESIAN_POINT('',(0.0991590369443508,0.0534445594774721,0.00750000000000012));
#9964=CARTESIAN_POINT('',(0.0991590369443508,0.0534445594774721,0.00359999999631985));
#9965=CARTESIAN_POINT('',(0.0993338882559954,0.0515684298108156,0.00750000000000013));
#9966=CARTESIAN_POINT('',(0.0993338882559954,0.0515684298108156,0.00359999999631985));
#9967=CARTESIAN_POINT('',(0.0995125219890712,0.0493517836116007,0.00750000000000012));
#9968=CARTESIAN_POINT('',(0.0995125219890712,0.0493517836116007,0.00359999999631985));
#9969=CARTESIAN_POINT('',(0.0997329505756526,0.0463939575629379,0.00750000000000012));
#9970=CARTESIAN_POINT('',(0.0997329505756526,0.0463939575629379,0.00359999999631984));
#9971=CARTESIAN_POINT('',(0.0999864691274874,0.0427199786415561,0.0075000000000001));
#9972=CARTESIAN_POINT('',(0.0999864691274874,0.0427199786415561,0.00359999999631983));
#9973=CARTESIAN_POINT('',(0.100297581588147,0.0383166089577488,0.00750000000000014));
#9974=CARTESIAN_POINT('',(0.100297581588147,0.0383166089577488,0.00359999999631987));
#9975=CARTESIAN_POINT('',(0.100722499574992,0.0324412169596758,0.00749999999999984));
#9976=CARTESIAN_POINT('',(0.100722499574992,0.0324412169596758,0.00359999999631957));
#9977=CARTESIAN_POINT('',(0.101255099091498,0.0251101000377703,0.00750000000000019));
#9978=CARTESIAN_POINT('',(0.101255099091498,0.0251101000377703,0.00359999999631992));
#9979=CARTESIAN_POINT('',(0.101777495120937,0.0177019718785837,0.00749999999999997));
#9980=CARTESIAN_POINT('',(0.101777495120937,0.0177019718785837,0.0035999999963197));
#9981=CARTESIAN_POINT('',(0.101857731704047,0.0116739968549325,0.00750000000000019));
#9982=CARTESIAN_POINT('',(0.101857731704047,0.0116739968549325,0.00359999999631992));
#9983=CARTESIAN_POINT('',(0.101652405673294,0.00714552601510905,0.0074999999999995));
#9984=CARTESIAN_POINT('',(0.101652405673294,0.00714552601510906,0.00359999999631923));
#9985=CARTESIAN_POINT('',(0.101244718462239,0.00267707058738185,0.00749999999999998));
#9986=CARTESIAN_POINT('',(0.101244718462239,0.00267707058738185,0.00359999999631971));
#9987=CARTESIAN_POINT('',(0.100767014545617,-0.00103775876553,0.00750000000000002));
#9988=CARTESIAN_POINT('',(0.100767014545617,-0.00103775876553,0.00359999999631975));
#9989=CARTESIAN_POINT('',(0.100310705430977,-0.00400048221277911,0.00750000000000001));
#9990=CARTESIAN_POINT('',(0.100310705430977,-0.0040004822127791,0.00359999999631974));
#9991=CARTESIAN_POINT('',(0.0998578558399645,-0.0063436457042887,0.00750000000000001));
#9992=CARTESIAN_POINT('',(0.0998578558399645,-0.00634364570428869,0.00359999999631973));
#9993=CARTESIAN_POINT('',(0.0992604265852395,-0.00862154637471976,0.0075));
#9994=CARTESIAN_POINT('',(0.0992604265852395,-0.00862154637471975,0.00359999999631972));
#9995=CARTESIAN_POINT('',(0.0988397284508689,-0.0100813475970409,0.0075));
#9996=CARTESIAN_POINT('',(0.0988397284508689,-0.0100813475970409,0.00359999999631973));
#9997=CARTESIAN_POINT('',(0.0986353505470767,-0.0107987115458281,0.0075));
#9998=CARTESIAN_POINT('',(0.0986353505470767,-0.0107987115458281,0.00359999999631973));
#9999=CARTESIAN_POINT('',(0.0986353505471124,-0.0107987115457007,0.000700913892438328));
#10000=CARTESIAN_POINT('',(0.0964616594899077,0.0609012982516624,0.000569443980948253));
#10001=CARTESIAN_POINT('',(0.0964615068878941,0.0609014729989912,0.00359999999631987));
#10002=CARTESIAN_POINT('',(0.0964615068878941,0.0609014729989912,0.00249999999999754));
#10003=CARTESIAN_POINT('',(0.0972342272181456,0.0600128462855443,0.00359999999631988));
#10004=CARTESIAN_POINT('',(0.0972342272181456,0.0600128462855442,0.00249999999999754));
#10005=CARTESIAN_POINT('',(0.0987238233488741,0.0578890883007566,0.00359999999631988));
#10006=CARTESIAN_POINT('',(0.0987238233488741,0.0578890883007566,0.00249999999999755));
#10007=CARTESIAN_POINT('',(0.0998362429882937,0.0552324002531701,0.00359999999631989));
#10008=CARTESIAN_POINT('',(0.0998362429882937,0.0552324002531701,0.00249999999999755));
#10009=CARTESIAN_POINT('',(0.100261531345525,0.0538969255234782,0.00359999999631989));
#10010=CARTESIAN_POINT('',(0.100261531345525,0.0538969255234782,0.00249999999999756));
#10011=CARTESIAN_POINT('',(0.0964615068878941,0.0609014729989912,0.00359999999631997));
#10012=CARTESIAN_POINT('',(0.0884052963047128,-0.0430545571620998,0.0025));
#10013=CARTESIAN_POINT('',(0.0884052963047126,-0.0430545571620995,0.00750000000000003));
#10014=CARTESIAN_POINT('',(0.0894515568833228,-0.0419214965140165,0.00249999999999999));
#10015=CARTESIAN_POINT('',(0.0894515568833227,-0.0419214965140162,0.00750000000000001));
#10016=CARTESIAN_POINT('',(0.090022937842376,-0.0405350949875069,0.00249999999999997));
#10017=CARTESIAN_POINT('',(0.0900229378423759,-0.0405350949875066,0.0075));
#10018=CARTESIAN_POINT('',(0.0904296590757282,-0.0393358090174427,0.00249999999999996));
#10019=CARTESIAN_POINT('',(0.0904296590757281,-0.0393358090174424,0.00749999999999999));
#10020=CARTESIAN_POINT('',(0.0904296590754728,-0.0393358090181949,0.00749999999999999));
#10021=CARTESIAN_POINT('',(0.0904296590754729,-0.0393358090181949,0.00583333333333394));
#10022=CARTESIAN_POINT('',(0.090429659075473,-0.039335809018195,0.00416666666666789));
#10023=CARTESIAN_POINT('',(0.0904296590754731,-0.039335809018195,0.00250000000000184));
#10024=CARTESIAN_POINT('',(0.0903654531921539,-0.0395225959967615,0.00250000000000001));
#10025=CARTESIAN_POINT('',(0.0903654531921539,-0.0395225959967615,0.00750000000000002));
#10026=CARTESIAN_POINT('',(0.090593474982236,-0.0388678377064154,0.00250000000000001));
#10027=CARTESIAN_POINT('',(0.090593474982236,-0.0388678377064154,0.00750000000000001));
#10028=CARTESIAN_POINT('',(0.0909631594466674,-0.0376275360887926,0.0025));
#10029=CARTESIAN_POINT('',(0.0909631594466674,-0.0376275360887926,0.0075));
#10030=CARTESIAN_POINT('',(0.0916619760217508,-0.0352487882014656,0.0025));
#10031=CARTESIAN_POINT('',(0.0916619760217508,-0.0352487882014656,0.00750000000000001));
#10032=CARTESIAN_POINT('',(0.0925159910215214,-0.0322539417028938,0.00250000000000001));
#10033=CARTESIAN_POINT('',(0.0925159910215214,-0.0322539417028938,0.00750000000000001));
#10034=CARTESIAN_POINT('',(0.0935375556355164,-0.0286830604683533,0.00250000000000001));
#10035=CARTESIAN_POINT('',(0.0935375556355164,-0.0286830604683533,0.00750000000000002));
#10036=CARTESIAN_POINT('',(0.0949000735973551,-0.0239130614718782,0.0025));
#10037=CARTESIAN_POINT('',(0.0949000735973551,-0.0239130614718782,0.0075));
#10038=CARTESIAN_POINT('',(0.09659955995718,-0.0179513725640814,0.00249999999999999));
#10039=CARTESIAN_POINT('',(0.09659955995718,-0.0179513725640814,0.0075));
#10040=CARTESIAN_POINT('',(0.0979562284062412,-0.0131824219744887,0.00249999999999999));
#10041=CARTESIAN_POINT('',(0.0979562284062412,-0.0131824219744887,0.0075));
#10042=CARTESIAN_POINT('',(0.0986353505471124,-0.0107987115457007,0.00249999999999999));
#10043=CARTESIAN_POINT('',(0.0986353505471124,-0.0107987115457007,0.0075));
#10044=CARTESIAN_POINT('',(0.0424446909336427,0.0592854602597758,0.00359999999631987));
#10045=CARTESIAN_POINT('',(0.0424446909336427,0.0592854602597759,0.00249999999999999));
#10046=CARTESIAN_POINT('',(0.0426203140097331,0.0595432870408318,0.00359999999631987));
#10047=CARTESIAN_POINT('',(0.0426203140097331,0.0595432870408318,0.00249999999999999));
#10048=CARTESIAN_POINT('',(0.0428031702163431,0.0597941566630444,0.00359999999631987));
#10049=CARTESIAN_POINT('',(0.0428031702163431,0.0597941566630444,0.0025));
#10050=CARTESIAN_POINT('',(0.0429918595923835,0.0600381186401948,0.00359999999631988));
#10051=CARTESIAN_POINT('',(0.0429918595923835,0.0600381186401948,0.0025));
#10052=CARTESIAN_POINT('',(0.0406371362693312,-0.0185333963819697,0.00359999999631987));
#10053=CARTESIAN_POINT('',(0.0406371362693312,-0.0185333963819697,0.00249999999999999));
#10054=CARTESIAN_POINT('',(0.0405709702149336,-0.0183290895785458,0.00359999999631987));
#10055=CARTESIAN_POINT('',(0.0405709702149336,-0.0183290895785458,0.00249999999999999));
#10056=CARTESIAN_POINT('',(0.0405053438215195,-0.0181235210702729,0.00359999999631987));
#10057=CARTESIAN_POINT('',(0.0405053438215195,-0.0181235210702729,0.00249999999999999));
#10058=CARTESIAN_POINT('',(0.0404401366612371,-0.0179154874805502,0.00359999999631987));
#10059=CARTESIAN_POINT('',(0.0404401366612371,-0.0179154874805502,0.00249999999999999));
#10060=CARTESIAN_POINT('',(0.0406371362693312,-0.0185333963819697,0.00249999999999999));
#10061=CARTESIAN_POINT('',(0.0406371362693304,-0.0185333963819674,0.00286666666543994));
#10062=CARTESIAN_POINT('',(0.0406371362693297,-0.0185333963819652,0.0032333333308799));
#10063=CARTESIAN_POINT('',(0.040637136269329,-0.018533396381963,0.00359999999631985));
#10064=CARTESIAN_POINT('',(0.040637136269329,-0.018533396381963,0.00359999999631987));
#10065=CARTESIAN_POINT('',(0.0405671914576805,-0.0183162896789575,0.00359999999631987));
#10066=CARTESIAN_POINT('',(0.0405903784072246,-0.018388667737795,0.00359999999631987));
#10067=CARTESIAN_POINT('',(0.0406136887765631,-0.0184610384944383,0.00359999999631987));
#10068=CARTESIAN_POINT('',(0.0406371182950986,-0.0185334022015593,0.00359999999631987));
#10069=CARTESIAN_POINT('',(0.0404400771922487,-0.0179151336776105,0.00249999999999935));
#10070=CARTESIAN_POINT('',(0.0404400771922487,-0.0179151336776102,0.0075));
#10071=CARTESIAN_POINT('',(0.0414396880410664,-0.0211072313931624,0.00249999999999954));
#10072=CARTESIAN_POINT('',(0.0414396880410664,-0.0211072313931621,0.00750000000000019));
#10073=CARTESIAN_POINT('',(0.0437885898727314,-0.0271411666387941,0.0025));
#10074=CARTESIAN_POINT('',(0.0437885898727314,-0.0271411666387938,0.00750000000000065));
#10075=CARTESIAN_POINT('',(0.0460886147744107,-0.033131436683722,0.00250000000000036));
#10076=CARTESIAN_POINT('',(0.0460886147744107,-0.0331314366837217,0.00750000000000101));
#10077=CARTESIAN_POINT('',(0.0472406934956794,-0.0361314554967592,0.00250000000000057));
#10078=CARTESIAN_POINT('',(0.0472406934956794,-0.0361314554967589,0.00750000000000122));
#10079=CARTESIAN_POINT('',(0.0472406934956794,-0.0361314554967588,0.00750000000000001));
#10080=CARTESIAN_POINT('',(0.0472406934956794,-0.0361314554967588,0.00583333333333375));
#10081=CARTESIAN_POINT('',(0.0472406934956793,-0.0361314554967588,0.00416666666666749));
#10082=CARTESIAN_POINT('',(0.0472406934956793,-0.0361314554967588,0.00250000000000123));
#10083=CARTESIAN_POINT('',(0.0472406342933485,-0.0361312546064444,0.0025));
#10084=CARTESIAN_POINT('',(0.0472406342933485,-0.0361312546064444,0.00750000000000001));
#10085=CARTESIAN_POINT('',(0.0476525700635708,-0.0372042051423305,0.0025));
#10086=CARTESIAN_POINT('',(0.0476525700635708,-0.0372042051423305,0.00750000000000001));
#10087=CARTESIAN_POINT('',(0.0480757020952067,-0.0383180870113729,0.0025));
#10088=CARTESIAN_POINT('',(0.0480757020952067,-0.0383180870113729,0.00750000000000001));
#10089=CARTESIAN_POINT('',(0.0486119112572223,-0.0394711100010664,0.0025));
#10090=CARTESIAN_POINT('',(0.0486119112572223,-0.0394711100010664,0.00750000000000001));
#10091=CARTESIAN_POINT('',(0.0612225272906329,0.0699266995468778,0.));
#10092=CARTESIAN_POINT('',(0.0612164089787956,0.0699267008022105,0.0025));
#10093=CARTESIAN_POINT('',(0.0423438847506216,0.0577752465134308,0.0075));
#10094=CARTESIAN_POINT('',(0.0423438847506216,0.0577752465134308,0.00359999999631986));
#10095=CARTESIAN_POINT('',(0.0424511183315065,0.0582136080564205,0.00750000000000001));
#10096=CARTESIAN_POINT('',(0.0424511183315065,0.0582136080564205,0.00359999999631987));
#10097=CARTESIAN_POINT('',(0.0427336207797824,0.0591194003624911,0.0075));
#10098=CARTESIAN_POINT('',(0.0427336207797824,0.0591194003624911,0.00359999999631986));
#10099=CARTESIAN_POINT('',(0.0432231964497721,0.0600204342753678,0.0075));
#10100=CARTESIAN_POINT('',(0.0432231964497721,0.0600204342753678,0.00359999999631987));
#10101=CARTESIAN_POINT('',(0.0434837482636921,0.0604157926045224,0.0075));
#10102=CARTESIAN_POINT('',(0.0434837482636921,0.0604157926045224,0.00359999999631987));
#10103=CARTESIAN_POINT('',(0.0855474604209459,0.0699298218656104,0.));
#10104=CARTESIAN_POINT('',(0.0855176613923278,0.0699298112615739,0.005));
#10105=CARTESIAN_POINT('',(0.0762242462851659,0.0699265041835507,0.0075000000000001));
#10106=CARTESIAN_POINT('',(0.0762242462851659,0.0699265041835507,0.0058333333333334));
#10107=CARTESIAN_POINT('',(0.0762242462851659,0.0699265041835507,0.0041666666666667));
#10108=CARTESIAN_POINT('',(0.0762242462851659,0.0699265041835507,0.0025));
#10109=CARTESIAN_POINT('',(0.0612164089787968,0.0699267008022106,0.00750000000000012));
#10110=CARTESIAN_POINT('',(0.0612164089787968,0.0699267008022106,0.0025));
#10111=CARTESIAN_POINT('',(0.0624866076942663,0.0699324290265631,0.00750000000000011));
#10112=CARTESIAN_POINT('',(0.0624866076942663,0.0699324290265632,0.00249999999999999));
#10113=CARTESIAN_POINT('',(0.0649737249220473,0.0699243658201204,0.00750000000000012));
#10114=CARTESIAN_POINT('',(0.0649737249220473,0.0699243658201204,0.0025));
#10115=CARTESIAN_POINT('',(0.0699811759259856,0.0699241226504001,0.00750000000000011));
#10116=CARTESIAN_POINT('',(0.0699811759259856,0.0699241226504001,0.00249999999999999));
#10117=CARTESIAN_POINT('',(0.0737187752659893,0.0699308979528107,0.00750000000000012));
#10118=CARTESIAN_POINT('',(0.0737187752659893,0.0699308979528107,0.0025));
#10119=CARTESIAN_POINT('',(0.0762295147120976,0.0699265003379681,0.00750000000000012));
#10120=CARTESIAN_POINT('',(0.0762295147120976,0.0699265003379681,0.0025));
#10121=CARTESIAN_POINT('',(0.0855176613923277,0.069929811261574,0.0075));
#10122=CARTESIAN_POINT('',(0.0855176613923277,0.069929811261574,0.00249999999999754));
#10123=CARTESIAN_POINT('',(0.0864172098975182,0.0692508417308339,0.0075));
#10124=CARTESIAN_POINT('',(0.0864172098975182,0.0692508417308339,0.00249999999999754));
#10125=CARTESIAN_POINT('',(0.0882490120496545,0.0678943735679091,0.0075));
#10126=CARTESIAN_POINT('',(0.0882490120496545,0.0678943735679091,0.00249999999999754));
#10127=CARTESIAN_POINT('',(0.091016798154673,0.0657899226918579,0.0075));
#10128=CARTESIAN_POINT('',(0.091016798154673,0.0657899226918579,0.00249999999999753));
#10129=CARTESIAN_POINT('',(0.0933045133563602,0.0639434390641973,0.00750000000000001));
#10130=CARTESIAN_POINT('',(0.0933045133563602,0.0639434390641973,0.00249999999999755));
#10131=CARTESIAN_POINT('',(0.09511121689593,0.0623229479082047,0.0075));
#10132=CARTESIAN_POINT('',(0.09511121689593,0.0623229479082047,0.00249999999999754));
#10133=CARTESIAN_POINT('',(0.0960103033661807,0.0614203730588262,0.0075));
#10134=CARTESIAN_POINT('',(0.0960103033661807,0.0614203730588262,0.00249999999999754));
#10135=CARTESIAN_POINT('',(0.0964616591197109,0.060901297929762,0.0075));
#10136=CARTESIAN_POINT('',(0.0964616591197109,0.060901297929762,0.00249999999999754));
#10137=CARTESIAN_POINT('',(0.0912,0.053436743174993,0.0140823507681489));
#10138=CARTESIAN_POINT('',(0.0562,0.0534367431749931,0.0140823507681489));
#10139=CARTESIAN_POINT('',(0.0512,0.053436743174993,0.0140823507681489));
#10140=CARTESIAN_POINT('',(0.0912,0.053809717297554,0.0175430499948562));
#10141=CARTESIAN_POINT('',(0.0512,0.053809717297554,0.0175430499948562));
#10142=CARTESIAN_POINT('',(0.0562,0.0536617789639571,0.0182346691981465));
#10143=CARTESIAN_POINT('',(0.0621130876243115,0.0536617789639571,0.0182346691981465));
#10144=CARTESIAN_POINT('',(0.0562,0.0536617789639571,0.0182346691981465));
#10145=CARTESIAN_POINT('',(0.0562,0.0536617789639571,0.0165466427464552));
#10146=CARTESIAN_POINT('',(0.0862,0.0536617789639571,0.0165466427464552));
#10147=CARTESIAN_POINT('',(0.0710288217145772,0.0422040309094873,0.0124));
#10148=CARTESIAN_POINT('',(0.0414919964651964,0.0363067654333105,0.0124));
#10149=CARTESIAN_POINT('',(0.0391903612943102,0.01781107241695,0.0124));
#10150=CARTESIAN_POINT('',(0.0418642354201669,0.0357596694904812,0.0124));
#10151=CARTESIAN_POINT('',(0.0625958573073149,0.0672668447096452,0.0124));
#10152=CARTESIAN_POINT('',(0.0630786269903183,0.0672668447096452,0.0124));
#10153=CARTESIAN_POINT('',(0.0630786269903183,0.0672668447096452,0.0148119489071058));
#10154=CARTESIAN_POINT('',(0.0621130876243115,0.0672668447096452,0.0148119489071058));
#10155=CARTESIAN_POINT('',(0.0621130876243115,0.0672668447096452,0.0148119489071058));
#10156=CARTESIAN_POINT('',(0.0621130876243115,0.0672668447096452,0.0124));
#10157=CARTESIAN_POINT('',(0.0529533596301971,0.0610346515796579,0.0124));
#10158=CARTESIAN_POINT('',(0.0628479595869638,0.0677668447096452,0.0148119489071058));
#10159=CARTESIAN_POINT('',(0.0621152257079936,0.067268299441755,0.0148500621051392));
#10160=CARTESIAN_POINT('',(0.0621152257079936,0.067268299441755,0.0148500621051392));
#10161=CARTESIAN_POINT('',(0.0560386767196407,0.0631338724278115,0.0167000764389734));
#10162=CARTESIAN_POINT('',(0.0499417217341022,0.0589855613645216,0.0184565418507094));
#10163=CARTESIAN_POINT('',(0.0437936316360825,0.054802458449671,0.0199225434580621));
#10164=CARTESIAN_POINT('',(0.0437936316360825,0.054802458449671,0.0199225434580621));
#10165=CARTESIAN_POINT('',(0.0437936316360825,0.054802458449671,0.0124));
#10166=CARTESIAN_POINT('',(0.0414919964651964,0.0363067654333105,0.0124));
#10167=CARTESIAN_POINT('',(0.0437936316360825,0.054802458449671,0.0199225434580621));
#10168=CARTESIAN_POINT('',(0.0437936316360825,0.054802458449671,0.0199622675108026));
#10169=CARTESIAN_POINT('',(0.0437943703108758,0.0548083943609698,0.0200010500812769));
#10170=CARTESIAN_POINT('',(0.0437958919251987,0.054820621890233,0.0200388347516061));
#10171=CARTESIAN_POINT('',(0.0437958919251983,0.0548206218902292,0.0200388347516061));
#10172=CARTESIAN_POINT('',(0.0437958919251983,0.0548206218902292,0.0200388347516061));
#10173=CARTESIAN_POINT('',(0.0434246771643922,0.0518375799442861,0.0210738925530272));
#10174=CARTESIAN_POINT('',(0.042674165885647,0.0458065519201345,0.0228807094808636));
#10175=CARTESIAN_POINT('',(0.0415224236286276,0.0365512748504853,0.0247901530562717));
#10176=CARTESIAN_POINT('',(0.0403591310939054,0.0272031809898224,0.0262205417286073));
#10177=CARTESIAN_POINT('',(0.0395804770185086,0.0209460004745744,0.0269465442988182));
#10178=CARTESIAN_POINT('',(0.0391903612943103,0.01781107241695,0.0272673784297086));
#10179=CARTESIAN_POINT('',(0.0391903612943102,0.01781107241695,0.0272673784297086));
#10180=CARTESIAN_POINT('',(0.0391903612943102,0.01781107241695,0.0124));
#10181=CARTESIAN_POINT('',(0.0418642354201669,0.0357596694904812,0.0124));
#10182=CARTESIAN_POINT('',(0.0391903612943103,0.01781107241695,0.0272673784297086));
#10183=CARTESIAN_POINT('',(0.0391903612943103,0.0178110724169499,0.0272731315119872));
#10184=CARTESIAN_POINT('',(0.039189802648796,0.0178073224635972,0.027278011998459));
#10185=CARTESIAN_POINT('',(0.0391892031613843,0.0178032983556934,0.027282002794936));
#10186=CARTESIAN_POINT('',(0.0391892031613843,0.0178032983556938,0.0272820027949362));
#10187=CARTESIAN_POINT('',(0.0391892031613843,0.0178032983556938,0.0272820027949362));
#10188=CARTESIAN_POINT('',(0.0400941160119173,0.0238775993049481,0.0266629103315549));
#10189=CARTESIAN_POINT('',(0.0414483370228685,0.0329679177455313,0.0255081705572288));
#10190=CARTESIAN_POINT('',(0.0432321061360762,0.0449416126833655,0.0231145594752832));
#10191=CARTESIAN_POINT('',(0.044105764276126,0.0508061138519614,0.0214325918763494));
#10192=CARTESIAN_POINT('',(0.0445381095460236,0.0537082665640126,0.0204636265939078));
#10193=CARTESIAN_POINT('',(0.0445381095460236,0.0537082665640126,0.0204636265939078));
#10194=CARTESIAN_POINT('',(0.0445381095460236,0.0537082665640126,0.0124));
#10195=CARTESIAN_POINT('',(0.0533255985851675,0.0598322474533409,0.0124));
#10196=CARTESIAN_POINT('',(0.0445511029340044,0.0537173216261956,0.0205724005049332));
#10197=CARTESIAN_POINT('',(0.050436644408231,0.0578189419355877,0.0192171360023692));
#10198=CARTESIAN_POINT('',(0.0562759928657305,0.0618883704379234,0.0175848912912007));
#10199=CARTESIAN_POINT('',(0.0620849930376551,0.0659366492898804,0.0158066949103768));
#10200=CARTESIAN_POINT('',(0.0445511029340044,0.0537173216261956,0.0205724005049332));
#10201=CARTESIAN_POINT('',(0.0620849930376551,0.0659366492898805,0.0158066949103768));
#10202=CARTESIAN_POINT('',(0.0620849930376551,0.0659366492898805,0.0158066949103768));
#10203=CARTESIAN_POINT('',(0.0621028465537919,0.0659490913641912,0.0157454852815714));
#10204=CARTESIAN_POINT('',(0.0621130876243115,0.0659562283426691,0.0156825966845388));
#10205=CARTESIAN_POINT('',(0.0621130876243115,0.0659562283426691,0.0156174493610888));
#10206=CARTESIAN_POINT('',(0.0621130876243115,0.0659562283426691,0.0156174493610888));
#10207=CARTESIAN_POINT('',(0.0621130876243115,0.0659562283426691,0.0124));
#10208=CARTESIAN_POINT('',(0.0445381095460236,0.0537082665640126,0.0204636265939078));
#10209=CARTESIAN_POINT('',(0.0445381095460236,0.0537082665640126,0.0205006531991793));
#10210=CARTESIAN_POINT('',(0.0445422336149609,0.0537111406181646,0.0205369479160221));
#10211=CARTESIAN_POINT('',(0.0445511029340043,0.0537173216261956,0.0205724005049332));
#10212=CARTESIAN_POINT('',(0.0625958573073149,0.0280216652899981,0.0124));
#10213=CARTESIAN_POINT('',(0.0617114781967695,0.0280216652899981,0.0265645719852707));
#10214=CARTESIAN_POINT('',(0.0619764014965428,0.0280216652899981,0.0265645719852707));
#10215=CARTESIAN_POINT('',(0.0622106359971472,0.0280216652899981,0.0263256246527894));
#10216=CARTESIAN_POINT('',(0.0622106359971472,0.0280216652899981,0.0260607679890584));
#10217=CARTESIAN_POINT('',(0.0622106359971472,0.0280216652899981,0.0260607679890584));
#10218=CARTESIAN_POINT('',(0.0622106359971472,0.0280216652899981,0.0124));
#10219=CARTESIAN_POINT('',(0.0622106359971472,0.0280216652899981,0.025));
#10220=CARTESIAN_POINT('',(0.0625958573073149,0.0280216652899981,0.025));
#10221=CARTESIAN_POINT('',(0.0630396791873679,0.0280216652899981,0.025));
#10222=CARTESIAN_POINT('',(0.0630396791873679,0.0280216652899981,0.0124));
#10223=CARTESIAN_POINT('',(0.0630396791873679,0.0280216652899981,0.0260573525519631));
#10224=CARTESIAN_POINT('',(0.0630396791873679,0.0280216652899981,0.0260573525519631));
#10225=CARTESIAN_POINT('',(0.0630396791873679,0.0280216652899981,0.0263240571828275));
#10226=CARTESIAN_POINT('',(0.0632757424989615,0.0280216652899981,0.0265645719852706));
#10227=CARTESIAN_POINT('',(0.0635425087485985,0.0280216652899981,0.0265645719852707));
#10228=CARTESIAN_POINT('',(0.0635786269903183,0.0280216652899981,0.0265645719852707));
#10229=CARTESIAN_POINT('',(0.063313261608025,0.0280216652899981,0.0265645719852707));
#10230=CARTESIAN_POINT('',(0.0630786269903183,0.0280216652899981,0.0263251698624592));
#10231=CARTESIAN_POINT('',(0.0630786269903183,0.0280216652899981,0.0260598735466308));
#10232=CARTESIAN_POINT('',(0.0630786269903183,0.0280216652899981,0.0260598735466308));
#10233=CARTESIAN_POINT('',(0.0630786269903183,0.0280216652899981,0.0124));
#10234=CARTESIAN_POINT('',(0.0621130876243115,0.0280216652899981,0.0124));
#10235=CARTESIAN_POINT('',(0.0621130876243115,0.0280216652899981,0.0260598735466308));
#10236=CARTESIAN_POINT('',(0.0621130876243115,0.0280216652899981,0.0260598735466308));
#10237=CARTESIAN_POINT('',(0.0621130876243115,0.0280216652899981,0.0263252120842796));
#10238=CARTESIAN_POINT('',(0.0618784971863387,0.0280216652899981,0.0265645719852707));
#10239=CARTESIAN_POINT('',(0.0616130876243114,0.0280216652899981,0.0265645719852707));
#10240=CARTESIAN_POINT('',(0.0621130876243115,0.0469889468163336,0.0124));
#10241=CARTESIAN_POINT('',(0.0621130876243115,0.0659562283426692,0.0156174493610888));
#10242=CARTESIAN_POINT('',(0.0621130876243115,0.0629422883634867,0.0169476669171078));
#10243=CARTESIAN_POINT('',(0.0621130876243115,0.0568702125426889,0.019478267093856));
#10244=CARTESIAN_POINT('',(0.0621130876243115,0.047472839985964,0.0224825080963879));
#10245=CARTESIAN_POINT('',(0.0621130876243115,0.0377929971749522,0.0245892720071773));
#10246=CARTESIAN_POINT('',(0.0621130876243115,0.0312879356105443,0.0256105931197989));
#10247=CARTESIAN_POINT('',(0.0621130876243115,0.0280216652899981,0.0260598735466308));
#10248=CARTESIAN_POINT('',(0.0630786269903183,0.0476442549998216,0.0124));
#10249=CARTESIAN_POINT('',(0.0630786269903183,0.0280216652899981,0.0260598735466308));
#10250=CARTESIAN_POINT('',(0.0630786269903183,0.0314112712260365,0.0255936281191915));
#10251=CARTESIAN_POINT('',(0.0630786269903183,0.0381611283749113,0.0245307498282987));
#10252=CARTESIAN_POINT('',(0.0630786269903183,0.0481993162949751,0.0222987643323141));
#10253=CARTESIAN_POINT('',(0.0630786269903183,0.0579155142275962,0.0190960918692733));
#10254=CARTESIAN_POINT('',(0.0630786269903183,0.064190255017647,0.0164091607212947));
#10255=CARTESIAN_POINT('',(0.0630786269903183,0.0673103905187654,0.0150160311739363));
#10256=CARTESIAN_POINT('',(0.0630786269903183,0.0673103905187654,0.0150160311739363));
#10257=CARTESIAN_POINT('',(0.0630786269903183,0.0677668447096452,0.0148119489071058));
#10258=CARTESIAN_POINT('',(0.0892933006908276,0.0598092254698554,0.0124));
#10259=CARTESIAN_POINT('',(0.0806146971809496,0.0658905879228729,0.0158265979752526));
#10260=CARTESIAN_POINT('',(0.0863698122343872,0.0618578030907353,0.0175970431755575));
#10261=CARTESIAN_POINT('',(0.0921552348188845,0.0578037808462399,0.0192218571699552));
#10262=CARTESIAN_POINT('',(0.0979865230133948,0.0537176191684474,0.0205720584791316));
#10263=CARTESIAN_POINT('',(0.0806146971809496,0.0658905879228729,0.0158265979752525));
#10264=CARTESIAN_POINT('',(0.0979865230133948,0.0537176191684474,0.0205720584791316));
#10265=CARTESIAN_POINT('',(0.0979865230133948,0.0537176191684474,0.0205720584791316));
#10266=CARTESIAN_POINT('',(0.0979956339916632,0.0537112348277999,0.0205358825716365));
#10267=CARTESIAN_POINT('',(0.0979998699477867,0.0537082665640127,0.0204988329187148));
#10268=CARTESIAN_POINT('',(0.0979998699477867,0.0537082665640127,0.0204610240595412));
#10269=CARTESIAN_POINT('',(0.0979998699477867,0.0537082665640126,0.0204610240595412));
#10270=CARTESIAN_POINT('',(0.0979998699477867,0.0537082665640126,0.0124));
#10271=CARTESIAN_POINT('',(0.0805867314338684,0.0659101843756981,0.0124));
#10272=CARTESIAN_POINT('',(0.0805867314338684,0.0659101843756981,0.0156377661443664));
#10273=CARTESIAN_POINT('',(0.0805867314338684,0.0659101843756981,0.0156377661443664));
#10274=CARTESIAN_POINT('',(0.0805867314338684,0.0659101843756981,0.0157027685403363));
#10275=CARTESIAN_POINT('',(0.0805969290262883,0.0659030386113384,0.0157655191182593));
#10276=CARTESIAN_POINT('',(0.0806146971809496,0.0658905879228729,0.0158265979752525));
#10277=CARTESIAN_POINT('',(0.100433576041315,0.0353985632668861,0.0124));
#10278=CARTESIAN_POINT('',(0.0979998699477867,0.0537082665640126,0.0204610240595412));
#10279=CARTESIAN_POINT('',(0.0983932283713583,0.0507488804474343,0.0214493415566439));
#10280=CARTESIAN_POINT('',(0.0991882891229637,0.0447673338244481,0.0231588220453674));
#10281=CARTESIAN_POINT('',(0.100811944276203,0.0325519540825368,0.0255764744444376));
#10282=CARTESIAN_POINT('',(0.102044536197541,0.0232786928509756,0.0267352763917322));
#10283=CARTESIAN_POINT('',(0.102868139504463,0.0170824096496566,0.0273539388097529));
#10284=CARTESIAN_POINT('',(0.102868139504463,0.0170824096496566,0.0273539388097529));
#10285=CARTESIAN_POINT('',(0.102868139504463,0.0170824096496566,0.0273539388097529));
#10286=CARTESIAN_POINT('',(0.102867689821716,0.0170857927852324,0.027350432830351));
#10287=CARTESIAN_POINT('',(0.102867282134844,0.0170888599697601,0.0273461458943665));
#10288=CARTESIAN_POINT('',(0.102867282134844,0.0170888599697601,0.0273412157508253));
#10289=CARTESIAN_POINT('',(0.102867282134844,0.0170888599697597,0.0273412157508253));
#10290=CARTESIAN_POINT('',(0.102867282134844,0.0170888599697597,0.0124));
#10291=CARTESIAN_POINT('',(0.102867282134844,0.0170888599697597,0.0124));
#10292=CARTESIAN_POINT('',(0.100433576041315,0.0353985632668861,0.0124));
#10293=CARTESIAN_POINT('',(0.10078838129405,0.0359200361317592,0.0124));
#10294=CARTESIAN_POINT('',(0.102867282134844,0.0170888599697597,0.0273412157508253));
#10295=CARTESIAN_POINT('',(0.10251495093743,0.0202803593985372,0.0270213911582984));
#10296=CARTESIAN_POINT('',(0.101811692533786,0.026650640571434,0.0262961405226143));
#10297=CARTESIAN_POINT('',(0.100760972237481,0.036168313857449,0.0248609040119298));
#10298=CARTESIAN_POINT('',(0.0997205514934596,0.0455926913596447,0.0229400274164399));
#10299=CARTESIAN_POINT('',(0.0990426639415417,0.0517331573490295,0.021110660987386));
#10300=CARTESIAN_POINT('',(0.0987074390755594,0.0547697035764025,0.02005887203647));
#10301=CARTESIAN_POINT('',(0.0987074390755594,0.0547697035764025,0.02005887203647));
#10302=CARTESIAN_POINT('',(0.0987074390755594,0.0547697035764025,0.02005887203647));
#10303=CARTESIAN_POINT('',(0.0987088136519151,0.0547572523382316,0.0200207066149163));
#10304=CARTESIAN_POINT('',(0.0987094804532568,0.0547512122937597,0.0199815199579409));
#10305=CARTESIAN_POINT('',(0.0987094804532568,0.0547512122937597,0.0199413711856945));
#10306=CARTESIAN_POINT('',(0.0987094804532573,0.0547512122937594,0.0199413711856946));
#10307=CARTESIAN_POINT('',(0.0987094804532573,0.0547512122937594,0.0124));
#10308=CARTESIAN_POINT('',(0.10078838129405,0.0359200361317592,0.0124));
#10309=CARTESIAN_POINT('',(0.0896481059435629,0.0610352070714871,0.0124));
#10310=CARTESIAN_POINT('',(0.0987094804532573,0.0547512122937594,0.0199413711856946));
#10311=CARTESIAN_POINT('',(0.0926260246407071,0.0589700429486125,0.018465210115396));
#10312=CARTESIAN_POINT('',(0.086594956922574,0.0631525428556987,0.0166933245789487));
#10313=CARTESIAN_POINT('',(0.0805845150359612,0.0673207389044221,0.0148277219787271));
#10314=CARTESIAN_POINT('',(0.0805845150359612,0.0673207389044221,0.0148277219787271));
#10315=CARTESIAN_POINT('',(0.0805845150359612,0.0673207389044221,0.0148277219787271));
#10316=CARTESIAN_POINT('',(0.080585987910882,0.0673197174767898,0.014814712089515));
#10317=CARTESIAN_POINT('',(0.0805867314338688,0.0673192018492147,0.014801641151273));
#10318=CARTESIAN_POINT('',(0.0805867314338688,0.0673192018492147,0.0147885079778398));
#10319=CARTESIAN_POINT('',(0.0805867314338684,0.0673192018492147,0.0147885079778398));
#10320=CARTESIAN_POINT('',(0.0805867314338684,0.0673192018492147,0.0124));
#10321=CARTESIAN_POINT('',(0.0801038108766079,0.0673185587521459,0.0124));
#10322=CARTESIAN_POINT('',(0.0805867314338684,0.0673192018492147,0.0147885079778398));
#10323=CARTESIAN_POINT('',(0.0802647843956951,0.0673187731178355,0.0147886999518669));
#10324=CARTESIAN_POINT('',(0.0799428373575214,0.0673183443864564,0.0147888919253083));
#10325=CARTESIAN_POINT('',(0.0796208903193474,0.0673179156550772,0.0147890838981636));
#10326=CARTESIAN_POINT('',(0.0796208903193474,0.0673179156550772,0.0147890838981636));
#10327=CARTESIAN_POINT('',(0.0796208903193474,0.0673179156550772,0.0124));
#10328=CARTESIAN_POINT('',(0.0801038108766079,0.0279197748750449,0.0124));
#10329=CARTESIAN_POINT('',(0.0805533676258855,0.0279197748750449,0.0124));
#10330=CARTESIAN_POINT('',(0.0805533676258855,0.0279197748750449,0.025));
#10331=CARTESIAN_POINT('',(0.0805533676258855,0.0279197748750449,0.0261643288633851));
#10332=CARTESIAN_POINT('',(0.0805533676258855,0.0279197748750449,0.0261643288633851));
#10333=CARTESIAN_POINT('',(0.080596059633835,0.0279197748750449,0.0263958469287964));
#10334=CARTESIAN_POINT('',(0.080811554809675,0.0279197748750449,0.0265785375751715));
#10335=CARTESIAN_POINT('',(0.081047043958828,0.0279197748750449,0.0265785375751713));
#10336=CARTESIAN_POINT('',(0.0810867314338684,0.0279197748750448,0.0265785375751713));
#10337=CARTESIAN_POINT('',(0.0808213736387923,0.0279197748750448,0.0265785375751713));
#10338=CARTESIAN_POINT('',(0.0805867314338684,0.0279197748750449,0.0263391565851999));
#10339=CARTESIAN_POINT('',(0.0805867314338684,0.0279197748750449,0.0260738674458094));
#10340=CARTESIAN_POINT('',(0.0805867314338684,0.0279197748750449,0.0260738674458094));
#10341=CARTESIAN_POINT('',(0.0805867314338684,0.0279197748750449,0.0124));
#10342=CARTESIAN_POINT('',(0.0796208903193474,0.0279197748750449,0.0124));
#10343=CARTESIAN_POINT('',(0.0796208903193474,0.0279197748750449,0.025));
#10344=CARTESIAN_POINT('',(0.0801038108766079,0.0279197748750449,0.025));
#10345=CARTESIAN_POINT('',(0.0796208903193474,0.0472533768042922,0.0124));
#10346=CARTESIAN_POINT('',(0.0796208903193474,0.0673614832199071,0.0149932147325762));
#10347=CARTESIAN_POINT('',(0.0796208903193474,0.0642321093928676,0.0163909240716918));
#10348=CARTESIAN_POINT('',(0.0796208903193474,0.0579392586319483,0.0190880235193064));
#10349=CARTESIAN_POINT('',(0.0796208903193474,0.0481939214653051,0.0223013126474176));
#10350=CARTESIAN_POINT('',(0.0796208903193474,0.0381247782720939,0.0245380569669073));
#10351=CARTESIAN_POINT('',(0.0796208903193474,0.0313542863652301,0.0256023960583486));
#10352=CARTESIAN_POINT('',(0.0796208903193474,0.0279543109381059,0.0260691289359676));
#10353=CARTESIAN_POINT('',(0.0796208903193474,0.0673614832199071,0.0149932147325762));
#10354=CARTESIAN_POINT('',(0.0796208903193474,0.027954310938106,0.0260691289359676));
#10355=CARTESIAN_POINT('',(0.0796208903193474,0.0279543109381059,0.0124));
#10356=CARTESIAN_POINT('',(0.0796208903193474,0.0279543109381059,0.025));
#10357=CARTESIAN_POINT('',(0.0796208903193474,0.0472533768042922,0.025));
#10358=CARTESIAN_POINT('',(0.0796208903193474,0.0673179156550772,0.0147890838981636));
#10359=CARTESIAN_POINT('',(0.0796208903193474,0.0673179156550772,0.0148597228534267));
#10360=CARTESIAN_POINT('',(0.0796208903193474,0.0673326440166786,0.0149287309174971));
#10361=CARTESIAN_POINT('',(0.0796208903193474,0.0673614832199129,0.0149932147325742));
#10362=CARTESIAN_POINT('',(0.0805867314338684,0.0469149796253715,0.0124));
#10363=CARTESIAN_POINT('',(0.0805867314338684,0.0279197748750449,0.0260738674458094));
#10364=CARTESIAN_POINT('',(0.0805867314338684,0.0311905240462026,0.0256253363869086));
#10365=CARTESIAN_POINT('',(0.0805867314338684,0.0377045635308323,0.0246054675674056));
#10366=CARTESIAN_POINT('',(0.0805867314338684,0.0473983974721975,0.0225027018768307));
#10367=CARTESIAN_POINT('',(0.0805867314338684,0.0568108631164704,0.0195007295309373));
#10368=CARTESIAN_POINT('',(0.0805867314338684,0.0628919613199674,0.016969223460134));
#10369=CARTESIAN_POINT('',(0.0805867314338684,0.0659101843756981,0.0156377661443664));
#10370=CARTESIAN_POINT('',(0.0710288217145772,0.0422040309094873,0.0124));
#10371=CARTESIAN_POINT('',(0.0714814923703671,0.0587275661528111,0.03));
#10372=CARTESIAN_POINT('',(0.0658369958400726,0.0587275661528111,0.03));
#10373=CARTESIAN_POINT('',(0.0771259889006615,0.0587275661528111,0.03));
#10374=CARTESIAN_POINT('',(0.0714814923703671,0.0334349684417248,0.03));
#10375=CARTESIAN_POINT('',(0.0771259889006615,0.0334349684417248,0.03));
#10376=CARTESIAN_POINT('',(0.0658369958400726,0.0334349684417248,0.03));
#10377=CARTESIAN_POINT('',(0.0658369958400726,0.0460812672972679,0.03));
#10378=CARTESIAN_POINT('',(0.0771259889006615,0.0460812672972679,0.03));
#10379=CARTESIAN_POINT('',(0.0791208903193474,0.0682479527422405,0.0151443111518626));
#10380=CARTESIAN_POINT('',(0.0796208903193474,0.0682479527422405,0.0151443111518626));
#10381=CARTESIAN_POINT('',(0.0796208903193474,0.0680434500373169,0.0146880451727682));
#10382=CARTESIAN_POINT('',(0.0791208903193474,0.0650855765717771,0.0165617179068641));
#10383=CARTESIAN_POINT('',(0.0796208903193474,0.0650855765723555,0.0165617179080677));
#10384=CARTESIAN_POINT('',(0.0796208903193474,0.0648832025646792,0.0161044978268174));
#10385=CARTESIAN_POINT('',(0.0791208903193474,0.0587088635363082,0.019333235073184));
#10386=CARTESIAN_POINT('',(0.0796208903193497,0.0587088635360337,0.0193332350726132));
#10387=CARTESIAN_POINT('',(0.0796208903193474,0.0585275190364058,0.0188666092136733));
#10388=CARTESIAN_POINT('',(0.0791208903193474,0.0504072715898723,0.0221173371522918));
#10389=CARTESIAN_POINT('',(0.0796208903193412,0.0504072715899041,0.022117337152357));
#10390=CARTESIAN_POINT('',(0.0796208903193474,0.0502640774632738,0.0216377253489345));
#10391=CARTESIAN_POINT('',(0.0791208903193474,0.0435177078174093,0.0238575765999377));
#10392=CARTESIAN_POINT('',(0.0796208903193581,0.043517707817407,0.0238575765999344));
#10393=CARTESIAN_POINT('',(0.0796208903193474,0.0434073408304615,0.0233697403090637));
#10394=CARTESIAN_POINT('',(0.0791208903193474,0.0366050206571312,0.0252822312125977));
#10395=CARTESIAN_POINT('',(0.0796208903192894,0.0366050206571134,0.0252822312125519));
#10396=CARTESIAN_POINT('',(0.0796208903193474,0.0365182226466495,0.0247896313807313));
#10397=CARTESIAN_POINT('',(0.0791208903193474,0.0313978300188324,0.0261025408818008));
#10398=CARTESIAN_POINT('',(0.0796208903196052,0.0313978300189281,0.0261025408820393));
#10399=CARTESIAN_POINT('',(0.0796208903193474,0.0313231481284686,0.0256081008852936));
#10400=CARTESIAN_POINT('',(0.0791208903193474,0.0279197748750448,0.0265785375751713));
#10401=CARTESIAN_POINT('',(0.0796208903193474,0.0279197748750448,0.0265785375751713));
#10402=CARTESIAN_POINT('',(0.0796208903193474,0.0278519782687307,0.0260831552781801));
#10403=CARTESIAN_POINT('',(0.0796208903193474,0.027954310938106,0.0260691289359676));
#10404=CARTESIAN_POINT('',(0.0796208903193474,0.0279543109381059,0.0260889174947568));
#10405=CARTESIAN_POINT('',(0.0796197412645843,0.0279543534955253,0.0261086389651098));
#10406=CARTESIAN_POINT('',(0.079617440700531,0.027954438701272,0.0261282932037172));
#10407=CARTESIAN_POINT('',(0.079617440700531,0.027954438701272,0.0261282932037172));
#10408=CARTESIAN_POINT('',(0.0796208903193474,0.0673614832199071,0.0149932147325762));
#10409=CARTESIAN_POINT('',(0.0796208903193474,0.0674273356103302,0.0151404592085051));
#10410=CARTESIAN_POINT('',(0.079459925262897,0.0676852366295409,0.0153233286969217));
#10411=CARTESIAN_POINT('',(0.0792330362728944,0.067919339602298,0.0152915050990614));
#10412=CARTESIAN_POINT('',(0.0791208903193474,0.0680215852621466,0.0152457227508811));
#10413=CARTESIAN_POINT('',(0.0791227903418486,0.0279197748750448,0.0265785375751713));
#10414=CARTESIAN_POINT('',(0.0793299394197814,0.0279197748750448,0.0265785375751713));
#10415=CARTESIAN_POINT('',(0.0795248992966749,0.0279197748750449,0.0264383210613102));
#10416=CARTESIAN_POINT('',(0.0795921802560131,0.0279197748750449,0.0262424196760524));
#10417=CARTESIAN_POINT('',(0.0795921802560129,0.0279197748750449,0.0262424196760524));
#10418=CARTESIAN_POINT('',(0.079592180256013,0.0279197748750449,0.0262424196760524));
#10419=CARTESIAN_POINT('',(0.0796108434582667,0.0279131882977555,0.0261901576440576));
#10420=CARTESIAN_POINT('',(0.0796204082003141,0.0279061099944967,0.0261363432527193));
#10421=CARTESIAN_POINT('',(0.0796208730232957,0.0278985398865865,0.0260809762531089));
#10422=CARTESIAN_POINT('',(0.0796208730232957,0.0278985398865865,0.0260809762531089));
#10423=CARTESIAN_POINT('',(0.0796208730232957,0.0278985398865859,0.026080976253109));
#10424=CARTESIAN_POINT('',(0.0796206612688126,0.0279019885204761,0.0261061992107623));
#10425=CARTESIAN_POINT('',(0.0796189006723204,0.0279306615980985,0.0261190761606193));
#10426=CARTESIAN_POINT('',(0.079617440700531,0.027954438701272,0.0261282932037172));
#10427=CARTESIAN_POINT('',(0.0791118244685408,0.067317237740767,0.0147893874470584));
#10428=CARTESIAN_POINT('',(0.079112284632532,0.0673172383535595,0.0155611068314678));
#10429=CARTESIAN_POINT('',(0.0791111586276599,0.0680215722921407,0.0152457285584363));
#10430=CARTESIAN_POINT('',(0.0796589618011897,0.0673179663542202,0.014789061197205));
#10431=CARTESIAN_POINT('',(0.0796594225124883,0.0673179669677226,0.0155607816728325));
#10432=CARTESIAN_POINT('',(0.0796582959603088,0.0680223014946703,0.0152454020448013));
#10433=CARTESIAN_POINT('',(0.0802060991338655,0.0673186949676734,0.0147887349456324));
#10434=CARTESIAN_POINT('',(0.0802065598465525,0.0673186955812002,0.0155604565119638));
#10435=CARTESIAN_POINT('',(0.0802054332929845,0.0680230306968099,0.0152450755296459));
#10436=CARTESIAN_POINT('',(0.080753236466465,0.0673194235811265,0.0147884086923839));
#10437=CARTESIAN_POINT('',(0.0807536966371815,0.067319424193928,0.0155601313488481));
#10438=CARTESIAN_POINT('',(0.0807525706255841,0.0680237598984143,0.0152447490130377));
#10439=CARTESIAN_POINT('',(0.0805845150359612,0.0673207389044221,0.0148277219787271));
#10440=CARTESIAN_POINT('',(0.0805660490889304,0.0673335448992061,0.0149908315012457));
#10441=CARTESIAN_POINT('',(0.0805857116269424,0.067534398573325,0.0152962823183104));
#10442=CARTESIAN_POINT('',(0.0806911361788372,0.0678832976326296,0.0153076441842914));
#10443=CARTESIAN_POINT('',(0.0807428389338967,0.0680237469284249,0.0152447548206453));
#10444=CARTESIAN_POINT('',(0.0805867314338684,0.066125494661113,0.0155426771087135));
#10445=CARTESIAN_POINT('',(0.0805867314338684,0.0663276780710279,0.0159999755547585));
#10446=CARTESIAN_POINT('',(0.0810867314338684,0.0663276780710279,0.0159999755547585));
#10447=CARTESIAN_POINT('',(0.0805867314338684,0.0630997721830096,0.0168804268733054));
#10448=CARTESIAN_POINT('',(0.0805867314340632,0.0632968036432558,0.0173400031288883));
#10449=CARTESIAN_POINT('',(0.081086731434052,0.0632968036428628,0.0173400031280212));
#10450=CARTESIAN_POINT('',(0.0805867314338684,0.0569915932190781,0.019436379139769));
#10451=CARTESIAN_POINT('',(0.0805867314337774,0.057166221604863,0.0199055832280272));
#10452=CARTESIAN_POINT('',(0.0810867314337826,0.0571662216050499,0.0199055832284386));
#10453=CARTESIAN_POINT('',(0.0805867314338684,0.0490450386412602,0.0219838174886958));
#10454=CARTESIAN_POINT('',(0.0805867314338751,0.0491820724274858,0.0224651559943156));
#10455=CARTESIAN_POINT('',(0.0810867314338747,0.0491820724274629,0.0224651559942683));
#10456=CARTESIAN_POINT('',(0.0805867314338684,0.0424774183490394,0.0235729546777432));
#10457=CARTESIAN_POINT('',(0.0805867314338745,0.0425841620288339,0.0240615660607464));
#10458=CARTESIAN_POINT('',(0.0810867314338741,0.0425841620288377,0.0240615660607493));
#10459=CARTESIAN_POINT('',(0.0805867314338684,0.0358960392833186,0.0248926052596127));
#10460=CARTESIAN_POINT('',(0.0805867314338253,0.0359813838049946,0.0253854282611663));
#10461=CARTESIAN_POINT('',(0.0810867314338278,0.0359813838049951,0.0253854282611964));
#10462=CARTESIAN_POINT('',(0.0805867314338684,0.0309318874593679,0.0256647111684221));
#10463=CARTESIAN_POINT('',(0.0805867314340654,0.0310057403061598,0.0261592706508602));
#10464=CARTESIAN_POINT('',(0.0810867314340541,0.0310057403061462,0.0261592706507012));
#10465=CARTESIAN_POINT('',(0.0805867314338684,0.0276160837519002,0.0261153259663044));
#10466=CARTESIAN_POINT('',(0.0805867314338684,0.0276834144047697,0.0266107718091411));
#10467=CARTESIAN_POINT('',(0.0810867314338684,0.0276834144047697,0.0266107718091411));
#10468=CARTESIAN_POINT('',(0.0806146971809496,0.0658905879228729,0.0158265979752526));
#10469=CARTESIAN_POINT('',(0.0806681887818786,0.0658531047249055,0.0160104778381736));
#10470=CARTESIAN_POINT('',(0.080835586637777,0.0655978187668449,0.0162729842697057));
#10471=CARTESIAN_POINT('',(0.0810022248981422,0.0653061499812191,0.0164491643042407));
#10472=CARTESIAN_POINT('',(0.0810867314338684,0.0651491512756548,0.0165176309359015));
#10473=CARTESIAN_POINT('',(0.0803477932373155,0.0674849036837139,0.014754215751077));
#10474=CARTESIAN_POINT('',(0.0802036612669411,0.0675848581164732,0.0154413524181472));
#10475=CARTESIAN_POINT('',(0.0806327271973348,0.0681001685088512,0.0152105292398762));
#10476=CARTESIAN_POINT('',(0.0865384447966464,0.0631917335881673,0.0166772570505357));
#10477=CARTESIAN_POINT('',(0.0863728101367109,0.0633065999733422,0.0173532957812173));
#10478=CARTESIAN_POINT('',(0.0868233787564581,0.0638037264921589,0.0171350361316812));
#10479=CARTESIAN_POINT('',(0.0927649187890297,0.0588737209058823,0.0185080217288555));
#10480=CARTESIAN_POINT('',(0.0925057990109727,0.0590534185147201,0.0191409615021336));
#10481=CARTESIAN_POINT('',(0.0930498527490672,0.0594678525217759,0.0189736619213465));
#10482=CARTESIAN_POINT('',(0.099007581042164,0.0545444817870439,0.0200134830942571));
#10483=CARTESIAN_POINT('',(0.0989022481849496,0.0546175293278944,0.0206603264776727));
#10484=CARTESIAN_POINT('',(0.0992925150021833,0.0551195751273068,0.020485743708304));
#10485=CARTESIAN_POINT('',(0.0987074390755594,0.0547697035764025,0.02005887203647));
#10486=CARTESIAN_POINT('',(0.0986977540589143,0.0548574327508765,0.0203277787010449));
#10487=CARTESIAN_POINT('',(0.0989396039805362,0.0550658619269478,0.0205044962987284));
#10488=CARTESIAN_POINT('',(0.0991814812868242,0.0551969145269402,0.0204588184240709));
#10489=CARTESIAN_POINT('',(0.0980913496137575,0.0536441639690252,0.020596301978344));
#10490=CARTESIAN_POINT('',(0.0980327939667779,0.0536851956986749,0.0209742571333299));
#10491=CARTESIAN_POINT('',(0.0978044177144062,0.0533912302955276,0.0210711647951363));
#10492=CARTESIAN_POINT('',(0.092197588159677,0.0577741025672215,0.0192348400897236));
#10493=CARTESIAN_POINT('',(0.0922044709076265,0.0577692796157361,0.0196152386931764));
#10494=CARTESIAN_POINT('',(0.0919106562602495,0.0575398585563652,0.0197035417341993));
#10495=CARTESIAN_POINT('',(0.0863321805712222,0.0618841727460786,0.0175869792840399));
#10496=CARTESIAN_POINT('',(0.0862920785100564,0.0619122734852201,0.0179462660315556));
#10497=CARTESIAN_POINT('',(0.0860452486718816,0.0616678229293078,0.0180482590688523));
#10498=CARTESIAN_POINT('',(0.0805111581173455,0.0659631409059773,0.0157947326583941));
#10499=CARTESIAN_POINT('',(0.0804400556639692,0.0660129645659461,0.0161390592100685));
#10500=CARTESIAN_POINT('',(0.0802242262179942,0.0657547998133099,0.0162524935122141));
#10501=CARTESIAN_POINT('',(0.0979865230133948,0.0537176191684474,0.0205720584791316));
#10502=CARTESIAN_POINT('',(0.0979306360698523,0.0537567808561183,0.020793962301116));
#10503=CARTESIAN_POINT('',(0.0977303833217507,0.0536919764330402,0.0209716096986591));
#10504=CARTESIAN_POINT('',(0.0975331543352571,0.0535821719095889,0.02100802792907));
#10505=CARTESIAN_POINT('',(0.0986464147096737,0.0553224767349949,0.0198658105444206));
#10506=CARTESIAN_POINT('',(0.0986276164284193,0.0554927560185945,0.0203552633777435));
#10507=CARTESIAN_POINT('',(0.0991433954187243,0.0555434146472239,0.0203374245898236));
#10508=CARTESIAN_POINT('',(0.0989139248584297,0.0528993064531335,0.0207190989560766));
#10509=CARTESIAN_POINT('',(0.0988960444726346,0.0530612712232154,0.0212102059718519));
#10510=CARTESIAN_POINT('',(0.0994109055674655,0.0531096824003432,0.0211944322621695));
#10511=CARTESIAN_POINT('',(0.099455232484901,0.0479960137746708,0.0222632678743047));
#10512=CARTESIAN_POINT('',(0.0994392519849216,0.0481407689277098,0.0227576081743976));
#10513=CARTESIAN_POINT('',(0.0999522131939584,0.0481831057540485,0.0227459546925261));
#10514=CARTESIAN_POINT('',(0.100287999380577,0.0404526140094519,0.0240302283125032));
#10515=CARTESIAN_POINT('',(0.100276167231365,0.0405597924193445,0.0245299817188455));
#10516=CARTESIAN_POINT('',(0.100784980089626,0.0406058766874493,0.0245207185808831));
#10517=CARTESIAN_POINT('',(0.101137113549396,0.0327611367725766,0.0253983793388725));
#10518=CARTESIAN_POINT('',(0.101127951527955,0.0328441285325732,0.0259002197066554));
#10519=CARTESIAN_POINT('',(0.101634094258446,0.0328937979183315,0.0258923792265935));
#10520=CARTESIAN_POINT('',(0.102272294818015,0.0224783959964471,0.0268410916904538));
#10521=CARTESIAN_POINT('',(0.102264922738689,0.0225451740370735,0.027343048658215));
#10522=CARTESIAN_POINT('',(0.10276927552707,0.0225901005919499,0.0273380262498311));
#10523=CARTESIAN_POINT('',(0.103697129259046,0.00957190818604122,0.0281101355484544));
#10524=CARTESIAN_POINT('',(0.103691993221005,0.00961843163377448,0.0286123281460595));
#10525=CARTESIAN_POINT('',(0.104194109968055,0.00966511082176445,0.0286087274238207));
#10526=CARTESIAN_POINT('',(0.104840695723038,-0.000786787675647269,0.0287591022800153));
#10527=CARTESIAN_POINT('',(0.10483691990131,-0.000752585385686897,0.0292613971470705));
#10528=CARTESIAN_POINT('',(0.105337676432176,-0.000701402516747804,0.0292582153681195));
#10529=CARTESIAN_POINT('',(0.105413293182846,-0.0059735110748481,0.0290062024924525));
#10530=CARTESIAN_POINT('',(0.105410684466673,-0.00594988070592641,0.0295082576339336));
#10531=CARTESIAN_POINT('',(0.105910273891897,-0.00589485254690186,0.0295056360424799));
#10532=CARTESIAN_POINT('',(0.105624369893925,-0.00555555046533935,0.0294241771206722));
#10533=CARTESIAN_POINT('',(0.105394316701484,-0.00366292195365392,0.0293203801061012));
#10534=CARTESIAN_POINT('',(0.105049221184152,-0.000825250663145944,0.0291454358109773));
#10535=CARTESIAN_POINT('',(0.104589387770887,0.00295570409912003,0.0288730541816541));
#10536=CARTESIAN_POINT('',(0.104244596301691,0.00579007010471649,0.0286467566320921));
#10537=CARTESIAN_POINT('',(0.103957408552426,0.0081502574937868,0.0284379662438037));
#10538=CARTESIAN_POINT('',(0.103727743816064,0.0100370933836891,0.0282567263095388));
#10539=CARTESIAN_POINT('',(0.103555531695094,0.0114515268385558,0.0281128337273322));
#10540=CARTESIAN_POINT('',(0.103383376171649,0.012864964999131,0.0279597412439823));
#10541=CARTESIAN_POINT('',(0.103239964606319,0.0140417659390413,0.0278226603278867));
#10542=CARTESIAN_POINT('',(0.103125264515393,0.0149823229634613,0.0277049154253483));
#10543=CARTESIAN_POINT('',(0.10305362537264,0.0155693280062543,0.0276263046672421));
#10544=CARTESIAN_POINT('',(0.102996278431718,0.0160388899812542,0.0275597570133256));
#10545=CARTESIAN_POINT('',(0.102953447424543,0.0163890166838936,0.0275041799547745));
#10546=CARTESIAN_POINT('',(0.102917282721656,0.0166850026480302,0.0274607529964386));
#10547=CARTESIAN_POINT('',(0.102889539291494,0.0169095893555962,0.0274027258034718));
#10548=CARTESIAN_POINT('',(0.102873706314885,0.0170405284022,0.0273973407922089));
#10549=CARTESIAN_POINT('',(0.102868139504463,0.0170824096496563,0.0273539388097527));
#10550=CARTESIAN_POINT('',(0.0974584729802436,0.0541465538045707,0.0208191704836541));
#10551=CARTESIAN_POINT('',(0.0979340703225299,0.054203302352729,0.0208000129228151));
#10552=CARTESIAN_POINT('',(0.0979541137974407,0.0540525076122979,0.0203454368046379));
#10553=CARTESIAN_POINT('',(0.0977798743880469,0.0517177064483759,0.0216391172929558));
#10554=CARTESIAN_POINT('',(0.0982572152478794,0.0517721592823038,0.0216221807456779));
#10555=CARTESIAN_POINT('',(0.0982755152052246,0.0516344816923025,0.0211617304400325));
#10556=CARTESIAN_POINT('',(0.0984295811849076,0.0468057943625488,0.0231108935482479));
#10557=CARTESIAN_POINT('',(0.0989108642929473,0.0468545071023485,0.0230982571305379));
#10558=CARTESIAN_POINT('',(0.0989252220021137,0.0467464885559103,0.0226263700648023));
#10559=CARTESIAN_POINT('',(0.0994258912573463,0.0392792837417709,0.0247794723728328));
#10560=CARTESIAN_POINT('',(0.0999105860540396,0.0393332172992273,0.0247690757291076));
#10561=CARTESIAN_POINT('',(0.099921532074541,0.0392508661935427,0.0242882305575885));
#10562=CARTESIAN_POINT('',(0.100437541258368,0.0316489119871012,0.0260836893557189));
#10563=CARTESIAN_POINT('',(0.100924272915203,0.0317068626981078,0.0260748958907555));
#10564=CARTESIAN_POINT('',(0.100933182075566,0.0316398356715917,0.0255892563432691));
#10565=CARTESIAN_POINT('',(0.101789259747378,0.0214596220554022,0.0274633093474616));
#10566=CARTESIAN_POINT('',(0.102279267110657,0.0215127222659224,0.027457516124701));
#10567=CARTESIAN_POINT('',(0.102284900564575,0.0214703396339178,0.0269662021265704));
#10568=CARTESIAN_POINT('',(0.103485472388923,0.0086800967822287,0.0286813535850987));
#10569=CARTESIAN_POINT('',(0.10397748257986,0.00873639670293581,0.0286772105889158));
#10570=CARTESIAN_POINT('',(0.103981113206111,0.00870908211069832,0.0281826677162137));
#10571=CARTESIAN_POINT('',(0.104846434020295,-0.00156541664931419,0.0293101183571987));
#10572=CARTESIAN_POINT('',(0.105338823864673,-0.00150549531424218,0.0293063839673744));
#10573=CARTESIAN_POINT('',(0.105342074837511,-0.00152995362824289,0.0288109840792037));
#10574=CARTESIAN_POINT('',(0.105527913353382,-0.00670019904634776,0.0295431147183591));
#10575=CARTESIAN_POINT('',(0.106020611475653,-0.00663484470512387,0.0295401491937246));
#10576=CARTESIAN_POINT('',(0.106023554170579,-0.00665698372639923,0.029043628672269));
#10577=CARTESIAN_POINT('',(0.0630786269903183,0.0679921955232011,0.014711015563957));
#10578=CARTESIAN_POINT('',(0.0630786269903183,0.0681966629106282,0.0151672973710442));
#10579=CARTESIAN_POINT('',(0.0635786269903183,0.0681966629106282,0.0151672973710442));
#10580=CARTESIAN_POINT('',(0.0630786269903183,0.0648250415861817,0.0161302693707849));
#10581=CARTESIAN_POINT('',(0.0630786269903183,0.0650272777038478,0.0165875510465737));
#10582=CARTESIAN_POINT('',(0.0635786269903183,0.0650272777033559,0.0165875510454519));
#10583=CARTESIAN_POINT('',(0.0630786269903183,0.0584545733236642,0.0188956831291598));
#10584=CARTESIAN_POINT('',(0.0630786269903179,0.0586356231012102,0.0193624321843149));
#10585=CARTESIAN_POINT('',(0.0635786269903183,0.0586356231014445,0.019362432184848));
#10586=CARTESIAN_POINT('',(0.0630786269903183,0.0501698175115477,0.0216663280846695));
#10587=CARTESIAN_POINT('',(0.0630786269903195,0.0503125347146672,0.0221460831747359));
#10588=CARTESIAN_POINT('',(0.0635786269903183,0.0503125347146377,0.0221460831746721));
#10589=CARTESIAN_POINT('',(0.0630786269903183,0.0432959713661513,0.0233950503558266));
#10590=CARTESIAN_POINT('',(0.0630786269903161,0.0434058731927523,0.0238829904354584));
#10591=CARTESIAN_POINT('',(0.0635786269903183,0.0434058731927584,0.0238829904354665));
#10592=CARTESIAN_POINT('',(0.0630786269903183,0.0363917898288978,0.0248121298623652));
#10593=CARTESIAN_POINT('',(0.0630786269903299,0.0364782534664726,0.0253047861675526));
#10594=CARTESIAN_POINT('',(0.0635786269903183,0.0364782534664652,0.0253047861675677));
#10595=CARTESIAN_POINT('',(0.0630786269903183,0.0311850293298297,0.0256290236085892));
#10596=CARTESIAN_POINT('',(0.0630786269902666,0.0312594022901472,0.0261235098707763));
#10597=CARTESIAN_POINT('',(0.0635786269903183,0.0312594022901656,0.0261235098706765));
#10598=CARTESIAN_POINT('',(0.0630786269903183,0.0277061728028298,0.0261030665169407));
#10599=CARTESIAN_POINT('',(0.0630786269903183,0.0277736809443669,0.0265984882068436));
#10600=CARTESIAN_POINT('',(0.0635786269903183,0.0277736809443669,0.0265984882068436));
#10601=CARTESIAN_POINT('',(0.0630786269903183,0.0673103905187654,0.0150160311739364));
#10602=CARTESIAN_POINT('',(0.0630786269903183,0.0673762584413438,0.0151633525937363));
#10603=CARTESIAN_POINT('',(0.0632397032681874,0.0676344546456499,0.015346102919018));
#10604=CARTESIAN_POINT('',(0.0634665115147437,0.0678687653504042,0.0153141367246396));
#10605=CARTESIAN_POINT('',(0.0635786269903183,0.0679711382154608,0.0152683085936269));
#10606=CARTESIAN_POINT('',(0.0625958573073149,0.0677668447096452,0.0148119489071058));
#10607=CARTESIAN_POINT('',(0.0621152257079936,0.067268299441755,0.0148500621051392));
#10608=CARTESIAN_POINT('',(0.0621335629780405,0.0672807759485336,0.0150132628790244));
#10609=CARTESIAN_POINT('',(0.0621144288955043,0.0674809374873787,0.01531929729812));
#10610=CARTESIAN_POINT('',(0.0620102430592961,0.0678304587256301,0.0153312850287124));
#10611=CARTESIAN_POINT('',(0.061959119443017,0.0679711382154608,0.0152683085936269));
#10612=CARTESIAN_POINT('',(0.0434943409258829,0.0545988238538431,0.0199936928550868));
#10613=CARTESIAN_POINT('',(0.0435994122468994,0.0546703133964822,0.0206422547094902));
#10614=CARTESIAN_POINT('',(0.0432130755018328,0.0551766871037698,0.0204658664894379));
#10615=CARTESIAN_POINT('',(0.0498088632525583,0.058895165698136,0.0184971220819198));
#10616=CARTESIAN_POINT('',(0.0500691505586025,0.0590722627429114,0.0191320886126174));
#10617=CARTESIAN_POINT('',(0.0495275978284719,0.0594919008444759,0.0189627219542576));
#10618=CARTESIAN_POINT('',(0.0560966295221945,0.0631733029718376,0.0166839173815112));
#10619=CARTESIAN_POINT('',(0.0562628825095412,0.0632864199477308,0.0173616300542109));
#10620=CARTESIAN_POINT('',(0.0558153640979279,0.0637876688246291,0.0171417619593788));
#10621=CARTESIAN_POINT('',(0.0623516413704257,0.067429154444019,0.0147780558662174));
#10622=CARTESIAN_POINT('',(0.0624951918331138,0.0675268248342255,0.0154672877483714));
#10623=CARTESIAN_POINT('',(0.0620703759463755,0.0680468978587797,0.0152343879000577));
#10624=CARTESIAN_POINT('',(0.0437958919251983,0.0548206218902292,0.0200388347516061));
#10625=CARTESIAN_POINT('',(0.0438067526628697,0.0549078976116136,0.02030852818593));
#10626=CARTESIAN_POINT('',(0.0435662738258337,0.0551195883628179,0.0204858321100165));
#10627=CARTESIAN_POINT('',(0.043325386408304,0.0552534377883076,0.0204391008767438));
#10628=CARTESIAN_POINT('',(0.0433687343152101,0.0556032989839895,0.0203163185454068));
#10629=CARTESIAN_POINT('',(0.0438861635514398,0.0555460349826999,0.0203365187866829));
#10630=CARTESIAN_POINT('',(0.0438649072735683,0.0553752218168453,0.0198447960364279));
#10631=CARTESIAN_POINT('',(0.0430642667991063,0.0531459804074597,0.0211831533285211));
#10632=CARTESIAN_POINT('',(0.043580695644771,0.0530913276940674,0.021200980036387));
#10633=CARTESIAN_POINT('',(0.0435604397574272,0.0529285535597594,0.0207078738516789));
#10634=CARTESIAN_POINT('',(0.0424480867751569,0.0481708877318989,0.0227513626328544));
#10635=CARTESIAN_POINT('',(0.042962464337769,0.0481232873158011,0.0227644562902131));
#10636=CARTESIAN_POINT('',(0.0429442597335324,0.0479769970711671,0.0222686443045751));
#10637=CARTESIAN_POINT('',(0.0414996300649085,0.0405151006265574,0.024540424372066));
#10638=CARTESIAN_POINT('',(0.0420092340639185,0.0404632312204589,0.0245508143150305));
#10639=CARTESIAN_POINT('',(0.0419958030232622,0.0403553008204489,0.024049862508706));
#10640=CARTESIAN_POINT('',(0.0405327404469062,0.0327246071271605,0.0259198138460252));
#10641=CARTESIAN_POINT('',(0.0410392580049951,0.0326686077954399,0.0259286033652279));
#10642=CARTESIAN_POINT('',(0.0410289134052651,0.0325854797031013,0.0254257496391773));
#10643=CARTESIAN_POINT('',(0.0392407261139314,0.0223211562641803,0.0273704426906035));
#10644=CARTESIAN_POINT('',(0.0397453334857297,0.0222707693380922,0.0273760360857859));
#10645=CARTESIAN_POINT('',(0.0397368990722917,0.022202991297602,0.0268734571805569));
#10646=CARTESIAN_POINT('',(0.0376187256196229,0.00926811683861606,0.0286403984140251));
#10647=CARTESIAN_POINT('',(0.03812065454084,0.00921502384205428,0.0286443961224833));
#10648=CARTESIAN_POINT('',(0.0381148985779591,0.00916876954298267,0.0281417602014918));
#10649=CARTESIAN_POINT('',(0.0363169907575942,-0.00119948920576716,0.0292894607713098));
#10650=CARTESIAN_POINT('',(0.0368175534361308,-0.00125655666905557,0.0292930338060045));
#10651=CARTESIAN_POINT('',(0.0368131637159993,-0.00129183198937619,0.0287903405552529));
#10652=CARTESIAN_POINT('',(0.0356651258925267,-0.00644536279229962,0.0295314543989454));
#10653=CARTESIAN_POINT('',(0.0361641385020567,-0.00650732889731504,0.0295343129128413));
#10654=CARTESIAN_POINT('',(0.0361612988508849,-0.00653014802912703,0.0290319855521022));
#10655=CARTESIAN_POINT('',(0.0359190784472321,-0.0061001103873887,0.0294694523789433));
#10656=CARTESIAN_POINT('',(0.0361919550736912,-0.00410183729737728,0.0293641426291945));
#10657=CARTESIAN_POINT('',(0.0366015055469465,-0.00110475308724308,0.0291828846755639));
#10658=CARTESIAN_POINT('',(0.0371471106888341,0.00288798772993105,0.0288985557389125));
#10659=CARTESIAN_POINT('',(0.0375561663361783,0.00588071901556221,0.0286606767792134));
#10660=CARTESIAN_POINT('',(0.0378969249938392,0.00837307998074049,0.0284399220371131));
#10661=CARTESIAN_POINT('',(0.0381694119795723,0.0103654193964279,0.0282475089221687));
#10662=CARTESIAN_POINT('',(0.0383737144992101,0.0118587818822741,0.0280943677547857));
#10663=CARTESIAN_POINT('',(0.0385779667763638,0.0133511917091838,0.0279310145272358));
#10664=CARTESIAN_POINT('',(0.0387481012891161,0.0145936042536644,0.0277844148384197));
#10665=CARTESIAN_POINT('',(0.0388841746190096,0.015586570868571,0.0276582642706506));
#10666=CARTESIAN_POINT('',(0.038969165441359,0.0162062847012305,0.027573979313128));
#10667=CARTESIAN_POINT('',(0.0390371885924154,0.0167019030779325,0.0275025221784221));
#10668=CARTESIAN_POINT('',(0.0390880179795897,0.0170716322084242,0.0274429860539805));
#10669=CARTESIAN_POINT('',(0.0391308646676231,0.0173836213892724,0.0273959431394668));
#10670=CARTESIAN_POINT('',(0.0391638843222924,0.017621476233809,0.0273344905912054));
#10671=CARTESIAN_POINT('',(0.0391824361609583,0.0177578743161449,0.027327050815849));
#10672=CARTESIAN_POINT('',(0.0391892031613843,0.0178032983556935,0.0272820027949361));
#10673=CARTESIAN_POINT('',(0.0445895502409744,0.0540535664036449,0.0203477102511694));
#10674=CARTESIAN_POINT('',(0.0446118047772064,0.0542029517842145,0.0208001355072915));
#10675=CARTESIAN_POINT('',(0.0450840926043812,0.0541397885482584,0.0208214541051365));
#10676=CARTESIAN_POINT('',(0.0442282385428142,0.0516282323067554,0.0211662991260712));
#10677=CARTESIAN_POINT('',(0.044248495244138,0.0517642070583913,0.021624865340017));
#10678=CARTESIAN_POINT('',(0.0447227809062151,0.0517035991276896,0.0216437068245431));
#10679=CARTESIAN_POINT('',(0.0434970592759358,0.0467201321374864,0.0226362259433469));
#10680=CARTESIAN_POINT('',(0.0435127739648467,0.0468256182621457,0.0231067751493269));
#10681=CARTESIAN_POINT('',(0.0439916016393454,0.0467714513584781,0.023120802986245));
#10682=CARTESIAN_POINT('',(0.0423729703844782,0.0391745942258466,0.0243053488052744));
#10683=CARTESIAN_POINT('',(0.0423849487097624,0.0392549997064466,0.0247851006215595));
#10684=CARTESIAN_POINT('',(0.042867512747884,0.0391949377258711,0.0247966453057716));
#10685=CARTESIAN_POINT('',(0.0412301455324045,0.0315032896580156,0.0256117258501066));
#10686=CARTESIAN_POINT('',(0.041239917122606,0.0315688822502701,0.0260964471382824));
#10687=CARTESIAN_POINT('',(0.0417246878958124,0.0315042349960107,0.0261062097279239));
#10688=CARTESIAN_POINT('',(0.0397038717828908,0.0212580532465399,0.026991829120752));
#10689=CARTESIAN_POINT('',(0.0397098676746216,0.0212983011564218,0.0274825634510328));
#10690=CARTESIAN_POINT('',(0.0401984141462926,0.0212392085467528,0.0274889751428488));
#10691=CARTESIAN_POINT('',(0.0377882962244117,0.00839959684780025,0.0282069505864848));
#10692=CARTESIAN_POINT('',(0.0377921718417597,0.00842561224354348,0.0287010948950936));
#10693=CARTESIAN_POINT('',(0.0382828385878578,0.00836226976235506,0.0287056692864019));
#10694=CARTESIAN_POINT('',(0.0362514369194898,-0.0019166959634454,0.0288356612668341));
#10695=CARTESIAN_POINT('',(0.0362548828875787,-0.0018935646224822,0.0293306503072019));
#10696=CARTESIAN_POINT('',(0.0367459792828141,-0.00195995120607725,0.0293348065426394));
#10697=CARTESIAN_POINT('',(0.0354817975457864,-0.00708296272108549,0.0290630186770425));
#10698=CARTESIAN_POINT('',(0.0354849806818471,-0.00706159566194388,0.0295593200493293));
#10699=CARTESIAN_POINT('',(0.0359763399091932,-0.00713465391406021,0.0295625352017213));
#10700=CARTESIAN_POINT('',(0.0445511029340044,0.0537173216261956,0.0205724005049332));
#10701=CARTESIAN_POINT('',(0.0446065463363443,0.0537559600056982,0.0207940197906261));
#10702=CARTESIAN_POINT('',(0.0448050655052394,0.053689943894307,0.0209722877948317));
#10703=CARTESIAN_POINT('',(0.0450008815883621,0.0535787170186638,0.021009173730014));
#10704=CARTESIAN_POINT('',(0.0621895023881494,0.0660094816157396,0.015774689912011));
#10705=CARTESIAN_POINT('',(0.0622604628560785,0.066058933802543,0.0161187955894114));
#10706=CARTESIAN_POINT('',(0.0624753788403063,0.0658004920440307,0.0162324116146371));
#10707=CARTESIAN_POINT('',(0.0563139275364499,0.0619148070226513,0.0175747885285432));
#10708=CARTESIAN_POINT('',(0.0563537890371507,0.0619425864114938,0.0179338096641901));
#10709=CARTESIAN_POINT('',(0.0565998039883212,0.0616978601382591,0.0180360084202808));
#10710=CARTESIAN_POINT('',(0.0503939463481298,0.0577891857557613,0.019230168485628));
#10711=CARTESIAN_POINT('',(0.0503859039681655,0.0577835810397033,0.0196105193570151));
#10712=CARTESIAN_POINT('',(0.0506798228001784,0.0575542694372916,0.0196988488796809));
#10713=CARTESIAN_POINT('',(0.0444453001487622,0.0536435879086371,0.0205967350128379));
#10714=CARTESIAN_POINT('',(0.044503722248473,0.0536843021354827,0.0209745557791727));
#10715=CARTESIAN_POINT('',(0.0447311766009191,0.0533899107308414,0.0210715997893059));
#10716=CARTESIAN_POINT('',(0.0620849930376551,0.0659366492898805,0.0158066949103768));
#10717=CARTESIAN_POINT('',(0.0620315116432313,0.0658993782291797,0.0159900524224542));
#10718=CARTESIAN_POINT('',(0.0618642477599337,0.0656454485828829,0.0162521353229188));
#10719=CARTESIAN_POINT('',(0.0616975869762035,0.0653547727204367,0.016427909125722));
#10720=CARTESIAN_POINT('',(0.0616130876243114,0.0651983177531364,0.0164961826645715));
#10721=CARTESIAN_POINT('',(0.0616130876243115,0.0663735009946959,0.0159797114152235));
#10722=CARTESIAN_POINT('',(0.0621130876243115,0.0663735009946959,0.0159797114152235));
#10723=CARTESIAN_POINT('',(0.0621130876243115,0.0661712401890153,0.0155224471956683));
#10724=CARTESIAN_POINT('',(0.0616130876243115,0.0633468852515312,0.0173184685550096));
#10725=CARTESIAN_POINT('',(0.0621130876248464,0.0633468852524606,0.0173184685560633));
#10726=CARTESIAN_POINT('',(0.0621130876243115,0.0631497036902948,0.0168589576440488));
#10727=CARTESIAN_POINT('',(0.0616130876243115,0.0572253603756585,0.0198831032938682));
#10728=CARTESIAN_POINT('',(0.0621130876240568,0.0572253603752162,0.019883103293368));
#10729=CARTESIAN_POINT('',(0.0621130876243115,0.0570504863901636,0.0194139967010732));
#10730=CARTESIAN_POINT('',(0.0616130876243115,0.0492546148425952,0.022444200302573));
#10731=CARTESIAN_POINT('',(0.062113087624343,0.0492546148426498,0.0224442003026312));
#10732=CARTESIAN_POINT('',(0.0621130876243115,0.0491172036889541,0.0219629689352468));
#10733=CARTESIAN_POINT('',(0.0616130876243115,0.0426663730135159,0.0240434930376326));
#10734=CARTESIAN_POINT('',(0.0621130876243056,0.0426663730135061,0.0240434930376279));
#10735=CARTESIAN_POINT('',(0.0621130876243115,0.04255931146931,0.0235549501309083));
#10736=CARTESIAN_POINT('',(0.0616130876243115,0.03607237439751,0.0253695056196079));
#10737=CARTESIAN_POINT('',(0.062113087624315,0.0360723743975143,0.0253695056195778));
#10738=CARTESIAN_POINT('',(0.0621130876243115,0.035986790402294,0.0248767230627239));
#10739=CARTESIAN_POINT('',(0.0616130876243115,0.0311034886358269,0.0261445945456238));
#10740=CARTESIAN_POINT('',(0.0621130876243115,0.0311034886358351,0.0261445945457881));
#10741=CARTESIAN_POINT('',(0.0621130876243115,0.0310294199675496,0.0256500671361882));
#10742=CARTESIAN_POINT('',(0.0616130876243115,0.0277856220919273,0.0265968607695827));
#10743=CARTESIAN_POINT('',(0.0621130876243115,0.0277856220919273,0.0265968607695827));
#10744=CARTESIAN_POINT('',(0.0621130876243115,0.0277180904283918,0.0261014422854502));
#10745=CARTESIAN_POINT('',(0.0912,-0.0403531137853861,0.00973567976885518));
#10746=CARTESIAN_POINT('',(0.0912,-0.0403531137853861,0.00790045410394669));
#10747=CARTESIAN_POINT('',(0.0912,-0.0355150289833546,0.00790045410394669));
#10748=CARTESIAN_POINT('',(0.0912,-0.0355150289833546,0.00973567976885518));
#10749=CARTESIAN_POINT('',(0.0912,-0.0355150289833546,0.0115709054337637));
#10750=CARTESIAN_POINT('',(0.0912,-0.0399240404367447,0.0115379393593319));
#10751=CARTESIAN_POINT('',(0.0912,-0.0403531137853861,0.00790045410394669));
#10752=CARTESIAN_POINT('',(0.082422412960148,-0.0385385874945001,0.00790045410394669));
#10753=CARTESIAN_POINT('',(0.0812244759545552,-0.0385385874945001,0.00790045410394669));
#10754=CARTESIAN_POINT('',(0.0567364245653153,-0.0385411493480206,0.00790045410394669));
#10755=CARTESIAN_POINT('',(0.0555566318408858,-0.0385411493480206,0.00790045410394669));
#10756=CARTESIAN_POINT('',(0.0512,-0.0403531137853861,0.00790045410394669));
#10757=CARTESIAN_POINT('',(0.0512,-0.0355150289833546,0.00790045410394669));
#10758=CARTESIAN_POINT('',(0.0912,-0.0355150289833546,0.00790045410394669));
#10759=CARTESIAN_POINT('',(0.0912,-0.0355150289833546,0.00973567976885518));
#10760=CARTESIAN_POINT('',(0.0512,-0.0355150289833546,0.00973567976885518));
#10761=CARTESIAN_POINT('',(0.0512,-0.0355150289833546,0.0115709054337637));
#10762=CARTESIAN_POINT('',(0.0912,-0.0355150289833546,0.0115709054337637));
#10763=CARTESIAN_POINT('',(0.0912,-0.0399240404367447,0.0115379393593319));
#10764=CARTESIAN_POINT('',(0.0512,-0.0399240404367447,0.0115379393593319));
#10765=CARTESIAN_POINT('',(0.0512,-0.0403531137853861,0.00973567976885518));
#10766=CARTESIAN_POINT('',(0.0567364245653153,-0.0385411493480206,0.00990045410394669));
#10767=CARTESIAN_POINT('',(0.0567364245653153,-0.0385411493480206,0.00990045410394669));
#10768=CARTESIAN_POINT('',(0.0555566318408858,-0.0385411493480206,0.00990045410394669));
#10769=CARTESIAN_POINT('',(0.0712,-0.00168900016008784,0.00990045410394669));
#10770=CARTESIAN_POINT('',(0.082422412960148,-0.0385385874945001,0.00990045410394669));
#10771=CARTESIAN_POINT('',(0.082422412960148,-0.0385385874945001,0.00990045410394669));
#10772=CARTESIAN_POINT('',(0.0812244759545552,-0.0385385874945001,0.00990045410394669));
#10773=CARTESIAN_POINT('',(0.0712,-0.00168900016008784,0.00990045410394669));
#10774=CARTESIAN_POINT('',(0.0756409097067865,-0.0438546568149138,0.0013));
#10775=CARTESIAN_POINT('',(0.0756409097067865,-0.0444926694748717,0.0013));
#10776=CARTESIAN_POINT('',(0.0756409097067865,-0.0444926694748717,0.0013));
#10777=CARTESIAN_POINT('',(0.0756409097067865,-0.0438546568149138,0.0013));
#10778=CARTESIAN_POINT('',(0.0635183529922659,-0.0438546568149138,0.0013));
#10779=CARTESIAN_POINT('',(0.0635183529922659,-0.0438546568149138,0.0013));
#10780=CARTESIAN_POINT('',(0.0635183529922659,-0.0444926694748717,0.0013));
#10781=CARTESIAN_POINT('',(0.0635183529922659,-0.0444926694748717,0.0013));
#10782=CARTESIAN_POINT('',(0.0695796313495262,-0.0444926694748717,0.0013));
#10783=CARTESIAN_POINT('',(0.0695796313495262,-0.0444926694748717,0.0013));
#10784=CARTESIAN_POINT('',(0.0695796313495262,-0.0438546568149138,0.0013));
#10785=CARTESIAN_POINT('',(0.075639313578949,-0.0432166450382993,0.0013));
#10786=CARTESIAN_POINT('',(0.062005487859855,-0.0378804359383001,0.00750860135422891));
#10787=CARTESIAN_POINT('',(0.075639313578949,-0.0432166450382993,0.00750860135422891));
#10788=CARTESIAN_POINT('',(0.075228151622313,-0.0432168724662017,0.00750860135422891));
#10789=CARTESIAN_POINT('',(0.074816992300904,-0.0432170188318004,0.00750860135422891));
#10790=CARTESIAN_POINT('',(0.074405834465906,-0.0432171313342007,0.00750860135422891));
#10791=CARTESIAN_POINT('',(0.072757239274964,-0.0432176359019003,0.00750860135422891));
#10792=CARTESIAN_POINT('',(0.071108631041879,-0.0432191137117002,0.00750860135422891));
#10793=CARTESIAN_POINT('',(0.069871179642625,-0.0432203150159012,0.00750860135422891));
#10794=CARTESIAN_POINT('',(0.06785854108366,-0.0432216764976996,0.00750860135422891));
#10795=CARTESIAN_POINT('',(0.065845910320812,-0.0432208675677011,0.00750860135422891));
#10796=CARTESIAN_POINT('',(0.065070726919078,-0.0432204361059015,0.00750860135422891));
#10797=CARTESIAN_POINT('',(0.06429554290216,-0.0432200868305,0.00750860135422891));
#10798=CARTESIAN_POINT('',(0.063520357384199,-0.0432200218222007,0.00750860135422891));
#10799=CARTESIAN_POINT('',(0.075639313578949,-0.0432166450382993,0.00750860135422891));
#10800=CARTESIAN_POINT('',(0.0796674191951753,0.0271404888480902,0.0267662734133487));
#10801=CARTESIAN_POINT('',(0.0796674191951753,0.0271404888480902,0.025));
#10802=CARTESIAN_POINT('',(0.0796641599948858,0.0270103565439109,0.0267662734133487));
#10803=CARTESIAN_POINT('',(0.0796641599948858,0.0270103565439109,0.025));
#10804=CARTESIAN_POINT('',(0.0796925195089171,0.0267196891637095,0.0267662734133487));
#10805=CARTESIAN_POINT('',(0.0796925195089171,0.0267196891637095,0.025));
#10806=CARTESIAN_POINT('',(0.079549079351629,0.0254851602853353,0.0267662734133487));
#10807=CARTESIAN_POINT('',(0.079549079351629,0.0254851602853353,0.025));
#10808=CARTESIAN_POINT('',(0.0788842638881234,0.024149370043076,0.0267662734133487));
#10809=CARTESIAN_POINT('',(0.0788842638881234,0.024149370043076,0.025));
#10810=CARTESIAN_POINT('',(0.0774595034476233,0.0232015418414669,0.0267662734133487));
#10811=CARTESIAN_POINT('',(0.0774595034476233,0.0232015418414669,0.025));
#10812=CARTESIAN_POINT('',(0.0756963591095561,0.0225639135631019,0.0267662734133487));
#10813=CARTESIAN_POINT('',(0.0756963591095561,0.0225639135631019,0.025));
#10814=CARTESIAN_POINT('',(0.0740029953553615,0.0222075454450431,0.0267662734133487));
#10815=CARTESIAN_POINT('',(0.0740029953553615,0.0222075454450431,0.025));
#10816=CARTESIAN_POINT('',(0.0726171305366944,0.022070164219237,0.0267662734133487));
#10817=CARTESIAN_POINT('',(0.0726171305366944,0.022070164219237,0.025));
#10818=CARTESIAN_POINT('',(0.0717626611553562,0.0220512685710561,0.0267662734133487));
#10819=CARTESIAN_POINT('',(0.0717626611553562,0.0220512685710561,0.025));
#10820=CARTESIAN_POINT('',(0.0713317261631658,0.0220429882502034,0.0267662734133487));
#10821=CARTESIAN_POINT('',(0.0713317261631658,0.0220429882502034,0.025));
#10822=CARTESIAN_POINT('',(0.0796674191951753,0.0271404888480902,0.04));
#10823=CARTESIAN_POINT('',(0.0796674191951753,0.0271404888480902,0.0261778265293214));
#10824=CARTESIAN_POINT('',(0.0796674191951753,0.0271404888480902,0.025));
#10825=CARTESIAN_POINT('',(0.0796674191951753,0.0271404888480902,0.0261778265293214));
#10826=CARTESIAN_POINT('',(0.0796617026527354,0.0269120532201874,0.0262191099182341));
#10827=CARTESIAN_POINT('',(0.079673235390825,0.0264501350253233,0.0262616158347852));
#10828=CARTESIAN_POINT('',(0.0795244514732737,0.0255509281915708,0.0263736651971195));
#10829=CARTESIAN_POINT('',(0.0791009348589939,0.0244532096957678,0.0264884883169859));
#10830=CARTESIAN_POINT('',(0.078021396813337,0.0235339256369295,0.0265851578734779));
#10831=CARTESIAN_POINT('',(0.076769490320583,0.0229359982662349,0.0266539542819662));
#10832=CARTESIAN_POINT('',(0.0754462379848079,0.0225161020231652,0.0267017750094628));
#10833=CARTESIAN_POINT('',(0.0736504634495852,0.0221292412970291,0.0267460118548327));
#10834=CARTESIAN_POINT('',(0.0722603781830839,0.0220608322091374,0.026753653349987));
#10835=CARTESIAN_POINT('',(0.0713317261631658,0.0220429882502034,0.0267557388725644));
#10836=CARTESIAN_POINT('',(0.0713317261631658,0.0220429882502034,0.0267557389794719));
#10837=CARTESIAN_POINT('',(0.0713317261631658,0.0220429882502034,0.04));
#10838=CARTESIAN_POINT('',(0.0713317261631658,0.0220429882502034,0.025));
#10839=CARTESIAN_POINT('',(0.0796674191951753,0.0271404888480902,0.025));
#10840=CARTESIAN_POINT('',(0.0796646722915685,0.0270308113616035,0.025));
#10841=CARTESIAN_POINT('',(0.0796979347332602,0.0266515158182511,0.025));
#10842=CARTESIAN_POINT('',(0.0793781052693184,0.0237067330540233,0.025));
#10843=CARTESIAN_POINT('',(0.0744848053809044,0.0221172254203399,0.025));
#10844=CARTESIAN_POINT('',(0.0723286565945757,0.0220621440486172,0.025));
#10845=CARTESIAN_POINT('',(0.0713317261631658,0.0220429882502034,0.025));
#10846=CARTESIAN_POINT('',(0.0631014824120452,0.0263362709135265,0.0267662734133487));
#10847=CARTESIAN_POINT('',(0.0631014824120452,0.0263362709135265,0.025));
#10848=CARTESIAN_POINT('',(0.0631500441128851,0.0257632408424041,0.0267662734133487));
#10849=CARTESIAN_POINT('',(0.0631500441128851,0.0257632408424041,0.025));
#10850=CARTESIAN_POINT('',(0.0635193993562989,0.0240787076190222,0.0267662734133487));
#10851=CARTESIAN_POINT('',(0.0635193993562989,0.0240787076190222,0.025));
#10852=CARTESIAN_POINT('',(0.0658290237255777,0.0229048699327159,0.0267662734133487));
#10853=CARTESIAN_POINT('',(0.0658290237255777,0.0229048699327159,0.025));
#10854=CARTESIAN_POINT('',(0.0678104911041618,0.022367972126451,0.0267662734133487));
#10855=CARTESIAN_POINT('',(0.0678104911041618,0.022367972126451,0.025));
#10856=CARTESIAN_POINT('',(0.0695450375396239,0.0220799318499806,0.0267662734133487));
#10857=CARTESIAN_POINT('',(0.0695450375396239,0.0220799318499806,0.025));
#10858=CARTESIAN_POINT('',(0.0706046431397142,0.0220570279408107,0.0267662734133487));
#10859=CARTESIAN_POINT('',(0.0706046431397142,0.0220570279408107,0.025));
#10860=CARTESIAN_POINT('',(0.0713317261631658,0.0220429882502035,0.0267662734133487));
#10861=CARTESIAN_POINT('',(0.0713317261631658,0.0220429882502035,0.025));
#10862=CARTESIAN_POINT('',(0.0713317261631658,0.0220429882502035,0.0267557389794719));
#10863=CARTESIAN_POINT('',(0.0704788087404356,0.0220594577541562,0.0267538123206707));
#10864=CARTESIAN_POINT('',(0.0687770092378706,0.0221337727138857,0.0267455233426053));
#10865=CARTESIAN_POINT('',(0.0666933868318302,0.0226273938385043,0.0266889605912298));
#10866=CARTESIAN_POINT('',(0.0651234789648245,0.0232842992604353,0.026614364088855));
#10867=CARTESIAN_POINT('',(0.0640335364708205,0.0239881848271303,0.0265356110869736));
#10868=CARTESIAN_POINT('',(0.0633087664326367,0.0250641097130634,0.0264278674365405));
#10869=CARTESIAN_POINT('',(0.0631372561900959,0.0259141388583019,0.0263300671318949));
#10870=CARTESIAN_POINT('',(0.0631014824120452,0.0263362709135265,0.0262804633376298));
#10871=CARTESIAN_POINT('',(0.0631014824120452,0.0263362709135264,0.0262804633376298));
#10872=CARTESIAN_POINT('',(0.0631014824120452,0.0263362709135264,0.04));
#10873=CARTESIAN_POINT('',(0.0631014824120452,0.0263362709135264,0.025));
#10874=CARTESIAN_POINT('',(0.0631014824120452,0.0263362709135265,0.025));
#10875=CARTESIAN_POINT('',(0.0631472275538818,0.0257964763547119,0.025));
#10876=CARTESIAN_POINT('',(0.0635856845604982,0.0236099961483147,0.025));
#10877=CARTESIAN_POINT('',(0.0681778311626762,0.0221115493586418,0.025));
#10878=CARTESIAN_POINT('',(0.0703279690432613,0.0220623704100858,0.025));
#10879=CARTESIAN_POINT('',(0.0713317261631658,0.0220429882502034,0.025));
#10880=CARTESIAN_POINT('',(0.0622232756899146,0.0267208875538768,0.0269843104084595));
#10881=CARTESIAN_POINT('',(0.0622232756899146,0.0267208875538768,0.025));
#10882=CARTESIAN_POINT('',(0.0622556702154278,0.0264920665836244,0.0269843104084595));
#10883=CARTESIAN_POINT('',(0.0622556702154278,0.0264920665836244,0.025));
#10884=CARTESIAN_POINT('',(0.062288622469292,0.0258479376575958,0.0269843104084595));
#10885=CARTESIAN_POINT('',(0.062288622469292,0.0258479376575958,0.025));
#10886=CARTESIAN_POINT('',(0.0625648691299611,0.0245158029801772,0.0269843104084595));
#10887=CARTESIAN_POINT('',(0.0625648691299611,0.0245158029801772,0.025));
#10888=CARTESIAN_POINT('',(0.0635803950788129,0.0233004300482743,0.0269843104084595));
#10889=CARTESIAN_POINT('',(0.0635803950788129,0.0233004300482743,0.025));
#10890=CARTESIAN_POINT('',(0.0652129874243417,0.0223424870245147,0.0269843104084595));
#10891=CARTESIAN_POINT('',(0.0652129874243417,0.0223424870245147,0.025));
#10892=CARTESIAN_POINT('',(0.0670558178147782,0.0216493602015055,0.0269843104084595));
#10893=CARTESIAN_POINT('',(0.0670558178147782,0.0216493602015055,0.025));
#10894=CARTESIAN_POINT('',(0.0687082569263567,0.0212838362310459,0.0269843104084595));
#10895=CARTESIAN_POINT('',(0.0687082569263567,0.0212838362310459,0.025));
#10896=CARTESIAN_POINT('',(0.0700573314234907,0.0211820006211181,0.0269843104084595));
#10897=CARTESIAN_POINT('',(0.0700573314234907,0.0211820006211181,0.025));
#10898=CARTESIAN_POINT('',(0.070902421704058,0.0211637577298855,0.0269843104084595));
#10899=CARTESIAN_POINT('',(0.070902421704058,0.0211637577298855,0.025));
#10900=CARTESIAN_POINT('',(0.071335882394237,0.0211401454862668,0.0269843104084595));
#10901=CARTESIAN_POINT('',(0.071335882394237,0.0211401454862668,0.025));
#10902=CARTESIAN_POINT('',(0.0622279890019929,0.0266875947482014,0.0262406432443535));
#10903=CARTESIAN_POINT('',(0.0622279890019929,0.0266875947482014,0.0262434303241765));
#10904=CARTESIAN_POINT('',(0.0622279637834,0.0266877728814757,0.0262462056381837));
#10905=CARTESIAN_POINT('',(0.0622279126796501,0.0266881338563456,0.0262489688753875));
#10906=CARTESIAN_POINT('',(0.0622279890019929,0.0266875947482014,0.0262406432443535));
#10907=CARTESIAN_POINT('',(0.06222791267965,0.0266881338563456,0.0262489688753875));
#10908=CARTESIAN_POINT('',(0.06222791267965,0.0266881338563456,0.0262489688753875));
#10909=CARTESIAN_POINT('',(0.0622279381204275,0.0266879541536549,0.0262489925847371));
#10910=CARTESIAN_POINT('',(0.0622279635612798,0.0266877747569274,0.0262490186130601));
#10911=CARTESIAN_POINT('',(0.0622279890019929,0.0266875947482014,0.0262490400028794));
#10912=CARTESIAN_POINT('',(0.0622279890019929,0.0266875947482014,0.0262490400028794));
#10913=CARTESIAN_POINT('',(0.0622279890019929,0.0266875947482014,0.0262490400028794));
#10914=CARTESIAN_POINT('',(0.0622981407050906,0.026192052291974,0.026307923400642));
#10915=CARTESIAN_POINT('',(0.0623344782009806,0.0251819653897668,0.0264500616601149));
#10916=CARTESIAN_POINT('',(0.0630289905356437,0.0238161870271903,0.0266475184920562));
#10917=CARTESIAN_POINT('',(0.0642196748930659,0.0229049258851665,0.0267637195515144));
#10918=CARTESIAN_POINT('',(0.0655421391022479,0.02221730180384,0.026846910480956));
#10919=CARTESIAN_POINT('',(0.0669275075572133,0.0217072533966794,0.0269067958452378));
#10920=CARTESIAN_POINT('',(0.0683505464178323,0.021343736333089,0.0269492182451785));
#10921=CARTESIAN_POINT('',(0.0698424397848659,0.0211823223500064,0.0269679221268975));
#10922=CARTESIAN_POINT('',(0.0708327017169673,0.0211675548810242,0.0269695136293324));
#10923=CARTESIAN_POINT('',(0.071335882394237,0.0211401454862668,0.0269724755551287));
#10924=CARTESIAN_POINT('',(0.071335882394237,0.0211401454862668,0.0269724745941658));
#10925=CARTESIAN_POINT('',(0.071335882394237,0.0211401454862668,0.04));
#10926=CARTESIAN_POINT('',(0.071335882394237,0.0211401454862668,0.025));
#10927=CARTESIAN_POINT('',(0.0622279890019929,0.0266875947482014,0.025));
#10928=CARTESIAN_POINT('',(0.062232860727522,0.0266531829781655,0.025));
#10929=CARTESIAN_POINT('',(0.062306121712801,0.0260964389959654,0.025));
#10930=CARTESIAN_POINT('',(0.0623284353503553,0.0234378428800959,0.025));
#10931=CARTESIAN_POINT('',(0.0679765280650523,0.0211233331974362,0.025));
#10932=CARTESIAN_POINT('',(0.0702588400324218,0.0211988160582725,0.025));
#10933=CARTESIAN_POINT('',(0.071335882394237,0.0211401454862668,0.025));
#10934=CARTESIAN_POINT('',(0.0622279890019929,0.0266875947482014,0.025));
#10935=CARTESIAN_POINT('',(0.0622279890019929,0.0266875947482014,0.04));
#10936=CARTESIAN_POINT('',(0.0805670469999313,0.0271404888480902,0.0269843094417308));
#10937=CARTESIAN_POINT('',(0.0805670469999313,0.0271404888480902,0.025));
#10938=CARTESIAN_POINT('',(0.0805720918212529,0.0269628394112857,0.0269843094417308));
#10939=CARTESIAN_POINT('',(0.0805720918212529,0.0269628394112857,0.025));
#10940=CARTESIAN_POINT('',(0.0805559928916202,0.0266305929085474,0.0269843094417308));
#10941=CARTESIAN_POINT('',(0.0805559928916202,0.0266305929085474,0.025));
#10942=CARTESIAN_POINT('',(0.0804353325229006,0.0253453265774368,0.0269843094417308));
#10943=CARTESIAN_POINT('',(0.0804353325229006,0.0253453265774368,0.025));
#10944=CARTESIAN_POINT('',(0.0797456467020891,0.023879820211457,0.0269843094417308));
#10945=CARTESIAN_POINT('',(0.0797456467020891,0.023879820211457,0.025));
#10946=CARTESIAN_POINT('',(0.0781530514388254,0.0226996031474687,0.0269843094417308));
#10947=CARTESIAN_POINT('',(0.0781530514388254,0.0226996031474687,0.025));
#10948=CARTESIAN_POINT('',(0.0761624788829615,0.0218234373709026,0.0269843094417308));
#10949=CARTESIAN_POINT('',(0.0761624788829615,0.0218234373709026,0.025));
#10950=CARTESIAN_POINT('',(0.0742533126508977,0.0213219946437035,0.0269843094417308));
#10951=CARTESIAN_POINT('',(0.0742533126508977,0.0213219946437035,0.025));
#10952=CARTESIAN_POINT('',(0.0727438784704902,0.0211839135436995,0.0269843094417308));
#10953=CARTESIAN_POINT('',(0.0727438784704902,0.0211839135436995,0.025));
#10954=CARTESIAN_POINT('',(0.0718140874580959,0.0211663475688602,0.0269843094417308));
#10955=CARTESIAN_POINT('',(0.0718140874580959,0.0211663475688602,0.025));
#10956=CARTESIAN_POINT('',(0.071335882394237,0.0211401454862668,0.0269843094417308));
#10957=CARTESIAN_POINT('',(0.071335882394237,0.0211401454862668,0.025));
#10958=CARTESIAN_POINT('',(0.071335882394237,0.0211401454862668,0.0269724745941658));
#10959=CARTESIAN_POINT('',(0.0718499624058841,0.0211683132493099,0.0269694298765628));
#10960=CARTESIAN_POINT('',(0.0728843714136383,0.0211839606252147,0.026967753999503));
#10961=CARTESIAN_POINT('',(0.0744189229496942,0.0213620498550069,0.026947054943463));
#10962=CARTESIAN_POINT('',(0.0759266946120051,0.02177083846887,0.0268994053362332));
#10963=CARTESIAN_POINT('',(0.0773579155043191,0.0223328380072536,0.0268329858108309));
#10964=CARTESIAN_POINT('',(0.0787235247778207,0.0230888024640047,0.0267417765997706));
#10965=CARTESIAN_POINT('',(0.0799084884783942,0.0241273154812305,0.0266045078444567));
#10966=CARTESIAN_POINT('',(0.080404315352895,0.025349166383159,0.0264304201988345));
#10967=CARTESIAN_POINT('',(0.0805361485744527,0.0263671169396691,0.0262871154478976));
#10968=CARTESIAN_POINT('',(0.0805742694055291,0.0268861574842958,0.0262167637021315));
#10969=CARTESIAN_POINT('',(0.0805670469999313,0.0271404888480902,0.0261776020864651));
#10970=CARTESIAN_POINT('',(0.0805670469999313,0.0271404888480902,0.0261776020864651));
#10971=CARTESIAN_POINT('',(0.0805670469999313,0.0271404888480902,0.04));
#10972=CARTESIAN_POINT('',(0.0805670469999313,0.0271404888480902,0.025));
#10973=CARTESIAN_POINT('',(0.0805670469999313,0.0271404888480902,0.025));
#10974=CARTESIAN_POINT('',(0.0805716468475657,0.0269785088116245,0.025));
#10975=CARTESIAN_POINT('',(0.0805479052703071,0.0265156505277398,0.025));
#10976=CARTESIAN_POINT('',(0.080283110476138,0.0234427085853461,0.025));
#10977=CARTESIAN_POINT('',(0.0746959824326233,0.0211269028401929,0.025));
#10978=CARTESIAN_POINT('',(0.0724110439142698,0.0211990563449721,0.025));
#10979=CARTESIAN_POINT('',(0.071335882394237,0.0211401454862668,0.025));
#10980=CARTESIAN_POINT('',(0.0805741883814336,0.027529614046216,0.04));
#10981=CARTESIAN_POINT('',(0.0805670469999313,0.0271404888480902,0.0261776020864651));
#10982=CARTESIAN_POINT('',(0.0805670469999313,0.0271404888480902,0.0262119214104868));
#10983=CARTESIAN_POINT('',(0.0805686490735867,0.0272277838943324,0.026230554390173));
#10984=CARTESIAN_POINT('',(0.0805708566570275,0.027348072432848,0.0262520455617341));
#10985=CARTESIAN_POINT('',(0.0805740215795512,0.0275205252143798,0.0262609023712065));
#10986=CARTESIAN_POINT('',(0.0805776520989346,0.0277183478029023,0.0262641061848804));
#10987=CARTESIAN_POINT('',(0.0805801064343357,0.0278520815558111,0.0262624991084357));
#10988=CARTESIAN_POINT('',(0.0805813297629357,0.0279187392443418,0.0262611604598061));
#10989=CARTESIAN_POINT('',(0.0805813297629357,0.0279187392443419,0.026261160459806));
#10990=CARTESIAN_POINT('',(0.0805813297629357,0.0279187392443419,0.04));
#10991=CARTESIAN_POINT('',(0.0805813297629357,0.0279187392443419,0.025));
#10992=CARTESIAN_POINT('',(0.0805741883814336,0.027529614046216,0.025));
#10993=CARTESIAN_POINT('',(0.0630697593196358,0.027201370134972,0.04));
#10994=CARTESIAN_POINT('',(0.0631014824120452,0.0263362709135265,0.0262804633376298));
#10995=CARTESIAN_POINT('',(0.0631014824120452,0.0263362709135265,0.026281502175014));
#10996=CARTESIAN_POINT('',(0.0631014799723023,0.0263363374461236,0.0262825366946134));
#10997=CARTESIAN_POINT('',(0.0631014750364253,0.0263364720491216,0.0262835667966286));
#10998=CARTESIAN_POINT('',(0.0631014750364253,0.0263364720491213,0.0262835667966286));
#10999=CARTESIAN_POINT('',(0.0631014750364253,0.0263364720491213,0.0262835667966286));
#11000=CARTESIAN_POINT('',(0.0630808674604349,0.0268984474617027,0.0262099957997038));
#11001=CARTESIAN_POINT('',(0.0630602685542328,0.0274601864462905,0.0261346270633828));
#11002=CARTESIAN_POINT('',(0.0630396791873679,0.0280216652899981,0.0260573525519631));
#11003=CARTESIAN_POINT('',(0.0630697593196358,0.027201370134972,0.025));
#11004=CARTESIAN_POINT('',(0.0622190211037415,0.0273770320523095,0.04));
#11005=CARTESIAN_POINT('',(0.0622106359971472,0.0280216652899981,0.0260607679890584));
#11006=CARTESIAN_POINT('',(0.0622164182603686,0.0275771343803863,0.0261219020227218));
#11007=CARTESIAN_POINT('',(0.0622222026469558,0.0271324402298865,0.0261818424065132));
#11008=CARTESIAN_POINT('',(0.0622279890019928,0.0266875947482014,0.0262406432443535));
#11009=CARTESIAN_POINT('',(0.0622190211037415,0.0273770320523095,0.025));
#11010=CARTESIAN_POINT('',(0.0713746103540344,0.024594901276927,0.025));
#11011=CARTESIAN_POINT('',(0.0800993852317333,0.0279365889728069,0.025));
#11012=CARTESIAN_POINT('',(0.0800993852317333,0.0279365889728069,0.025));
#11013=CARTESIAN_POINT('',(0.079617440700531,0.027954438701272,0.025));
#11014=CARTESIAN_POINT('',(0.0796424299478531,0.027547463774681,0.025));
#11015=CARTESIAN_POINT('',(0.0800993852317333,0.0279365889728069,0.04));
#11016=CARTESIAN_POINT('',(0.0805813297629357,0.0279187392443419,0.026261160459806));
#11017=CARTESIAN_POINT('',(0.080568813800829,0.0279192027967024,0.0262298072215001));
#11018=CARTESIAN_POINT('',(0.0805594907598698,0.0279195480931812,0.0261975306960498));
#11019=CARTESIAN_POINT('',(0.0805533676258855,0.0279197748750449,0.0261643288633851));
#11020=CARTESIAN_POINT('',(0.0800993852317333,0.0279365889728069,0.04));
#11021=CARTESIAN_POINT('',(0.079617440700531,0.027954438701272,0.04));
#11022=CARTESIAN_POINT('',(0.0796424299478531,0.027547463774681,0.04));
#11023=CARTESIAN_POINT('',(0.0796208730232957,0.0278985398865865,0.0260809762531089));
#11024=CARTESIAN_POINT('',(0.0796363774912724,0.0276460340933824,0.0261155498752712));
#11025=CARTESIAN_POINT('',(0.0796518851620867,0.0273934761387597,0.0261497403287375));
#11026=CARTESIAN_POINT('',(0.0796673958973907,0.0271408682758504,0.0261835576078792));
#11027=CARTESIAN_POINT('',(0.0796673958973908,0.0271408682758504,0.0261835576078792));
#11028=CARTESIAN_POINT('',(0.0796673958973908,0.0271408682758504,0.0261835576078792));
#11029=CARTESIAN_POINT('',(0.0796674115230849,0.027140613795769,0.0261816557548647));
#11030=CARTESIAN_POINT('',(0.0796674191951753,0.0271404888480901,0.0261797452937863));
#11031=CARTESIAN_POINT('',(0.0796674191951753,0.0271404888480901,0.0261778265293214));
#11032=CARTESIAN_POINT('',(0.0712525638026586,0.0206899071621986,0.027470104002967));
#11033=CARTESIAN_POINT('',(0.0712279191849516,0.0211342299049806,0.0274208604873778));
#11034=CARTESIAN_POINT('',(0.0712252085521236,0.021134081382452,0.0269731467270648));
#11035=CARTESIAN_POINT('',(0.0718386676016625,0.0207220717399266,0.0274665392588469));
#11036=CARTESIAN_POINT('',(0.0718139986245412,0.0211663427014252,0.0274172558265711));
#11037=CARTESIAN_POINT('',(0.0718113123511185,0.0211661955136276,0.0269695875738534));
#11038=CARTESIAN_POINT('',(0.0730148668041531,0.0207377944458818,0.0274647937216506));
#11039=CARTESIAN_POINT('',(0.0730008136953725,0.0211836326846152,0.0274153130190724));
#11040=CARTESIAN_POINT('',(0.0729990598577071,0.0211838374465357,0.026967844779255));
#11041=CARTESIAN_POINT('',(0.0747634105771499,0.0209700391264176,0.0274390024780652));
#11042=CARTESIAN_POINT('',(0.0746620965302517,0.0214062426747571,0.027390265211159));
#11043=CARTESIAN_POINT('',(0.0746504919519205,0.0214041543760663,0.0269420940685376));
#11044=CARTESIAN_POINT('',(0.0764677510530885,0.0214777852151349,0.027381985573114));
#11045=CARTESIAN_POINT('',(0.0763156474902727,0.0218994494782911,0.0273341611549597));
#11046=CARTESIAN_POINT('',(0.0762982483368394,0.0218933321765471,0.0268851677856573));
#11047=CARTESIAN_POINT('',(0.0780746561993991,0.0221775791019691,0.02730198349176));
#11048=CARTESIAN_POINT('',(0.0778648860397323,0.022574239446672,0.0272560988149322));
#11049=CARTESIAN_POINT('',(0.0778431505934681,0.022563400170273,0.0268052952212745));
#11050=CARTESIAN_POINT('',(0.0795941485765821,0.0231397460405238,0.0271895380366831));
#11051=CARTESIAN_POINT('',(0.0793090723834998,0.0235058525184188,0.0271458488997532));
#11052=CARTESIAN_POINT('',(0.079275480409857,0.0234814731105034,0.0266930360356042));
#11053=CARTESIAN_POINT('',(0.0805235115325285,0.0243142685360551,0.0270475588171064));
#11054=CARTESIAN_POINT('',(0.0801022048837893,0.0245427041639099,0.0270192549436721));
#11055=CARTESIAN_POINT('',(0.0800736314398433,0.0244911476976537,0.0265513005884373));
#11056=CARTESIAN_POINT('',(0.0808987249277707,0.0254327948444605,0.0269071458248513));
#11057=CARTESIAN_POINT('',(0.080425741758982,0.0255517934543211,0.0268919058487195));
#11058=CARTESIAN_POINT('',(0.0804105089664416,0.0254902923875906,0.0264111390478074));
#11059=CARTESIAN_POINT('',(0.0810120614205747,0.0261624471714605,0.0268131756074601));
#11060=CARTESIAN_POINT('',(0.0805198842570857,0.026206162430581,0.0268074917824667));
#11061=CARTESIAN_POINT('',(0.0805141471008021,0.0261428496352849,0.0263173420603665));
#11062=CARTESIAN_POINT('',(0.0810574301739884,0.026748108113898,0.0267362600372846));
#11063=CARTESIAN_POINT('',(0.080564143395323,0.0267903082407443,0.0267306600631768));
#11064=CARTESIAN_POINT('',(0.0805585776795585,0.0267251828641758,0.0262405715358959));
#11065=CARTESIAN_POINT('',(0.0810770164884311,0.0273373379210849,0.0266578640582105));
#11066=CARTESIAN_POINT('',(0.0805711226017512,0.0272990692802549,0.0266629533192383));
#11067=CARTESIAN_POINT('',(0.0805764715553302,0.0272297767548744,0.0261623256487237));
#11068=CARTESIAN_POINT('',(0.081051041880186,0.0277787095856337,0.026597979568531));
#11069=CARTESIAN_POINT('',(0.0805493201342433,0.027764726557683,0.0265998851439235));
#11070=CARTESIAN_POINT('',(0.0805512433645501,0.0276970015065068,0.0261025584591139));
#11071=CARTESIAN_POINT('',(0.0810427017579669,0.0280729862126133,0.0265575216371241));
#11072=CARTESIAN_POINT('',(0.0805409634018305,0.0280590023527379,0.0265594441752796));
#11073=CARTESIAN_POINT('',(0.0805429032423288,0.0279906923869261,0.0260621810577069));
#11074=CARTESIAN_POINT('',(0.071335882394237,0.0211401454862668,0.0269724745941658));
#11075=CARTESIAN_POINT('',(0.0713358867249889,0.0211401457235598,0.0272183332800003));
#11076=CARTESIAN_POINT('',(0.071335923217409,0.0209353966297736,0.0274428932766616));
#11077=CARTESIAN_POINT('',(0.0713359619713264,0.0206944839405193,0.0274695967331368));
#11078=CARTESIAN_POINT('',(0.0714393527073849,0.0211345090668712,0.0269731002880595));
#11079=CARTESIAN_POINT('',(0.0714366577270449,0.0211346558726457,0.0274208126821038));
#11080=CARTESIAN_POINT('',(0.0714121561374015,0.0206903268356109,0.0274700574910125));
#11081=CARTESIAN_POINT('',(0.0709038770391297,0.0211636784522784,0.0269698674567793));
#11082=CARTESIAN_POINT('',(0.070901202110197,0.0211638241657662,0.0274175385015052));
#11083=CARTESIAN_POINT('',(0.0708766804691462,0.0207195420423869,0.0274668195813667));
#11084=CARTESIAN_POINT('',(0.0698156464595979,0.0211823805265413,0.0269679650930233));
#11085=CARTESIAN_POINT('',(0.0698143559364673,0.0211822096850934,0.0274154729345419));
#11086=CARTESIAN_POINT('',(0.0698031870309869,0.0207367019490939,0.0274649142234687));
#11087=CARTESIAN_POINT('',(0.0682998030577553,0.0213516252036473,0.0269482771520781));
#11088=CARTESIAN_POINT('',(0.0682897875296601,0.0213531623646576,0.0273962404092204));
#11089=CARTESIAN_POINT('',(0.0682030244875863,0.020914321687099,0.0274451953027291));
#11090=CARTESIAN_POINT('',(0.0668275446627281,0.0217364955572439,0.0269034137883589));
#11091=CARTESIAN_POINT('',(0.0668122513983586,0.0217411542237452,0.0273522276030761));
#11092=CARTESIAN_POINT('',(0.0666751351977026,0.0213155397286724,0.0274002607111968));
#11093=CARTESIAN_POINT('',(0.0653938024360174,0.0222811309400071,0.0268392895665926));
#11094=CARTESIAN_POINT('',(0.0653735340719845,0.0222901828869762,0.02728908876916));
#11095=CARTESIAN_POINT('',(0.0651876704085018,0.0218810826058679,0.0273360332210096));
#11096=CARTESIAN_POINT('',(0.0640514871508142,0.023007399975792,0.0267512686750236));
#11097=CARTESIAN_POINT('',(0.0640252535273891,0.0230227372269349,0.0272032979664031));
#11098=CARTESIAN_POINT('',(0.063780283105448,0.0226427088575935,0.0272478677169624));
#11099=CARTESIAN_POINT('',(0.0629289076999415,0.0239518471938433,0.0266285160752285));
#11100=CARTESIAN_POINT('',(0.0628925401695241,0.0239921967053655,0.0270869634307617));
#11101=CARTESIAN_POINT('',(0.0625322223563756,0.0236801992395492,0.0271249084001488));
#11102=CARTESIAN_POINT('',(0.062451525694554,0.0249968150487838,0.02647589973932));
#11103=CARTESIAN_POINT('',(0.0624335282107561,0.0250590744532335,0.0269547257520011));
#11104=CARTESIAN_POINT('',(0.0619636195620295,0.0249224234486367,0.026972024349392));
#11105=CARTESIAN_POINT('',(0.0623090856922042,0.0258539645281057,0.0263571517952718));
#11106=CARTESIAN_POINT('',(0.0623009765062907,0.0259170478364767,0.0268448616886734));
#11107=CARTESIAN_POINT('',(0.0618131096699115,0.0258536908155416,0.0268530591237523));
#11108=CARTESIAN_POINT('',(0.0622663705733155,0.0263577221558083,0.0262875590808233));
#11109=CARTESIAN_POINT('',(0.062262206723782,0.0264214524827973,0.0267792232043877));
#11110=CARTESIAN_POINT('',(0.0617669749154624,0.026389924871754,0.0267833364360813));
#11111=CARTESIAN_POINT('',(0.0622316208030597,0.0266619412703159,0.0262524578464824));
#11112=CARTESIAN_POINT('',(0.0622227145658058,0.0267248510928138,0.0267392508096884));
#11113=CARTESIAN_POINT('',(0.0617365573420228,0.0266572055761305,0.0267481687390887));
#11114=CARTESIAN_POINT('',(0.0622127950699403,0.0267949181375441,0.0262348578700926));
#11115=CARTESIAN_POINT('',(0.0622038542456423,0.0268580722680123,0.0267215832952468));
#11116=CARTESIAN_POINT('',(0.061717731608902,0.0267904359806614,0.0267305352060997));
#11117=CARTESIAN_POINT('',(0.06222791267965,0.0266881338563456,0.0262489688753875));
#11118=CARTESIAN_POINT('',(0.0622231216040253,0.0267219759502065,0.0265080277202429));
#11119=CARTESIAN_POINT('',(0.061985312077134,0.0267340382993896,0.0267379941736671));
#11120=CARTESIAN_POINT('',(0.0617284468639194,0.0267146039157952,0.0267405606363738));
#11121=CARTESIAN_POINT('',(0.061710571748661,0.0280914904364677,0.0265549769262133));
#11122=CARTESIAN_POINT('',(0.0622096448688993,0.0280978616035641,0.0265541005183968));
#11123=CARTESIAN_POINT('',(0.0622105294548627,0.0280298560860208,0.0260596414136201));
#11124=CARTESIAN_POINT('',(0.0617165617647204,0.027630068780628,0.0266184493700754));
#11125=CARTESIAN_POINT('',(0.0622156468668826,0.0276364378460543,0.0266175852962747));
#11126=CARTESIAN_POINT('',(0.0622165194709197,0.027569353479266,0.0261229874344988));
#11127=CARTESIAN_POINT('',(0.0617225574461244,0.0271682334572527,0.0266806699459021));
#11128=CARTESIAN_POINT('',(0.0622216541726949,0.0271746060311427,0.0266798171239911));
#11129=CARTESIAN_POINT('',(0.062222515152329,0.0271084153295148,0.0261850871992509));
#11130=CARTESIAN_POINT('',(0.0617285535132151,0.0267063893034155,0.0267416453089039));
#11131=CARTESIAN_POINT('',(0.0622276615300165,0.0267127702564626,0.026740802858209));
#11132=CARTESIAN_POINT('',(0.0622285112194168,0.0266474475294365,0.0262459468608903));
#11133=CARTESIAN_POINT('',(0.0636015102814165,0.026409559919213,0.0267806634882531));
#11134=CARTESIAN_POINT('',(0.0630994586428132,0.0263914597697831,0.0267830323615615));
#11135=CARTESIAN_POINT('',(0.0631018461129543,0.0263263526694533,0.0262848913772334));
#11136=CARTESIAN_POINT('',(0.0635806553317891,0.0269793515618531,0.0267060914954181));
#11137=CARTESIAN_POINT('',(0.0630785633003672,0.0269612826690577,0.0267084960233262));
#11138=CARTESIAN_POINT('',(0.0630809911633124,0.026895074043322,0.0262104594568103));
#11139=CARTESIAN_POINT('',(0.0635598020347242,0.0275491292388678,0.0266296443231548));
#11140=CARTESIAN_POINT('',(0.063057669225993,0.0275310709868789,0.0266320881883411));
#11141=CARTESIAN_POINT('',(0.0630601378662718,0.0274637503502066,0.0261341599438669));
#11142=CARTESIAN_POINT('',(0.0635389728745785,0.0281182820354064,0.0265512900446788));
#11143=CARTESIAN_POINT('',(0.063036798965707,0.0281002098872354,0.0265537780059768));
#11144=CARTESIAN_POINT('',(0.0630393087061163,0.0280317684362545,0.0260559618790455));
#11145=CARTESIAN_POINT('',(0.0631014750364253,0.0263364720491214,0.0262835667966287));
#11146=CARTESIAN_POINT('',(0.0631002160861028,0.0263708040407769,0.0265463057721897));
#11147=CARTESIAN_POINT('',(0.0633399215366677,0.0264159198076698,0.0267798315411449));
#11148=CARTESIAN_POINT('',(0.0636006958284097,0.026431812135593,0.026777750255118));
#11149=CARTESIAN_POINT('',(0.0713985261754217,0.0225999507179272,0.0272524742091958));
#11150=CARTESIAN_POINT('',(0.0713876028200128,0.0220419092936758,0.0273178282555947));
#11151=CARTESIAN_POINT('',(0.0713888731691906,0.0220418847637269,0.02675586821443));
#11152=CARTESIAN_POINT('',(0.0705970647267495,0.0226154523700618,0.0272506587602903));
#11153=CARTESIAN_POINT('',(0.0705861173914305,0.0220573856658127,0.0273160450926763));
#11154=CARTESIAN_POINT('',(0.0705874117205186,0.0220573606728185,0.026754055780398));
#11155=CARTESIAN_POINT('',(0.0693937978170083,0.0226544417266213,0.0272461235030404));
#11156=CARTESIAN_POINT('',(0.0693344822386899,0.022097414123226,0.0273114654329456));
#11157=CARTESIAN_POINT('',(0.0693409407825733,0.0220972316955216,0.0267495279996542));
#11158=CARTESIAN_POINT('',(0.0678237830296888,0.0229434628623535,0.027212083561393));
#11159=CARTESIAN_POINT('',(0.0676997601388205,0.0223996074248757,0.0272764139142703));
#11160=CARTESIAN_POINT('',(0.0677137984230387,0.0223965361159705,0.0267155449270033));
#11161=CARTESIAN_POINT('',(0.0666608638290877,0.0232579566469805,0.0271747517194802));
#11162=CARTESIAN_POINT('',(0.0664885420472885,0.0227269930520648,0.0272381429238956));
#11163=CARTESIAN_POINT('',(0.0665074275131222,0.0227213592758899,0.026678275976937));
#11164=CARTESIAN_POINT('',(0.0655457436086982,0.0236950332649252,0.0271223165039771));
#11165=CARTESIAN_POINT('',(0.0653045673403101,0.0231956759277762,0.0271826882021111));
#11166=CARTESIAN_POINT('',(0.0653300084896264,0.0231834572841713,0.0266259301110872));
#11167=CARTESIAN_POINT('',(0.064676401221677,0.0242155127440524,0.0270589846704108));
#11168=CARTESIAN_POINT('',(0.0643523946923843,0.023758582745563,0.0271151445590557));
#11169=CARTESIAN_POINT('',(0.0643830091513942,0.0237395296937184,0.0265627078569092));
#11170=CARTESIAN_POINT('',(0.0641208877765134,0.0247939189645755,0.0269873217045265));
#11171=CARTESIAN_POINT('',(0.0636792986841464,0.0244766631020968,0.0270269974906285));
#11172=CARTESIAN_POINT('',(0.0637105328654697,0.0244352246102853,0.0264911713877754));
#11173=CARTESIAN_POINT('',(0.0638363451604676,0.0253293326324808,0.0269200151515729));
#11174=CARTESIAN_POINT('',(0.0633459622149628,0.0251385531914762,0.0269442652171154));
#11175=CARTESIAN_POINT('',(0.0633679096994293,0.0250831579261858,0.0264239855795644));
#11176=CARTESIAN_POINT('',(0.0636634773188091,0.0259051174598189,0.0268464130372081));
#11177=CARTESIAN_POINT('',(0.0631592055498548,0.0257899338421298,0.0268613397628512));
#11178=CARTESIAN_POINT('',(0.0631732714219583,0.0257294875753002,0.0263505180166614));
#11179=CARTESIAN_POINT('',(0.0636117013811195,0.0263015159086496,0.0267948572772611));
#11180=CARTESIAN_POINT('',(0.0631079842572803,0.0262595488717647,0.0268003321980888));
#11181=CARTESIAN_POINT('',(0.0631134872162658,0.0261946137290092,0.0262990583887693));
#11182=CARTESIAN_POINT('',(0.0635949210910838,0.0264998978027842,0.0267688246951509));
#11183=CARTESIAN_POINT('',(0.0630911723508366,0.0264579300606622,0.0267743318947748));
#11184=CARTESIAN_POINT('',(0.0630967069262286,0.0263926218429593,0.0262730748558189));
#11185=CARTESIAN_POINT('',(0.0713317261631658,0.0220429882502034,0.0267557389794719));
#11186=CARTESIAN_POINT('',(0.0713317245873758,0.0220429882806313,0.027039607887724));
#11187=CARTESIAN_POINT('',(0.0713317367346846,0.0223232309229182,0.0272848829790659));
#11188=CARTESIAN_POINT('',(0.0713317476530078,0.0226012424437454,0.0272523229281554));
#11189=CARTESIAN_POINT('',(0.0712696405927067,0.0220417952896571,0.0267558785861119));
#11190=CARTESIAN_POINT('',(0.0712709047043414,0.0220418195792834,0.0273178385945154));
#11191=CARTESIAN_POINT('',(0.0712600349760284,0.0225998620093691,0.0272524845981303));
#11192=CARTESIAN_POINT('',(0.0717050774330679,0.0220501621125297,0.0267548987227824));
#11193=CARTESIAN_POINT('',(0.071706348743623,0.0220501865404758,0.0273168745690887));
#11194=CARTESIAN_POINT('',(0.0716954718163929,0.0226082427498015,0.0272515031048774));
#11195=CARTESIAN_POINT('',(0.072591465175625,0.0220673526055428,0.0267528819469405));
#11196=CARTESIAN_POINT('',(0.0725947328471773,0.0220673639817033,0.027314896581256));
#11197=CARTESIAN_POINT('',(0.0725661549203259,0.0226255000590152,0.0272494829759131));
#11198=CARTESIAN_POINT('',(0.0739467260278837,0.0222048385076428,0.0267373434507049));
#11199=CARTESIAN_POINT('',(0.0739565154068764,0.0222061334877576,0.0272988713293816));
#11200=CARTESIAN_POINT('',(0.0738700113815232,0.0227582011813028,0.0272339185912849));
#11201=CARTESIAN_POINT('',(0.075261587470258,0.0224701952139773,0.0267070921541505));
#11202=CARTESIAN_POINT('',(0.0752767398162734,0.0224737660491189,0.0272677846842228));
#11203=CARTESIAN_POINT('',(0.0751418239881437,0.023015104086399,0.0272036165915264));
#11204=CARTESIAN_POINT('',(0.0765624608416114,0.02285890630741,0.0266625311354461));
#11205=CARTESIAN_POINT('',(0.0765831850897811,0.0228660237471906,0.0272217858539385));
#11206=CARTESIAN_POINT('',(0.0763923573055786,0.0233900854827678,0.0271589801482086));
#11207=CARTESIAN_POINT('',(0.0776234612136967,0.0233323358035369,0.0266088170591235));
#11208=CARTESIAN_POINT('',(0.0776503363143893,0.0233458958552781,0.0271647656243888));
#11209=CARTESIAN_POINT('',(0.077389309863294,0.023836606965848,0.0271051739526957));
#11210=CARTESIAN_POINT('',(0.0784243966754268,0.0238708282775618,0.026548868995855));
#11211=CARTESIAN_POINT('',(0.078456620696762,0.0238952949151264,0.0270983551048437));
#11212=CARTESIAN_POINT('',(0.078112748851791,0.0243273467538241,0.027045121324214));
#11213=CARTESIAN_POINT('',(0.0789848634316326,0.0244271176846784,0.0264913453008581));
#11214=CARTESIAN_POINT('',(0.079016358132307,0.0244674770840414,0.0270281619583404));
#11215=CARTESIAN_POINT('',(0.0785795134438312,0.0247926726076,0.0269874959644022));
#11216=CARTESIAN_POINT('',(0.0793601055260394,0.0251106634533232,0.0264196393985931));
#11217=CARTESIAN_POINT('',(0.0793827250687291,0.0251649629419919,0.02694099537312));
#11218=CARTESIAN_POINT('',(0.0788933293338667,0.0253639191940839,0.0269156611486218));
#11219=CARTESIAN_POINT('',(0.079575083919463,0.0258235653193962,0.0263394119532842));
#11220=CARTESIAN_POINT('',(0.079588190208755,0.0258849385136283,0.0268491285764788));
#11221=CARTESIAN_POINT('',(0.0790845749902563,0.0259915919445459,0.0268352864824577));
#11222=CARTESIAN_POINT('',(0.0796573906103969,0.0264061073218736,0.0262701835650983));
#11223=CARTESIAN_POINT('',(0.0796641707180244,0.0264702767150557,0.0267729112270592));
#11224=CARTESIAN_POINT('',(0.0791585854994345,0.0265231552646327,0.0267659282903189));
#11225=CARTESIAN_POINT('',(0.0796730658089147,0.0268355197551526,0.0262202907401905));
#11226=CARTESIAN_POINT('',(0.079673012966464,0.026900948959515,0.0267159367548164));
#11227=CARTESIAN_POINT('',(0.0791729725491966,0.0269008344344043,0.0267159403404801));
#11228=CARTESIAN_POINT('',(0.0796658854687272,0.0270681051904809,0.0261913448059106));
#11229=CARTESIAN_POINT('',(0.0796637735123611,0.0271341711250852,0.0266848223820367));
#11230=CARTESIAN_POINT('',(0.0791659178923495,0.0271183687585692,0.0266869387456301));
#11231=CARTESIAN_POINT('',(0.0796676069428687,0.0271479851777945,0.0261768274342755));
#11232=CARTESIAN_POINT('',(0.0796692755029907,0.027214606911487,0.0266740475581314));
#11233=CARTESIAN_POINT('',(0.0791677636856715,0.0272269454810601,0.0266723932993764));
#11234=CARTESIAN_POINT('',(0.0796689639071025,0.0272021656106471,0.0261695516511371));
#11235=CARTESIAN_POINT('',(0.079670635111287,0.0272688929154957,0.0266667602613918));
#11236=CARTESIAN_POINT('',(0.0791691206499077,0.0272812309908608,0.0266651034056598));
#11237=CARTESIAN_POINT('',(0.0796673958973908,0.0271408682758504,0.0261835576078792));
#11238=CARTESIAN_POINT('',(0.0796652553433783,0.0271757293423262,0.0264440912575142));
#11239=CARTESIAN_POINT('',(0.0794262251296343,0.0272022906244617,0.0266756918459581));
#11240=CARTESIAN_POINT('',(0.0791671304008325,0.0271962383823599,0.0266765025472675));
#11241=CARTESIAN_POINT('',(0.0796676754148513,0.027136316053988,0.0261841669846735));
#11242=CARTESIAN_POINT('',(0.0796636502727749,0.0272018695250443,0.0266757499561182));
#11243=CARTESIAN_POINT('',(0.0791686153223572,0.0271720082053241,0.0266797470300636));
#11244=CARTESIAN_POINT('',(0.0796519603121606,0.0273922522445211,0.0261499087573702));
#11245=CARTESIAN_POINT('',(0.0796479058816115,0.0274582827076355,0.0266413975538045));
#11246=CARTESIAN_POINT('',(0.0791529002196654,0.0274284388673024,0.0266454226154897));
#11247=CARTESIAN_POINT('',(0.079636246053308,0.0276481746923048,0.0261152623800752));
#11248=CARTESIAN_POINT('',(0.0796321614814347,0.0277146960371202,0.0266066540194584));
#11249=CARTESIAN_POINT('',(0.0791371859608142,0.0276848623880381,0.0266107084142372));
#11250=CARTESIAN_POINT('',(0.0796205401611699,0.0279039608797616,0.026080233939391));
#11251=CARTESIAN_POINT('',(0.0796164245535566,0.027970987672715,0.0265715252094491));
#11252=CARTESIAN_POINT('',(0.0791214800686758,0.0279411563298634,0.0265756104395167));
#11253=CARTESIAN_POINT('',(0.0389816259999611,0.0299260838046031,0.00329274658221677));
#11254=CARTESIAN_POINT('',(0.0389816259999611,0.0299260838046031,0.00329274658221677));
#11255=CARTESIAN_POINT('',(0.0389816259999611,0.0299260838046031,0.00658549316443354));
#11256=CARTESIAN_POINT('',(0.0389816259999611,0.0299260838046031,0.00658549316443354));
#11257=CARTESIAN_POINT('',(0.0389090650867628,0.0288390226216958,0.00329274658221677));
#11258=CARTESIAN_POINT('',(0.0389090650867628,0.0288390226216958,0.00658549316443354));
#11259=CARTESIAN_POINT('',(0.0389090650867628,0.0288390226216958,0.00658549316443354));
#11260=CARTESIAN_POINT('',(0.0389090650867628,0.0288390226216958,0.00329274658221677));
#11261=CARTESIAN_POINT('',(0.038945345543362,0.0293825532131495,0.00658549316443354));
#11262=CARTESIAN_POINT('',(0.038945345543362,0.0293825532131495,0.00658549316443354));
#11263=CARTESIAN_POINT('',(0.0388585252692661,0.0280818674072652,0.01625));
#11264=CARTESIAN_POINT('',(0.036899118268743,-0.00127271480378296,0.00209174478931096));
#11265=CARTESIAN_POINT('',(0.0359013386073483,-0.00120611339758818,0.00209174478931096));
#11266=CARTESIAN_POINT('',(0.0359668053105291,-0.000225333130857548,0.00209174478931096));
#11267=CARTESIAN_POINT('',(0.0358358719041676,-0.0021868936643188,0.00209174478931095));
#11268=CARTESIAN_POINT('',(0.0369645849719238,-0.000291934537052337,0.00209174478931096));
#11269=CARTESIAN_POINT('',(0.0369645849719238,-0.000291934537052337,0.00209174478931096));
#11270=CARTESIAN_POINT('',(0.036899118268743,-0.00127271480378296,0.00209174478931096));
#11271=CARTESIAN_POINT('',(0.0368336515655622,-0.00225349507051358,0.00209174478931095));
#11272=CARTESIAN_POINT('',(0.0368336515655622,-0.00225349507051358,0.00209174478931095));
#11273=CARTESIAN_POINT('',(0.0369315897535207,-0.000786247791484573,0.00351221536222992));
#11274=CARTESIAN_POINT('',(0.035933810092126,-0.000719646385289784,0.00351221536222992));
#11275=CARTESIAN_POINT('',(0.0359008148737228,-0.00121395963972201,0.00493268593514888));
#11276=CARTESIAN_POINT('',(0.0368985945351175,-0.00128056104591681,0.00493268593514888));
#11277=CARTESIAN_POINT('',(0.0368985945351175,-0.00128056104591681,0.00493268593514888));
#11278=CARTESIAN_POINT('',(0.0369315897535207,-0.000786247791484573,0.00351221536222992));
#11279=CARTESIAN_POINT('',(0.0370110544281452,0.000404241128641542,0.00328845729009925));
#11280=CARTESIAN_POINT('',(0.0370110544281452,0.000404241128641542,0.00328845729009925));
#11281=CARTESIAN_POINT('',(0.0369343036459435,-0.000745589991336469,0.0065769145801985));
#11282=CARTESIAN_POINT('',(0.0369343036459435,-0.000745589991336469,0.0065769145801985));
#11283=CARTESIAN_POINT('',(0.0369973421295881,0.00019881224368269,0.000683427210724975));
#11284=CARTESIAN_POINT('',(0.0369812492236426,-4.22813782481843E-5,0.00136685442144995));
#11285=CARTESIAN_POINT('',(0.0369812492236426,-4.22813782481843E-5,0.00136685442144995));
#11286=CARTESIAN_POINT('',(0.0369973421295881,0.00019881224368269,0.000683427210724975));
#11287=CARTESIAN_POINT('',(0.0368988325958564,-0.00127699457221961,0.00136685442144995));
#11288=CARTESIAN_POINT('',(0.0368164159680703,-0.00251170776619104,0.00136685442144995));
#11289=CARTESIAN_POINT('',(0.0368164159680703,-0.00251170776619104,0.00136685442144995));
#11290=CARTESIAN_POINT('',(0.0368988325958564,-0.00127699457221961,0.00136685442144995));
#11291=CARTESIAN_POINT('',(0.0368006563471591,-0.00274780832494583,0.000683427210724973));
#11292=CARTESIAN_POINT('',(0.0368006563471591,-0.00274780832494583,0.000683427210724973));
#11293=CARTESIAN_POINT('',(0.0367872773336363,-0.00294824414672859,0.00328845729009925));
#11294=CARTESIAN_POINT('',(0.0368634567700649,-0.00180697256362386,0.0065769145801985));
#11295=CARTESIAN_POINT('',(0.0368634567700649,-0.00180697256362386,0.0065769145801985));
#11296=CARTESIAN_POINT('',(0.0367872773336363,-0.00294824414672859,0.00328845729009925));
#11297=CARTESIAN_POINT('',(0.0368988802080042,-0.00127628127748017,0.0065769145801985));
#11298=CARTESIAN_POINT('',(0.0368988802080042,-0.00127628127748017,0.0065769145801985));
#11299=CARTESIAN_POINT('',(0.0368661230503399,-0.0017670280582152,0.00351221536222991));
#11300=CARTESIAN_POINT('',(0.0358683433889452,-0.00170042665202041,0.00351221536222991));
#11301=CARTESIAN_POINT('',(0.0368661230503399,-0.0017670280582152,0.00351221536222991));
#11302=CARTESIAN_POINT('',(0.0388585252692661,0.0280818674072652,0.01625));
#11303=CARTESIAN_POINT('',(0.0382353055836999,0.0187451887638739,0.00209174478931096));
#11304=CARTESIAN_POINT('',(0.0372375259223053,0.0188117901700687,0.00209174478931096));
#11305=CARTESIAN_POINT('',(0.0373029926254861,0.0197925704367993,0.00209174478931095));
#11306=CARTESIAN_POINT('',(0.0371720592191245,0.0178310099033381,0.00209174478931096));
#11307=CARTESIAN_POINT('',(0.0383007722868808,0.0197259690306045,0.00209174478931095));
#11308=CARTESIAN_POINT('',(0.0383007722868808,0.0197259690306045,0.00209174478931095));
#11309=CARTESIAN_POINT('',(0.0382353055836999,0.0187451887638739,0.00209174478931096));
#11310=CARTESIAN_POINT('',(0.0381698388805192,0.0177644084971433,0.00209174478931096));
#11311=CARTESIAN_POINT('',(0.0381698388805192,0.0177644084971433,0.00209174478931096));
#11312=CARTESIAN_POINT('',(0.0382677770684776,0.0192316557761724,0.00351221536222991));
#11313=CARTESIAN_POINT('',(0.0372699974070829,0.0192982571823671,0.00351221536222991));
#11314=CARTESIAN_POINT('',(0.0372370021886798,0.0188039439279349,0.00493268593514888));
#11315=CARTESIAN_POINT('',(0.0382347818500745,0.0187373425217401,0.00493268593514888));
#11316=CARTESIAN_POINT('',(0.0382347818500745,0.0187373425217401,0.00493268593514888));
#11317=CARTESIAN_POINT('',(0.0382677770684776,0.0192316557761724,0.00351221536222991));
#11318=CARTESIAN_POINT('',(0.0383472417431022,0.0204221446962985,0.00328845729009925));
#11319=CARTESIAN_POINT('',(0.0383472417431022,0.0204221446962985,0.00328845729009925));
#11320=CARTESIAN_POINT('',(0.0382704909609004,0.0192723135763205,0.0065769145801985));
#11321=CARTESIAN_POINT('',(0.0382704909609004,0.0192723135763205,0.0065769145801985));
#11322=CARTESIAN_POINT('',(0.038333529444545,0.0202167158113396,0.000683427210724976));
#11323=CARTESIAN_POINT('',(0.0383174365385995,0.0199756221894087,0.00136685442144995));
#11324=CARTESIAN_POINT('',(0.0383174365385995,0.0199756221894087,0.00136685442144995));
#11325=CARTESIAN_POINT('',(0.038333529444545,0.0202167158113396,0.000683427210724976));
#11326=CARTESIAN_POINT('',(0.0382350199108134,0.0187409089954373,0.00136685442144995));
#11327=CARTESIAN_POINT('',(0.0381526032830272,0.0175061958014658,0.00136685442144995));
#11328=CARTESIAN_POINT('',(0.0381526032830272,0.0175061958014658,0.00136685442144995));
#11329=CARTESIAN_POINT('',(0.0382350199108134,0.0187409089954373,0.00136685442144995));
#11330=CARTESIAN_POINT('',(0.038136843662116,0.0172700952427111,0.000683427210724977));
#11331=CARTESIAN_POINT('',(0.038136843662116,0.0172700952427111,0.000683427210724977));
#11332=CARTESIAN_POINT('',(0.0381234646485933,0.0170696594209283,0.00328845729009925));
#11333=CARTESIAN_POINT('',(0.0381996440850218,0.0182109310040331,0.0065769145801985));
#11334=CARTESIAN_POINT('',(0.0381996440850218,0.0182109310040331,0.0065769145801985));
#11335=CARTESIAN_POINT('',(0.0381234646485933,0.0170696594209283,0.00328845729009925));
#11336=CARTESIAN_POINT('',(0.0382350675229611,0.0187416222901768,0.0065769145801985));
#11337=CARTESIAN_POINT('',(0.0382350675229611,0.0187416222901768,0.0065769145801985));
#11338=CARTESIAN_POINT('',(0.0382023103652969,0.0182508755094417,0.00351221536222991));
#11339=CARTESIAN_POINT('',(0.0372045307039022,0.0183174769156365,0.00351221536222991));
#11340=CARTESIAN_POINT('',(0.0382023103652969,0.0182508755094417,0.00351221536222991));
#11341=CARTESIAN_POINT('',(0.0388585252692661,0.0280818674072652,0.01625));
#11342=CARTESIAN_POINT('',(0.0391649327688673,0.0326722685514488,0.00226546112007055));
#11343=CARTESIAN_POINT('',(0.0391649327688673,0.0326722685514488,0.00226546112007055));
#11344=CARTESIAN_POINT('',(0.0391649327688673,0.0326722685514488,0.0045309222401411));
#11345=CARTESIAN_POINT('',(0.0391649327688673,0.0326722685514488,0.0045309222401411));
#11346=CARTESIAN_POINT('',(0.0390923718556691,0.0315852073685415,0.00329274658221677));
#11347=CARTESIAN_POINT('',(0.0390923718556691,0.0315852073685415,0.00658549316443354));
#11348=CARTESIAN_POINT('',(0.0390923718556691,0.0315852073685415,0.00658549316443354));
#11349=CARTESIAN_POINT('',(0.0390923718556691,0.0315852073685415,0.00329274658221677));
#11350=CARTESIAN_POINT('',(0.0391286523122681,0.0321287379599952,0.00658549316443354));
#11351=CARTESIAN_POINT('',(0.0391649327688673,0.0326722685514488,0.00658549316443354));
#11352=CARTESIAN_POINT('',(0.0391649327688673,0.0326722685514488,0.00658549316443354));
#11353=CARTESIAN_POINT('',(0.0391286523122681,0.0321287379599952,0.00658549316443354));
#11354=CARTESIAN_POINT('',(0.0392298281262749,0.0336444892813062,0.00433361480273514));
#11355=CARTESIAN_POINT('',(0.0392947234836825,0.0346167100111635,0.00208173644103674));
#11356=CARTESIAN_POINT('',(0.0392947234836825,0.0346167100111635,0.00208173644103674));
#11357=CARTESIAN_POINT('',(0.0392298281262749,0.0336444892813062,0.00433361480273514));
#11358=CARTESIAN_POINT('',(0.0393598569018288,0.035592497214718,0.00433361480273514));
#11359=CARTESIAN_POINT('',(0.0394249903199752,0.0365682844182725,0.00658549316443354));
#11360=CARTESIAN_POINT('',(0.0394249903199752,0.0365682844182725,0.00658549316443354));
#11361=CARTESIAN_POINT('',(0.0393598569018288,0.035592497214718,0.00433361480273514));
#11362=CARTESIAN_POINT('',(0.0394613183887221,0.0371125283044657,0.00658549316443354));
#11363=CARTESIAN_POINT('',(0.039497646457469,0.0376567721906587,0.00658549316443354));
#11364=CARTESIAN_POINT('',(0.039497646457469,0.0376567721906587,0.00658549316443354));
#11365=CARTESIAN_POINT('',(0.0394613183887221,0.0371125283044657,0.00658549316443354));
#11366=CARTESIAN_POINT('',(0.039497646457469,0.0376567721906587,0.00329274658221677));
#11367=CARTESIAN_POINT('',(0.039497646457469,0.0376567721906587,0.00329274658221677));
#11368=CARTESIAN_POINT('',(0.0394249903199752,0.0365682844182725,0.00226546112007055));
#11369=CARTESIAN_POINT('',(0.0394249903199752,0.0365682844182725,0.0045309222401411));
#11370=CARTESIAN_POINT('',(0.0394249903199752,0.0365682844182725,0.0045309222401411));
#11371=CARTESIAN_POINT('',(0.0394249903199752,0.0365682844182725,0.00226546112007055));
#11372=CARTESIAN_POINT('',(0.03937561652274,0.0358285977734728,0.00269867962394015));
#11373=CARTESIAN_POINT('',(0.0393262427255048,0.0350889111286731,0.000866437007739192));
#11374=CARTESIAN_POINT('',(0.0393262427255048,0.0350889111286731,0.000866437007739192));
#11375=CARTESIAN_POINT('',(0.03937561652274,0.0358285977734728,0.00269867962394015));
#11376=CARTESIAN_POINT('',(0.0392946758715347,0.034615996716424,0.000866437007739194));
#11377=CARTESIAN_POINT('',(0.0392631090175645,0.034143082304175,0.000866437007739194));
#11378=CARTESIAN_POINT('',(0.0392631090175645,0.034143082304175,0.000866437007739194));
#11379=CARTESIAN_POINT('',(0.0392946758715347,0.034615996716424,0.000866437007739194));
#11380=CARTESIAN_POINT('',(0.0392140208932159,0.0334076754278119,0.00269867962394015));
#11381=CARTESIAN_POINT('',(0.0392140208932159,0.0334076754278119,0.00269867962394015));
#11382=CARTESIAN_POINT('',(0.0388585252692661,0.0280818674072652,0.01625));
#11383=CARTESIAN_POINT('',(0.0377963691934281,0.0121693245609724,0.00226975041218807));
#11384=CARTESIAN_POINT('',(0.0377963691934281,0.0121693245609724,0.00226975041218807));
#11385=CARTESIAN_POINT('',(0.0378823567322969,0.0134575348604018,0.00453950082437614));
#11386=CARTESIAN_POINT('',(0.0378823567322969,0.0134575348604018,0.00453950082437614));
#11387=CARTESIAN_POINT('',(0.0376378207413612,0.00979405307863568,0.00329274658221677));
#11388=CARTESIAN_POINT('',(0.0376378207413612,0.00979405307863568,0.00658549316443354));
#11389=CARTESIAN_POINT('',(0.0376378207413612,0.00979405307863568,0.00658549316443354));
#11390=CARTESIAN_POINT('',(0.0376378207413612,0.00979405307863568,0.00329274658221677));
#11391=CARTESIAN_POINT('',(0.0376741011979603,0.0103375836700893,0.00658549316443354));
#11392=CARTESIAN_POINT('',(0.0377103816545594,0.0108811142615429,0.00658549316443354));
#11393=CARTESIAN_POINT('',(0.0377103816545594,0.0108811142615429,0.00658549316443354));
#11394=CARTESIAN_POINT('',(0.0376741011979603,0.0103375836700893,0.00658549316443354));
#11395=CARTESIAN_POINT('',(0.0377103816545594,0.0108811142615429,0.00431574275224547));
#11396=CARTESIAN_POINT('',(0.0377103816545594,0.0108811142615429,0.0020459923400574));
#11397=CARTESIAN_POINT('',(0.0377103816545594,0.0108811142615429,0.0020459923400574));
#11398=CARTESIAN_POINT('',(0.0377103816545594,0.0108811142615429,0.00431574275224547));
#11399=CARTESIAN_POINT('',(0.0377963691934281,0.0121693245609724,0.00431574275224547));
#11400=CARTESIAN_POINT('',(0.0378823567322969,0.0134575348604018,0.00658549316443354));
#11401=CARTESIAN_POINT('',(0.0378823567322969,0.0134575348604018,0.00658549316443354));
#11402=CARTESIAN_POINT('',(0.0377963691934281,0.0121693245609724,0.00431574275224547));
#11403=CARTESIAN_POINT('',(0.0379186848010437,0.0140017787465949,0.00658549316443354));
#11404=CARTESIAN_POINT('',(0.0379550128697907,0.014546022632788,0.00658549316443354));
#11405=CARTESIAN_POINT('',(0.0379550128697907,0.014546022632788,0.00658549316443354));
#11406=CARTESIAN_POINT('',(0.0379186848010437,0.0140017787465949,0.00658549316443354));
#11407=CARTESIAN_POINT('',(0.0379550128697907,0.014546022632788,0.00329274658221677));
#11408=CARTESIAN_POINT('',(0.0379550128697907,0.014546022632788,0.00329274658221677));
#11409=CARTESIAN_POINT('',(0.0378823567322969,0.0134575348604018,0.00226975041218807));
#11410=CARTESIAN_POINT('',(0.0378823567322969,0.0134575348604018,0.00226975041218807));
#11411=CARTESIAN_POINT('',(0.0388585252692661,0.0280818674072652,0.01625));
#11412=CARTESIAN_POINT('',(0.0373842384423497,0.00599504529637582,0.000786370221545473));
#11413=CARTESIAN_POINT('',(0.036386458780955,0.00606164670257061,0.000786370221545473));
#11414=CARTESIAN_POINT('',(0.0373358645002175,0.00527033784110432,0.000786370221545473));
#11415=CARTESIAN_POINT('',(0.0363380848388228,0.00533693924729911,0.000786370221545473));
#11416=CARTESIAN_POINT('',(0.0373009647959037,0.00474749279709447,0.00101870687791118));
#11417=CARTESIAN_POINT('',(0.036303185134509,0.00481409420328926,0.00101870687791118));
#11418=CARTESIAN_POINT('',(0.0372795393294081,0.00442651016434626,0.0014833801906426));
#11419=CARTESIAN_POINT('',(0.0362817596680134,0.00449311157054105,0.0014833801906426));
#11420=CARTESIAN_POINT('',(0.036386458780955,0.00606164670257061,0.000786370221545473));
#11421=CARTESIAN_POINT('',(0.0363138978677568,0.00497458551966336,0.000786370221545473));
#11422=CARTESIAN_POINT('',(0.0362817596680134,0.00449311157054105,0.0014833801906426));
#11423=CARTESIAN_POINT('',(0.036386458780955,0.00606164670257061,0.000786370221545473));
#11424=CARTESIAN_POINT('',(0.0362817596680134,0.00449311157054105,0.0014833801906426));
#11425=CARTESIAN_POINT('',(0.0373842384423497,0.00599504529637582,0.000786370221545473));
#11426=CARTESIAN_POINT('',(0.0373842384423497,0.00599504529637582,0.000786370221545473));
#11427=CARTESIAN_POINT('',(0.0373842384423497,0.00599504529637582,0.000786370221545473));
#11428=CARTESIAN_POINT('',(0.0373116775291515,0.00490798411346857,0.000786370221545473));
#11429=CARTESIAN_POINT('',(0.0372795393294081,0.00442651016434626,0.0014833801906426));
#11430=CARTESIAN_POINT('',(0.0372795393294081,0.00442651016434626,0.0014833801906426));
#11431=CARTESIAN_POINT('',(0.0372795393294081,0.00442651016434626,0.0014833801906426));
#11432=CARTESIAN_POINT('',(0.0374196618802889,0.00652573658251952,0.000786370221545473));
#11433=CARTESIAN_POINT('',(0.0364218822188942,0.00659233798871431,0.000786370221545473));
#11434=CARTESIAN_POINT('',(0.0364573056568335,0.007123029274858,0.000786370221545473));
#11435=CARTESIAN_POINT('',(0.0374550853182282,0.00705642786866322,0.000786370221545473));
#11436=CARTESIAN_POINT('',(0.0374550853182282,0.00705642786866322,0.000786370221545473));
#11437=CARTESIAN_POINT('',(0.0374196618802889,0.00652573658251952,0.000786370221545473));
#11438=CARTESIAN_POINT('',(0.0374550853182282,0.00705642786866321,0.00327987870586421));
#11439=CARTESIAN_POINT('',(0.0364573056568335,0.007123029274858,0.00327987870586421));
#11440=CARTESIAN_POINT('',(0.0364573056568335,0.007123029274858,0.00577338719018295));
#11441=CARTESIAN_POINT('',(0.0374550853182282,0.00705642786866321,0.00577338719018295));
#11442=CARTESIAN_POINT('',(0.0374550853182282,0.00705642786866321,0.00577338719018295));
#11443=CARTESIAN_POINT('',(0.0374550853182282,0.00705642786866321,0.00327987870586421));
#11444=CARTESIAN_POINT('',(0.0374342311975059,0.0067440047727883,0.00577338719018295));
#11445=CARTESIAN_POINT('',(0.0364364515361112,0.00681060617898309,0.00577338719018295));
#11446=CARTESIAN_POINT('',(0.0364155974153889,0.00649818308310817,0.00577338719018295));
#11447=CARTESIAN_POINT('',(0.0374133770767835,0.00643158167691338,0.00577338719018295));
#11448=CARTESIAN_POINT('',(0.0374133770767835,0.00643158167691338,0.00577338719018295));
#11449=CARTESIAN_POINT('',(0.0374342311975059,0.0067440047727883,0.00577338719018295));
#11450=CARTESIAN_POINT('',(0.0373301034303376,0.00518402917763203,0.00557179046065947));
#11451=CARTESIAN_POINT('',(0.0363323237689429,0.00525063058382682,0.00557179046065947));
#11452=CARTESIAN_POINT('',(0.0373515288968331,0.00550501181038023,0.00570618828034179));
#11453=CARTESIAN_POINT('',(0.0363537492354384,0.00557161321657502,0.00570618828034179));
#11454=CARTESIAN_POINT('',(0.0373792867789818,0.00592086264347401,0.00577338719018295));
#11455=CARTESIAN_POINT('',(0.0363815071175871,0.0059874640496688,0.00577338719018295));
#11456=CARTESIAN_POINT('',(0.0374133770767835,0.00643158167691338,0.00577338719018295));
#11457=CARTESIAN_POINT('',(0.0364155974153888,0.00649818308310817,0.00577338719018295));
#11458=CARTESIAN_POINT('',(0.0363323237689429,0.00525063058382682,0.00557179046065947));
#11459=CARTESIAN_POINT('',(0.0363644619686862,0.00573210453294912,0.00577338719018295));
#11460=CARTESIAN_POINT('',(0.0364155974153889,0.00649818308310817,0.00577338719018295));
#11461=CARTESIAN_POINT('',(0.0363323237689429,0.00525063058382682,0.00557179046065947));
#11462=CARTESIAN_POINT('',(0.0373301034303376,0.00518402917763203,0.00557179046065947));
#11463=CARTESIAN_POINT('',(0.0373301034303376,0.00518402917763203,0.00557179046065947));
#11464=CARTESIAN_POINT('',(0.0373301034303376,0.00518402917763203,0.00557179046065947));
#11465=CARTESIAN_POINT('',(0.0373622416300809,0.00566550312675433,0.00577338719018295));
#11466=CARTESIAN_POINT('',(0.0374133770767835,0.00643158167691338,0.00577338719018295));
#11467=CARTESIAN_POINT('',(0.0372792060443737,0.00442151710117018,0.00504420753020442));
#11468=CARTESIAN_POINT('',(0.036281426382979,0.00448811850736497,0.00504420753020442));
#11469=CARTESIAN_POINT('',(0.0372917121685208,0.00460887585272987,0.0052615316641588));
#11470=CARTESIAN_POINT('',(0.0362939325071261,0.00467547725892466,0.0052615316641588));
#11471=CARTESIAN_POINT('',(0.0373086779638421,0.00486304654488382,0.00543739264097715));
#11472=CARTESIAN_POINT('',(0.0363108983024474,0.00492964795107861,0.00543739264097715));
#11473=CARTESIAN_POINT('',(0.0373301034303376,0.00518402917763203,0.00557179046065947));
#11474=CARTESIAN_POINT('',(0.0363323237689429,0.00525063058382682,0.00557179046065947));
#11475=CARTESIAN_POINT('',(0.036281426382979,0.00448811850736497,0.00504420753020442));
#11476=CARTESIAN_POINT('',(0.0363001855691996,0.00476915663470451,0.00537019373113599));
#11477=CARTESIAN_POINT('',(0.0363323237689429,0.00525063058382682,0.00557179046065947));
#11478=CARTESIAN_POINT('',(0.036281426382979,0.00448811850736497,0.00504420753020442));
#11479=CARTESIAN_POINT('',(0.0372792060443737,0.00442151710117018,0.00504420753020442));
#11480=CARTESIAN_POINT('',(0.0372792060443737,0.00442151710117018,0.00504420753020442));
#11481=CARTESIAN_POINT('',(0.0372792060443737,0.00442151710117018,0.00504420753020442));
#11482=CARTESIAN_POINT('',(0.0372979652305943,0.00470255522850972,0.00537019373113599));
#11483=CARTESIAN_POINT('',(0.0373301034303376,0.00518402917763203,0.00557179046065947));
#11484=CARTESIAN_POINT('',(0.0373654723296344,0.005713903400714,0.00390400695947976));
#11485=CARTESIAN_POINT('',(0.0363676926682391,0.00578050480690883,0.00390400695947976));
#11486=CARTESIAN_POINT('',(0.0362561374175707,0.0041092554054599,0.00431648332984369));
#11487=CARTESIAN_POINT('',(0.037253923993909,0.0040427575945273,0.00431645763426506));
#11488=CARTESIAN_POINT('',(0.0372539170789654,0.00404265399926511,0.00431648332984369));
#11489=CARTESIAN_POINT('',(0.0373654723296338,0.00571390340071404,0.00390400695947976));
#11490=CARTESIAN_POINT('',(0.0374753217676633,0.007359597408453,0.00350345166208184));
#11491=CARTESIAN_POINT('',(0.0364775421062689,0.00742619881464777,0.00350345166208184));
#11492=CARTESIAN_POINT('',(0.03624962135002,0.00401163584987073,0.00350292189570044));
#11493=CARTESIAN_POINT('',(0.0372474011296648,0.00394503621522396,0.00350292189597529));
#11494=CARTESIAN_POINT('',(0.0372474010114147,0.00394503444367594,0.00350292189570044));
#11495=CARTESIAN_POINT('',(0.0374753217676636,0.00735959740845298,0.00350345166208184));
#11496=CARTESIAN_POINT('',(0.0373687539505706,0.00576306654629138,0.00373860979714388));
#11497=CARTESIAN_POINT('',(0.0373348646451144,0.00525535865157607,3.14548088618189E-5));
#11498=CARTESIAN_POINT('',(0.0373348639019447,0.00525534751788344,3.13764303955306E-5));
#11499=CARTESIAN_POINT('',(0.0373687539505718,0.0057630665462913,0.00373860979714388));
#11500=CARTESIAN_POINT('',(0.0373594662040569,0.00562392346957295,0.00269952838146171));
#11501=CARTESIAN_POINT('',(0.0372967749269001,0.00468472286002371,0.000174431212779178));
#11502=CARTESIAN_POINT('',(0.0372967734649777,0.00468470095843739,0.000174373380800917));
#11503=CARTESIAN_POINT('',(0.037359466204058,0.00562392346957288,0.00269952838146171));
#11504=CARTESIAN_POINT('',(0.0373666988397614,0.00573227819083018,0.00298252231313277));
#11505=CARTESIAN_POINT('',(0.0372536383210224,0.00403847782609065,0.000509710879965384));
#11506=CARTESIAN_POINT('',(0.0372536383210224,0.00403847782609065,0.000509710879965384));
#11507=CARTESIAN_POINT('',(0.0373666988397618,0.00573227819083015,0.00298252231313277));
#11508=CARTESIAN_POINT('',(0.0372134536683063,0.00343645706600291,0.00112164988873168));
#11509=CARTESIAN_POINT('',(0.0362156740069117,0.0035030584721977,0.00112164988873168));
#11510=CARTESIAN_POINT('',(0.0372253567052483,0.00361478075086303,0.00086286259764126));
#11511=CARTESIAN_POINT('',(0.0362275770438536,0.00368138215705782,0.00086286259764126));
#11512=CARTESIAN_POINT('',(0.037238751589487,0.00381545433755894,0.000658882928052495));
#11513=CARTESIAN_POINT('',(0.0362409719280923,0.00388205574375373,0.000658882928052495));
#11514=CARTESIAN_POINT('',(0.0372536383210224,0.00403847782609065,0.000509710879965384));
#11515=CARTESIAN_POINT('',(0.0362558586596277,0.00410507923228544,0.000509710879965384));
#11516=CARTESIAN_POINT('',(0.0372134536683063,0.00343645706600291,0.00112164988873168));
#11517=CARTESIAN_POINT('',(0.0372134536683063,0.00343645706600291,0.00112164988873168));
#11518=CARTESIAN_POINT('',(0.0372134536683063,0.00343645706600291,0.00112164988873168));
#11519=CARTESIAN_POINT('',(0.0372313082237193,0.00370394259329308,0.00073346895209605));
#11520=CARTESIAN_POINT('',(0.0372536383210224,0.00403847782609065,0.000509710879965384));
#11521=CARTESIAN_POINT('',(0.0371839817488381,0.00299492762228927,0.00208674061517385));
#11522=CARTESIAN_POINT('',(0.0361862020874434,0.00306152902848406,0.00208674061517385));
#11523=CARTESIAN_POINT('',(0.0371917266582083,0.00311095689990492,0.00170213408863616));
#11524=CARTESIAN_POINT('',(0.0361939469968136,0.00317755830609971,0.00170213408863616));
#11525=CARTESIAN_POINT('',(0.0372015506313644,0.0032581333811428,0.0013804371798221));
#11526=CARTESIAN_POINT('',(0.0362037709699697,0.00332473478733759,0.0013804371798221));
#11527=CARTESIAN_POINT('',(0.0372134536683063,0.00343645706600291,0.00112164988873168));
#11528=CARTESIAN_POINT('',(0.0362156740069117,0.0035030584721977,0.00112164988873168));
#11529=CARTESIAN_POINT('',(0.0371839817488381,0.00299492762228927,0.00208674061517385));
#11530=CARTESIAN_POINT('',(0.0371839817488381,0.00299492762228927,0.00208674061517385));
#11531=CARTESIAN_POINT('',(0.0371839817488381,0.00299492762228927,0.00208674061517385));
#11532=CARTESIAN_POINT('',(0.0371955991128934,0.00316897153871275,0.00150983082536731));
#11533=CARTESIAN_POINT('',(0.0372134536683063,0.00343645706600291,0.00112164988873168));
#11534=CARTESIAN_POINT('',(0.0371723643847827,0.0028208837058658,0.00347575637923099));
#11535=CARTESIAN_POINT('',(0.036174584723388,0.00288748511206059,0.00347575637923099));
#11536=CARTESIAN_POINT('',(0.0371723643847827,0.0028208837058658,0.00293435239639726));
#11537=CARTESIAN_POINT('',(0.036174584723388,0.00288748511206059,0.00293435239639726));
#11538=CARTESIAN_POINT('',(0.0371762368394678,0.00287889834467362,0.00247134714171155));
#11539=CARTESIAN_POINT('',(0.0361784571780731,0.00294549975086841,0.00247134714171155));
#11540=CARTESIAN_POINT('',(0.0371839817488381,0.00299492762228927,0.00208674061517385));
#11541=CARTESIAN_POINT('',(0.0361862020874433,0.00306152902848406,0.00208674061517385));
#11542=CARTESIAN_POINT('',(0.0371723643847827,0.0028208837058658,0.00347575637923099));
#11543=CARTESIAN_POINT('',(0.037172364285725,0.00282088222184694,0.00347575637824677));
#11544=CARTESIAN_POINT('',(0.0371723643847827,0.0028208837058658,0.00347575637923099));
#11545=CARTESIAN_POINT('',(0.0371723643847827,0.0028208837058658,0.0026636504049804));
#11546=CARTESIAN_POINT('',(0.0371839817488381,0.00299492762228927,0.00208674061517385));
#11547=CARTESIAN_POINT('',(0.0373917267857617,0.00610723086693339,0.00347793592331016));
#11548=CARTESIAN_POINT('',(0.0371860766833398,0.00302631259082465,0.00462457178470697));
#11549=CARTESIAN_POINT('',(0.037186079352396,0.0030263525769164,0.00462455672779091));
#11550=CARTESIAN_POINT('',(0.0373917267857615,0.0061072308669334,0.00347793592331016));
#11551=CARTESIAN_POINT('',(0.0373664453661177,0.00572848081085308,0.00362734828957805));
#11552=CARTESIAN_POINT('',(0.0372274516397501,0.0036461657193984,0.00562111732001096));
#11553=CARTESIAN_POINT('',(0.0372274516397501,0.0036461657193984,0.00562111732001096));
#11554=CARTESIAN_POINT('',(0.0373664453661182,0.00572848081085304,0.00362734828957805));
#11555=CARTESIAN_POINT('',(0.0372970605997867,0.00468900262846035,0.0063224165812256));
#11556=CARTESIAN_POINT('',(0.036299280938392,0.00475560403465514,0.0063224165812256));
#11557=CARTESIAN_POINT('',(0.037269096398331,0.00427006085149566,0.00614703219242031));
#11558=CARTESIAN_POINT('',(0.0362713167369364,0.00433666225769045,0.00614703219242031));
#11559=CARTESIAN_POINT('',(0.0372458934116522,0.00392244854847501,0.00591326577201543));
#11560=CARTESIAN_POINT('',(0.0362481137502575,0.0039890499546698,0.00591326577201543));
#11561=CARTESIAN_POINT('',(0.0372274516397501,0.0036461657193984,0.00562111732001096));
#11562=CARTESIAN_POINT('',(0.0362296719783554,0.00371276712559319,0.00562111732001096));
#11563=CARTESIAN_POINT('',(0.0372970605997867,0.00468900262846035,0.0063224165812256));
#11564=CARTESIAN_POINT('',(0.0372970605997867,0.00468900262846035,0.0063224165812256));
#11565=CARTESIAN_POINT('',(0.0372970605997867,0.00468900262846035,0.0063224165812256));
#11566=CARTESIAN_POINT('',(0.0372551142976032,0.00406058996301331,0.00605933999801766));
#11567=CARTESIAN_POINT('',(0.0372274516397501,0.0036461657193984,0.00562111732001096));
#11568=CARTESIAN_POINT('',(0.0373943322176764,0.0061462637811372,0.00658549316443354));
#11569=CARTESIAN_POINT('',(0.0363965525562817,0.00621286518733199,0.00658549316443354));
#11570=CARTESIAN_POINT('',(0.0373574486738723,0.00559369812298399,0.00658549316443354));
#11571=CARTESIAN_POINT('',(0.0363596690124776,0.00566029952917878,0.00658549316443354));
#11572=CARTESIAN_POINT('',(0.0373250248012424,0.00510794440542504,0.00649780097003089));
#11573=CARTESIAN_POINT('',(0.0363272451398477,0.00517454581161983,0.00649780097003089));
#11574=CARTESIAN_POINT('',(0.0372970605997867,0.00468900262846035,0.0063224165812256));
#11575=CARTESIAN_POINT('',(0.036299280938392,0.00475560403465514,0.0063224165812256));
#11576=CARTESIAN_POINT('',(0.0373943322176764,0.0061462637811372,0.00658549316443354));
#11577=CARTESIAN_POINT('',(0.0373943322176764,0.0061462637811372,0.00658549316443354));
#11578=CARTESIAN_POINT('',(0.0373943322176764,0.0061462637811372,0.00658549316443354));
#11579=CARTESIAN_POINT('',(0.0373390069019702,0.00531741529390739,0.00658549316443354));
#11580=CARTESIAN_POINT('',(0.0372970605997867,0.00468900262846035,0.0063224165812256));
#11581=CARTESIAN_POINT('',(0.0374604178787782,0.00713631687948055,0.00658549316443354));
#11582=CARTESIAN_POINT('',(0.0375265035398799,0.0081263699778239,0.00658549316443354));
#11583=CARTESIAN_POINT('',(0.0375265035398799,0.0081263699778239,0.00658549316443354));
#11584=CARTESIAN_POINT('',(0.0374604178787782,0.00713631687948055,0.00658549316443354));
#11585=CARTESIAN_POINT('',(0.0375265035398799,0.0081263699778239,0.00329274658221677));
#11586=CARTESIAN_POINT('',(0.0375265035398799,0.0081263699778239,0.00329274658221677));
#11587=CARTESIAN_POINT('',(0.0372795393294081,0.00442651016434626,0.0014833801906426));
#11588=CARTESIAN_POINT('',(0.0362817596680134,0.00449311157054105,0.0014833801906426));
#11589=CARTESIAN_POINT('',(0.0372581138629126,0.00410552753159806,0.00194805350337401));
#11590=CARTESIAN_POINT('',(0.0362603342015179,0.00417212893779285,0.00194805350337401));
#11591=CARTESIAN_POINT('',(0.0372474011296648,0.00394503621522396,0.00262123407181824));
#11592=CARTESIAN_POINT('',(0.0362496214682701,0.00401163762141875,0.00262123407181824));
#11593=CARTESIAN_POINT('',(0.0372474011296648,0.00394503621522396,0.00350292189597529));
#11594=CARTESIAN_POINT('',(0.0362496214682701,0.00401163762141875,0.00350292189597529));
#11595=CARTESIAN_POINT('',(0.0362817596680134,0.00449311157054105,0.0014833801906426));
#11596=CARTESIAN_POINT('',(0.0362496214682702,0.00401163762141875,0.00218039015973972));
#11597=CARTESIAN_POINT('',(0.0362496214682702,0.00401163762141875,0.00350292189597529));
#11598=CARTESIAN_POINT('',(0.0372795393294081,0.00442651016434626,0.0014833801906426));
#11599=CARTESIAN_POINT('',(0.0372474011296648,0.00394503621522396,0.00218039015973972));
#11600=CARTESIAN_POINT('',(0.0372474011296648,0.00394503621522396,0.00350292189597529));
#11601=CARTESIAN_POINT('',(0.0388585252692661,0.0280818674072652,0.01625));
#11602=CARTESIAN_POINT('',(0.0386968577441615,0.0256598679680097,0.00316406781869115));
#11603=CARTESIAN_POINT('',(0.0376990780827668,0.0257264693742045,0.00316406781869115));
#11604=CARTESIAN_POINT('',(0.0377315019553967,0.0262122230917635,0.00316406781869115));
#11605=CARTESIAN_POINT('',(0.0376666541876804,0.0252407153202161,0.00316399405929744));
#11606=CARTESIAN_POINT('',(0.0387292816167914,0.0261456216855686,0.00316406781869115));
#11607=CARTESIAN_POINT('',(0.0387292816167914,0.0261456216855686,0.00316406781869115));
#11608=CARTESIAN_POINT('',(0.0386968577441615,0.0256598679680097,0.00316406781869115));
#11609=CARTESIAN_POINT('',(0.0386644335996302,0.0251741139306716,0.00316399405929744));
#11610=CARTESIAN_POINT('',(0.0386644338715316,0.0251741142504508,0.00316406781869115));
#11611=CARTESIAN_POINT('',(0.0387292816167914,0.0261456216855686,0.00446872750443705));
#11612=CARTESIAN_POINT('',(0.0377315019553967,0.0262122230917635,0.00446872750443705));
#11613=CARTESIAN_POINT('',(0.0377315019553967,0.0262122230917635,0.00577338719018295));
#11614=CARTESIAN_POINT('',(0.0387292816167914,0.0261456216855686,0.00577338719018295));
#11615=CARTESIAN_POINT('',(0.0387292816167914,0.0261456216855686,0.00577338719018295));
#11616=CARTESIAN_POINT('',(0.0387292816167914,0.0261456216855686,0.00446872750443705));
#11617=CARTESIAN_POINT('',(0.0387025235897459,0.0257447500420031,0.00577338719018295));
#11618=CARTESIAN_POINT('',(0.0377047439283512,0.0258113514481979,0.00577338719018295));
#11619=CARTESIAN_POINT('',(0.0376779859013057,0.0254104798046324,0.00577338719018295));
#11620=CARTESIAN_POINT('',(0.0386757655627004,0.0253438783984376,0.00577338719018295));
#11621=CARTESIAN_POINT('',(0.0386757655627004,0.0253438783984376,0.00577338719018295));
#11622=CARTESIAN_POINT('',(0.0387025235897459,0.0257447500420031,0.00577338719018295));
#11623=CARTESIAN_POINT('',(0.0386316767138674,0.0246833674697157,0.00564327866261815));
#11624=CARTESIAN_POINT('',(0.0376338970524727,0.0247499688759105,0.00564327866261815));
#11625=CARTESIAN_POINT('',(0.0386427862150132,0.0248498029089185,0.00573001768099468));
#11626=CARTESIAN_POINT('',(0.0376450065536185,0.0249164043151133,0.00573001768099468));
#11627=CARTESIAN_POINT('',(0.0386574824979575,0.0250699732184925,0.00577338719018295));
#11628=CARTESIAN_POINT('',(0.0376597028365628,0.0251365746246873,0.00577338719018295));
#11629=CARTESIAN_POINT('',(0.0386757655627004,0.0253438783984376,0.00577338719018295));
#11630=CARTESIAN_POINT('',(0.0376779859013057,0.0254104798046324,0.00577338719018295));
#11631=CARTESIAN_POINT('',(0.0376338970524727,0.0247499688759105,0.00564327866261815));
#11632=CARTESIAN_POINT('',(0.0376505613041914,0.0249996220347147,0.00577338719018295));
#11633=CARTESIAN_POINT('',(0.0376779859013057,0.0254104798046324,0.00577338719018295));
#11634=CARTESIAN_POINT('',(0.0376338970524727,0.0247499688759105,0.00564327866261815));
#11635=CARTESIAN_POINT('',(0.0386316767138674,0.0246833674697157,0.00564327866261815));
#11636=CARTESIAN_POINT('',(0.0386316767138674,0.0246833674697157,0.00564327866261815));
#11637=CARTESIAN_POINT('',(0.0386316767138674,0.0246833674697157,0.00564327866261815));
#11638=CARTESIAN_POINT('',(0.0386483409655861,0.0249330206285199,0.00577338719018295));
#11639=CARTESIAN_POINT('',(0.0386757655627004,0.0253438783984376,0.00577338719018295));
#11640=CARTESIAN_POINT('',(0.0386633480837304,0.0251578476722135,0.00466813899533708));
#11641=CARTESIAN_POINT('',(0.0376655684223358,0.0252244490784083,0.00466813899533708));
#11642=CARTESIAN_POINT('',(0.037608030824652,0.0243624575978306,0.00532173016315026));
#11643=CARTESIAN_POINT('',(0.0386058233176294,0.0242960484261995,0.00532158175380409));
#11644=CARTESIAN_POINT('',(0.0386058104860467,0.0242958561916358,0.00532173016315026));
#11645=CARTESIAN_POINT('',(0.0386633480837305,0.0251578476722135,0.00466813899533708));
#11646=CARTESIAN_POINT('',(0.0386629729343081,0.0251522274235611,0.00468613335539558));
#11647=CARTESIAN_POINT('',(0.0376651932729136,0.0252188288297558,0.00468613335539558));
#11648=CARTESIAN_POINT('',(0.0375958582448611,0.02418009579444,0.00491980516471989));
#11649=CARTESIAN_POINT('',(0.0385936346078008,0.0241134449729028,0.00491981805879631));
#11650=CARTESIAN_POINT('',(0.0385936379062558,0.0241134943882452,0.00491980516471989));
#11651=CARTESIAN_POINT('',(0.0386629729343083,0.025152227423561,0.00468613335539558));
#11652=CARTESIAN_POINT('',(0.0387114791332546,0.0258789162658244,0.00451225658510441));
#11653=CARTESIAN_POINT('',(0.0377136994718606,0.0259455176720191,0.00451225658510441));
#11654=CARTESIAN_POINT('',(0.0375928553810967,0.0241351088105129,0.00454807940861118));
#11655=CARTESIAN_POINT('',(0.0385906350424914,0.0240685074043181,0.00454807940861118));
#11656=CARTESIAN_POINT('',(0.0385906350424914,0.0240685074043181,0.00454807940861118));
#11657=CARTESIAN_POINT('',(0.0387114791332552,0.0258789162658243,0.00451225658510441));
#11658=CARTESIAN_POINT('',(0.0385972055188834,0.0241669420783608,0.00387394566414083));
#11659=CARTESIAN_POINT('',(0.0375994258574887,0.0242335434845556,0.00387394566414083));
#11660=CARTESIAN_POINT('',(0.0385928252012888,0.0241013189623323,0.00405552569711588));
#11661=CARTESIAN_POINT('',(0.0375950455398941,0.0241679203685271,0.00405552569711588));
#11662=CARTESIAN_POINT('',(0.0385906350424914,0.0240685074043181,0.00428023694527266));
#11663=CARTESIAN_POINT('',(0.0375928553810968,0.0241351088105128,0.00428023694527266));
#11664=CARTESIAN_POINT('',(0.0385906350424914,0.0240685074043181,0.00454807940861118));
#11665=CARTESIAN_POINT('',(0.0375928553810968,0.0241351088105128,0.00454807940861118));
#11666=CARTESIAN_POINT('',(0.0375994258574888,0.0242335434845556,0.00387394566414083));
#11667=CARTESIAN_POINT('',(0.0375928553810967,0.0241351088105129,0.0041463157136034));
#11668=CARTESIAN_POINT('',(0.0375928553810967,0.0241351088105129,0.00454807940861118));
#11669=CARTESIAN_POINT('',(0.0375994258574888,0.0242335434845556,0.00387394566414083));
#11670=CARTESIAN_POINT('',(0.0385972055188834,0.0241669420783608,0.00387394566414083));
#11671=CARTESIAN_POINT('',(0.0385972055188834,0.0241669420783608,0.00387394566414083));
#11672=CARTESIAN_POINT('',(0.0385972055188834,0.0241669420783608,0.00387394566414083));
#11673=CARTESIAN_POINT('',(0.0385906350424914,0.0240685074043181,0.0041463157136034));
#11674=CARTESIAN_POINT('',(0.0385906350424914,0.0240685074043181,0.00454807940861118));
#11675=CARTESIAN_POINT('',(0.0386144887285231,0.0244258680687777,0.00344930574450628));
#11676=CARTESIAN_POINT('',(0.0376167090671284,0.0244924694749725,0.00344930574450628));
#11677=CARTESIAN_POINT('',(0.0386073469063579,0.0243188738578616,0.0035508189912876));
#11678=CARTESIAN_POINT('',(0.0376095672449632,0.0243854752640564,0.0035508189912876));
#11679=CARTESIAN_POINT('',(0.038601585836478,0.0242325651943893,0.00369236563116579));
#11680=CARTESIAN_POINT('',(0.0376038061750833,0.0242991666005841,0.00369236563116579));
#11681=CARTESIAN_POINT('',(0.0385972055188834,0.0241669420783608,0.00387394566414083));
#11682=CARTESIAN_POINT('',(0.0375994258574887,0.0242335434845556,0.00387394566414083));
#11683=CARTESIAN_POINT('',(0.0376167090671284,0.0244924694749725,0.00344930574450628));
#11684=CARTESIAN_POINT('',(0.0376059963338807,0.0243319781585984,0.00360157561467826));
#11685=CARTESIAN_POINT('',(0.0375994258574888,0.0242335434845556,0.00387394566414083));
#11686=CARTESIAN_POINT('',(0.0376167090671284,0.0244924694749725,0.00344930574450628));
#11687=CARTESIAN_POINT('',(0.0386144887285231,0.0244258680687777,0.00344930574450628));
#11688=CARTESIAN_POINT('',(0.0386144887285231,0.0244258680687777,0.00344930574450628));
#11689=CARTESIAN_POINT('',(0.0386144887285231,0.0244258680687777,0.00344930574450628));
#11690=CARTESIAN_POINT('',(0.0386037759952753,0.0242653767524036,0.00360157561467826));
#11691=CARTESIAN_POINT('',(0.0385972055188834,0.0241669420783608,0.00387394566414083));
#11692=CARTESIAN_POINT('',(0.0386592885053874,0.0250970296664676,0.00414469016411793));
#11693=CARTESIAN_POINT('',(0.0376615088439926,0.0251636310726624,0.00414469016411793));
#11694=CARTESIAN_POINT('',(0.0376405146882057,0.024849110061033,0.00323053185919271));
#11695=CARTESIAN_POINT('',(0.038638294802407,0.024782515438498,0.00323055184651272));
#11696=CARTESIAN_POINT('',(0.0386382943496004,0.0247825086548382,0.00323053185919271));
#11697=CARTESIAN_POINT('',(0.0386592885053873,0.0250970296664676,0.00414469016411793));
#11698=CARTESIAN_POINT('',(0.0386201069619597,0.0245100368480317,0.00119313809069036));
#11699=CARTESIAN_POINT('',(0.0386201069619597,0.0245100368480317,0.00119313809069036));
#11700=CARTESIAN_POINT('',(0.0386614844297866,0.0251299276010429,0.00238634860424276));
#11701=CARTESIAN_POINT('',(0.0386614844297751,0.0251299276008694,0.00238634860453493));
#11702=CARTESIAN_POINT('',(0.0385531166700504,0.0235064311496389,0.00129608110151086));
#11703=CARTESIAN_POINT('',(0.0386031295392497,0.0242556919617776,0.00259268366720266));
#11704=CARTESIAN_POINT('',(0.0386031094252066,0.0242553906260514,0.00259216220302171));
#11705=CARTESIAN_POINT('',(0.0385531166700504,0.0235064311496389,0.00129608110151086));
#11706=CARTESIAN_POINT('',(0.0386536555274767,0.0250126399949404,0.00441721327076601));
#11707=CARTESIAN_POINT('',(0.0385436418526445,0.0233644854964903,0.00333277997531363));
#11708=CARTESIAN_POINT('',(0.0385436418526445,0.0233644854964903,0.00333277997531363));
#11709=CARTESIAN_POINT('',(0.0386536555274769,0.0250126399949404,0.00441721327076601));
#11710=CARTESIAN_POINT('',(0.0385215974282281,0.0230342300321294,0.00454807940861118));
#11711=CARTESIAN_POINT('',(0.0375238177668334,0.0231008314383242,0.00454807940861118));
#11712=CARTESIAN_POINT('',(0.0385215974282281,0.0230342300321294,0.00407149139555332));
#11713=CARTESIAN_POINT('',(0.0375238177668334,0.0231008314383242,0.00407149139555332));
#11714=CARTESIAN_POINT('',(0.0385289455697002,0.0231443151869164,0.00366639158445414));
#11715=CARTESIAN_POINT('',(0.0375311659083056,0.0232109165931112,0.00366639158445414));
#11716=CARTESIAN_POINT('',(0.0385436418526445,0.0233644854964903,0.00333277997531363));
#11717=CARTESIAN_POINT('',(0.0375458621912499,0.0234310869026851,0.00333277997531363));
#11718=CARTESIAN_POINT('',(0.0385215974282281,0.0230342300321294,0.00454807940861118));
#11719=CARTESIAN_POINT('',(0.0385215974282281,0.0230342300321294,0.00454807940861118));
#11720=CARTESIAN_POINT('',(0.0385215974282281,0.0230342300321294,0.00454807940861118));
#11721=CARTESIAN_POINT('',(0.0385215974282281,0.0230342300321294,0.00383319738902439));
#11722=CARTESIAN_POINT('',(0.0385436418526445,0.0233644854964903,0.00333277997531363));
#11723=CARTESIAN_POINT('',(0.0385349764417508,0.0232346658539121,0.0054023634220174));
#11724=CARTESIAN_POINT('',(0.0375371967803561,0.0233012672601069,0.0054023634220174));
#11725=CARTESIAN_POINT('',(0.0385260570994023,0.0231010419727237,0.00514929518708367));
#11726=CARTESIAN_POINT('',(0.0375282774380076,0.0231676433789184,0.00514929518708367));
#11727=CARTESIAN_POINT('',(0.0385215974282281,0.0230342300321294,0.0048645338492816));
#11728=CARTESIAN_POINT('',(0.0375238177668334,0.0231008314383242,0.0048645338492816));
#11729=CARTESIAN_POINT('',(0.0385215974282281,0.0230342300321294,0.00454807940861118));
#11730=CARTESIAN_POINT('',(0.0375238177668334,0.0231008314383242,0.00454807940861118));
#11731=CARTESIAN_POINT('',(0.0385349764417508,0.0232346658539121,0.0054023634220174));
#11732=CARTESIAN_POINT('',(0.0385349764417508,0.0232346658539121,0.0054023634220174));
#11733=CARTESIAN_POINT('',(0.0385349764417508,0.0232346658539121,0.0054023634220174));
#11734=CARTESIAN_POINT('',(0.0385215974282281,0.0230342300321294,0.00502276106961681));
#11735=CARTESIAN_POINT('',(0.0385215974282281,0.0230342300321294,0.00454807940861118));
#11736=CARTESIAN_POINT('',(0.038658679608199,0.0250879075583228,0.00442889368657831));
#11737=CARTESIAN_POINT('',(0.0385701142068035,0.0237610773716192,0.00605004653176304));
#11738=CARTESIAN_POINT('',(0.0385701121093626,0.0237610459491015,0.00605008494819914));
#11739=CARTESIAN_POINT('',(0.0386586796081995,0.0250879075583228,0.00442889368657831));
#11740=CARTESIAN_POINT('',(0.0386649325617061,0.025181585307622,0.00431228072595178));
#11741=CARTESIAN_POINT('',(0.0386192656504145,0.0244974328566639,0.00645166373367418));
#11742=CARTESIAN_POINT('',(0.0386192656504145,0.0244974328566639,0.00645166373367418));
#11743=CARTESIAN_POINT('',(0.038664932561706,0.025181585307622,0.00431228072595178));
#11744=CARTESIAN_POINT('',(0.03867486807668,0.0253304328370329,0.00391762789307324));
#11745=CARTESIAN_POINT('',(0.0386745276468584,0.0253253327352122,0.00658549316443354));
#11746=CARTESIAN_POINT('',(0.0386745273880032,0.0253253326108832,0.0065855669107407));
#11747=CARTESIAN_POINT('',(0.0386748680766809,0.0253304328370328,0.00391762789307324));
#11748=CARTESIAN_POINT('',(0.0387376137426508,0.0262704482649708,0.00658549316443354));
#11749=CARTESIAN_POINT('',(0.0388006998384432,0.0272155637947293,0.00658549316443354));
#11750=CARTESIAN_POINT('',(0.0388006998384432,0.0272155637947293,0.00658549316443354));
#11751=CARTESIAN_POINT('',(0.0387376137426508,0.0262704482649708,0.00658549316443354));
#11752=CARTESIAN_POINT('',(0.0388006998384432,0.0272155637947293,0.00329274658221677));
#11753=CARTESIAN_POINT('',(0.0388006998384432,0.0272155637947293,0.00329274658221677));
#11754=CARTESIAN_POINT('',(0.0387292816167914,0.0261456216855686,0.00118884879857284));
#11755=CARTESIAN_POINT('',(0.0387292816167914,0.0261456216855686,0.00237769759714568));
#11756=CARTESIAN_POINT('',(0.0387292816167914,0.0261456216855686,0.00237769759714568));
#11757=CARTESIAN_POINT('',(0.0387292816167914,0.0261456216855686,0.00118884879857284));
#11758=CARTESIAN_POINT('',(0.0387095820906525,0.0258504959871252,0.00237769759714568));
#11759=CARTESIAN_POINT('',(0.038675432277666,0.0253388853352615,0.00237769759714568));
#11760=CARTESIAN_POINT('',(0.0386754322148797,0.0253388843946368,0.002377772342184));
#11761=CARTESIAN_POINT('',(0.0387095820906525,0.0258504959871252,0.00237769759714568));
#11762=CARTESIAN_POINT('',(0.0386740235629961,0.0253177808731704,0.00405472543646519));
#11763=CARTESIAN_POINT('',(0.0386662431331468,0.0252012194505495,0.00238198688926319));
#11764=CARTESIAN_POINT('',(0.0386662427082192,0.0252012130845568,0.00238188756169197));
#11765=CARTESIAN_POINT('',(0.0386740235629902,0.0253177808731708,0.00405472543646519));
#11766=CARTESIAN_POINT('',(0.0386605875477636,0.0251164910883271,0.00158936190501459));
#11767=CARTESIAN_POINT('',(0.0386605875477636,0.0251164910883271,0.00158936190501459));
#11768=CARTESIAN_POINT('',(0.0386648048676348,0.0251796722767303,0.00438261938856231));
#11769=CARTESIAN_POINT('',(0.0376670252062398,0.0252462736829251,0.00438261938856231));
#11770=CARTESIAN_POINT('',(0.0386648048676345,0.0251796722767303,0.00438261938856231));
#11771=CARTESIAN_POINT('',(0.0388585252692661,0.0280818674072652,0.01625));
#11772=CARTESIAN_POINT('',(0.0378607456078714,0.0281484688134599,0.0025));
#11773=CARTESIAN_POINT('',(0.0378607456078714,0.0281484688134599,0.0025));
#11774=CARTESIAN_POINT('',(0.0378607456078714,0.0281484688134599,0.0025));
#11775=CARTESIAN_POINT('',(0.0378607456078714,0.0281484688134599,0.0025));
#11776=MECHANICAL_DESIGN_GEOMETRIC_PRESENTATION_REPRESENTATION('',(#5115),
#11777);
#11777=(
GEOMETRIC_REPRESENTATION_CONTEXT(3)
GLOBAL_UNCERTAINTY_ASSIGNED_CONTEXT((#11778))
GLOBAL_UNIT_ASSIGNED_CONTEXT((#11781,#11780,#11779))
REPRESENTATION_CONTEXT('Part 22','TOP_LEVEL_ASSEMBLY_PART')
);
#11778=UNCERTAINTY_MEASURE_WITH_UNIT(LENGTH_MEASURE(4.2E-5),#11781,
'DISTANCE_ACCURACY_VALUE','Maximum Tolerance applied to model');
#11779=(
NAMED_UNIT(*)
SI_UNIT($,.STERADIAN.)
SOLID_ANGLE_UNIT()
);
#11780=(
NAMED_UNIT(*)
PLANE_ANGLE_UNIT()
SI_UNIT($,.RADIAN.)
);
#11781=(
LENGTH_UNIT()
NAMED_UNIT(*)
SI_UNIT($,.METRE.)
);
#11782=PRODUCT_DEFINITION_SHAPE('','',#11783);
#11783=PRODUCT_DEFINITION('','',#11785,#11784);
#11784=PRODUCT_DEFINITION_CONTEXT('',#11791,'design');
#11785=PRODUCT_DEFINITION_FORMATION_WITH_SPECIFIED_SOURCE('','',#11787,
 .NOT_KNOWN.);
#11786=PRODUCT_RELATED_PRODUCT_CATEGORY('','',(#11787));
#11787=PRODUCT('Part 22','Part 22','Part 22',(#11789));
#11788=PRODUCT_CATEGORY('','');
#11789=PRODUCT_CONTEXT('',#11791,'mechanical');
#11790=APPLICATION_PROTOCOL_DEFINITION('international standard',
'ap242_managed_model_based_3d_engineering',2020,#11791);
#11791=APPLICATION_CONTEXT('managed model based 3d engineering');
ENDSEC;
END-ISO-10303-21;
